[I][13:55:47.986027] pw.conf      | [          conf.c:  415 conf_load()] 0x5ffd079a88e0: loaded config '/home/jacob/.config/pipewire/pipewire-aes67.conf' with 4 items
[I][13:55:47.986112] pw.conf      | [          conf.c: 1111 pw_conf_section_for_each()] handle config '/home/jacob/.config/pipewire/pipewire-aes67.conf' section 'context.properties'
[I][13:55:47.986117] pw.context   | [       context.c:  473 pw_context_new()] 0x5ffd079a70b0: parsed 0 context.properties items
[I][13:55:47.986188] pw.context   | [       context.c:  272 setup_data_loops()] created data loop 'data-loop.0'
[I][13:55:47.986190] pw.context   | [       context.c:  275 setup_data_loops()] created 1 data-loops
[I][13:55:47.987075] pw.conf      | [          conf.c: 1111 pw_conf_section_for_each()] handle config '/home/jacob/.config/pipewire/pipewire-aes67.conf' section 'context.spa-libs'
[I][13:55:47.987106] pw.context   | [       context.c:  567 pw_context_new()] 0x5ffd079a70b0: parsed 1 context.spa-libs items
[I][13:55:47.987109] pw.conf      | [          conf.c: 1111 pw_conf_section_for_each()] handle config '/home/jacob/.config/pipewire/pipewire-aes67.conf' section 'context.modules'
[I][13:55:47.987117] pw.module    | [   impl-module.c:  157 pw_context_load_module()] 0x5ffd079a70b0: name:libpipewire-module-rt args:{
            nice.level   = -11
            rlimits.enabled = true
            rtkit.enabled = false
            #rt.prio      = 83
            #rt.time.soft = -1
            #rt.time.hard = -1
        }
[I][13:55:47.987236] mod.rt       | [     module-rt.c:  627 set_nice()] main thread nice level set to -11
[I][13:55:47.987246] pw.conf      | [          conf.c:  610 load_module()] 0x5ffd079a70b0: loaded module libpipewire-module-rt
[I][13:55:47.987248] pw.module    | [   impl-module.c:  157 pw_context_load_module()] 0x5ffd079a70b0: name:libpipewire-module-protocol-native args:(null)
[I][13:55:47.987662] pw.conf      | [          conf.c:  610 load_module()] 0x5ffd079a70b0: loaded module libpipewire-module-protocol-native
[I][13:55:47.987667] pw.module    | [   impl-module.c:  157 pw_context_load_module()] 0x5ffd079a70b0: name:libpipewire-module-client-node args:(null)
[I][13:55:47.987788] pw.conf      | [          conf.c:  610 load_module()] 0x5ffd079a70b0: loaded module libpipewire-module-client-node
[I][13:55:47.987790] pw.module    | [   impl-module.c:  157 pw_context_load_module()] 0x5ffd079a70b0: name:libpipewire-module-spa-node-factory args:(null)
[I][13:55:47.987866] pw.conf      | [          conf.c:  610 load_module()] 0x5ffd079a70b0: loaded module libpipewire-module-spa-node-factory
[I][13:55:47.987869] pw.module    | [   impl-module.c:  157 pw_context_load_module()] 0x5ffd079a70b0: name:libpipewire-module-adapter args:(null)
[I][13:55:47.987947] pw.conf      | [          conf.c:  610 load_module()] 0x5ffd079a70b0: loaded module libpipewire-module-adapter
[I][13:55:47.987954] pw.module    | [   impl-module.c:  157 pw_context_load_module()] 0x5ffd079a70b0: name:libpipewire-module-rtp-sap args:{
            ### Please select the interface here
            local.ifname = enx6c6e0709c56d
            sap.ip = 239.255.255.255
            sap.port = 9875
            net.ttl = 32
            net.loop = false
            # If you use another PTPv2 daemon supporting management
            # messages over a UNIX socket, specify its path here
            ptp.management-socket = "/var/run/ptp4lro"

            stream.rules = [
                {
                    matches = [
                        {
                            rtp.session = "~.*"
                        }
                    ]
                    actions = {
                        create-stream = {
                            node.virtual = false
                            media.class = "Audio/Source"
                            device.api = aes67
                            # ... (truncated)
[I][13:55:47.988063] mod.rtp-sap  | [module-rtp-sap.c: 2114 pipewire__module_init()] using IGMP deadline of 45 second(s)
[I][13:55:47.988131] mod.protocol-native | [  local-socket.c:   72 try_connect()] connecting to 'pipewire-0' runtime_dir:/run/user/1000
[I][13:55:47.988179] mod.rtp-sap  | [module-rtp-sap.c: 1803 start_sap()] starting SAP send timer
[I][13:55:47.988202] mod.rtp-sap  | [module-rtp-sap.c:  519 make_recv_socket()] join IPv4 group: 239.255.255.255 iface:3
[I][13:55:47.988229] mod.rtp-sap  | [module-rtp-sap.c:  576 make_recv_socket()] receiver socket up and running
[I][13:55:47.988231] mod.rtp-sap  | [module-rtp-sap.c: 1859 start_sap()] starting SAP listener on 239.255.255.255
[I][13:55:47.988236] mod.rtp-sap  | [module-rtp-sap.c: 2182 pipewire__module_init()] Successfully loaded module-rtp-sap
[I][13:55:47.988238] pw.conf      | [          conf.c:  610 load_module()] 0x5ffd079a70b0: loaded module libpipewire-module-rtp-sap
[I][13:55:47.988247] pw.module    | [   impl-module.c:  157 pw_context_load_module()] 0x5ffd079a70b0: name:libpipewire-module-rtp-sink args:{
            ### Please select the interface here
            local.ifname = enx6c6e0709c56d
            ### If you want to create multiple output streams, please copy the whole
            ### module-rtp-sink block, but change this multicast IP to another unused
            ### one keeping 239.69.x.x range unless you know you need another one
            destination.ip = 239.69.150.244
            destination.port = 5004
            net.mtu = 1280
            net.ttl = 32
            net.loop = false
            # These should typically be equal
            # You can customize packet length, but 1 ms should work for every device
            # Consult receiver documentation to ensure it supports the value you set
            sess.min-ptime = 1
            sess.max-ptime = 1
            ### Please change this, especially if you create multiple sin... (truncated)
[I][13:55:47.988436] mod.protocol-native | [  local-socket.c:   72 try_connect()] connecting to 'pipewire-0' runtime_dir:/run/user/1000
[I][13:55:47.988467] pw.context   | [       context.c:  806 pw_context_acquire_loop()] 0x5ffd079a70b0: looking for name:'(null)' class:'(null)'
[I][13:55:47.988471] pw.context   | [       context.c:  287 data_loop_start()] starting data loop data-loop.0
[I][13:55:47.988562] mod.rt       | [     module-rt.c:  682 acquire_rt_sched()] acquired realtime priority 83 for thread 0x7a21849c26c0
[I][13:55:47.988584] spa.loop     | [          loop.c:  264 loop_create_queue()] 0x5ffd079adc58 created queue 0x5ffd079ed020 idx:0 0x7a2185ca7740
[I][13:55:47.988588] pw.context   | [       context.c:  782 acquire_data_loop()] 0x5ffd079a70b0: using name:'data-loop.0' class:'data.rt' last_used:583202337389
[I][13:55:47.988635] mod.rtp-sink | [         audio.c:  740 setup_ptp_sender()] AES67 driver group not specified, no separate sender configured
[I][13:55:47.988671] pw.context   | [       context.c:  806 pw_context_acquire_loop()] 0x5ffd079a70b0: looking for name:'(null)' class:'(null)'
[I][13:55:47.988674] pw.context   | [       context.c:  782 acquire_data_loop()] 0x5ffd079a70b0: using name:'data-loop.0' class:'data.rt' last_used:583202540189
[I][13:55:47.988676] pw.context   | [       context.c:  828 pw_context_release_loop()] release name:'data-loop.0' class:'data.rt' last_used:583202540189
[I][13:55:47.988680] pw.context   | [       context.c:  806 pw_context_acquire_loop()] 0x5ffd079a70b0: looking for name:'data-loop.0' class:'(null)'
[I][13:55:47.988682] pw.context   | [       context.c:  782 acquire_data_loop()] 0x5ffd079a70b0: using name:'data-loop.0' class:'data.rt' last_used:583202548414
[I][13:55:47.988911] spa.audioadapter | [  audioadapter.c: 2192 impl_init()] 0x5ffd079fc128: loaded converter audio.convert, hnd 0x7a2184096010, convert 0x7a2184096028
[I][13:55:47.988919] spa.audioadapter | [  audioadapter.c: 1253 follower_convert_port_info()] new EnumFormat from converter
[I][13:55:47.988926] pw.stream    | [        stream.c:  903 parse_latency()] stream 0x5ffd079f6c20: set output/input latency 0,000000-0,000000 0-0 0-0
[I][13:55:47.988936] pw.context   | [       context.c:  806 pw_context_acquire_loop()] 0x5ffd079a70b0: looking for name:'data-loop.0' class:'(null)'
[I][13:55:47.988939] pw.context   | [       context.c:  782 acquire_data_loop()] 0x5ffd079a70b0: using name:'data-loop.0' class:'data.rt' last_used:583202805051
[I][13:55:47.988973] pw.node      | [     impl-node.c: 1190 check_properties()] 0x5ffd07a0d990: group '(null)'->'pipewire.ptp0'
[I][13:55:47.988978] pw.node      | [     impl-node.c: 1217 check_properties()] 0x5ffd07a0d990: sync group '(null)'->'group.sync.0'
[I][13:55:47.988986] pw.node      | [     impl-node.c: 1273 check_properties()] (rtp-sink-0) latency:0/0 -> 96/48000
[I][13:55:47.988989] pw.node      | [     impl-node.c: 1304 check_properties()] (rtp-sink-0) rate:0/0 -> 1/48000
[I][13:55:47.989008] pw.node      | [     impl-node.c:  503 node_update_state()] (rtp-sink-0) creating -> suspended
[I][13:55:47.989061] mod.rtp-sink | [module-rtp-sink.:  680 pipewire__module_init()] Successfully loaded module-rtp-sink
[I][13:55:47.989063] pw.conf      | [          conf.c:  610 load_module()] 0x5ffd079a70b0: loaded module libpipewire-module-rtp-sink
[I][13:55:47.989065] pw.context   | [       context.c:  571 pw_context_new()] 0x5ffd079a70b0: parsed 7 context.modules items
[I][13:55:47.989067] pw.conf      | [          conf.c: 1111 pw_conf_section_for_each()] handle config '/home/jacob/.config/pipewire/pipewire-aes67.conf' section 'context.objects'
[I][13:55:47.989079] pw.context   | [       context.c:  806 pw_context_acquire_loop()] 0x5ffd079a70b0: looking for name:'(null)' class:'(null)'
[I][13:55:47.989081] pw.context   | [       context.c:  782 acquire_data_loop()] 0x5ffd079a70b0: using name:'data-loop.0' class:'data.rt' last_used:583202947517
[I][13:55:47.989083] pw.context   | [       context.c:  828 pw_context_release_loop()] release name:'data-loop.0' class:'data.rt' last_used:583202947517
[I][13:55:47.989095] pw.context   | [       context.c:  806 pw_context_acquire_loop()] 0x5ffd079a70b0: looking for name:'data-loop.0' class:'(null)'
[I][13:55:47.989097] pw.context   | [       context.c:  782 acquire_data_loop()] 0x5ffd079a70b0: using name:'data-loop.0' class:'data.rt' last_used:583202963637
[I][13:55:47.989159] pw.context   | [       context.c:  806 pw_context_acquire_loop()] 0x5ffd079a70b0: looking for name:'data-loop.0' class:'(null)'
[I][13:55:47.989162] pw.context   | [       context.c:  782 acquire_data_loop()] 0x5ffd079a70b0: using name:'data-loop.0' class:'data.rt' last_used:583203028838
[I][13:55:47.989183] pw.node      | [     impl-node.c: 1190 check_properties()] 0x5ffd07a13fc0: group '(null)'->'pipewire.ptp0'
[I][13:55:47.989186] pw.node      | [     impl-node.c: 1217 check_properties()] 0x5ffd07a13fc0: sync group '(null)'->'group.sync.0'
[I][13:55:47.989198] pw.node      | [     impl-node.c:  503 node_update_state()] (PTP0-Driver-12) creating -> suspended
[I][13:55:47.989201] pw.context   | [       context.c: 1448 pw_context_recalc_graph()] 0x5ffd079a70b0: busy:0 reason:register active node
[I][13:55:47.989256] mod.protocol-native | [  local-socket.c:   72 try_connect()] connecting to 'pipewire-0' runtime_dir:/run/user/1000
[I][13:55:47.989285] pw.context   | [       context.c:  576 pw_context_new()] 0x5ffd079a70b0: parsed 1 context.objects items
[I][13:55:47.989287] pw.context   | [       context.c:  579 pw_context_new()] 0x5ffd079a70b0: parsed 0 context.exec items
[I][13:55:47.989294] pw.metadata  | [ impl-metadata.c:  186 impl_set_property()] 0x5ffd07a105d0: add id:0 key:log.level type: value:3
[I][13:55:47.989296] pw.metadata  | [ impl-metadata.c:  186 impl_set_property()] 0x5ffd07a105d0: add id:0 key:clock.rate type: value:48000
[I][13:55:47.989298] pw.metadata  | [ impl-metadata.c:  186 impl_set_property()] 0x5ffd07a105d0: add id:0 key:clock.allowed-rates type: value:[ 48000 ]
[I][13:55:47.989300] pw.metadata  | [ impl-metadata.c:  186 impl_set_property()] 0x5ffd07a105d0: add id:0 key:clock.quantum type: value:1024
[I][13:55:47.989302] pw.metadata  | [ impl-metadata.c:  186 impl_set_property()] 0x5ffd07a105d0: add id:0 key:clock.min-quantum type: value:32
[I][13:55:47.989304] pw.metadata  | [ impl-metadata.c:  186 impl_set_property()] 0x5ffd07a105d0: add id:0 key:clock.max-quantum type: value:2048
[I][13:55:47.989305] pw.metadata  | [ impl-metadata.c:  186 impl_set_property()] 0x5ffd07a105d0: add id:0 key:clock.force-quantum type: value:0
[I][13:55:47.989307] pw.metadata  | [ impl-metadata.c:  186 impl_set_property()] 0x5ffd07a105d0: add id:0 key:clock.force-rate type: value:0
[I][13:55:47.989311] default      | [      pipewire.c:  129 main()] start main loop
[I][13:55:47.990249] mod.rtp-sap  | [module-rtp-sap.c: 1147 session_new_announce()] created new session for node:95
[E][13:55:47.990331] mod.rtp-sap  | [module-rtp-sap.c: 1233 session_new_announce()] Failed to create SDP: Das Argument ist ungültig
[W][13:55:47.990340] mod.rtp-sap  | [module-rtp-sap.c:  891 send_sap()] SIOCGIFADDR enx6c6e0709c56d failed: Die angeforderte Adresse kann nicht zugewiesen werden
[I][13:55:47.990344] mod.rtp-sap  | [module-rtp-sap.c:  898 send_sap()] interface enx6c6e0709c56d IP: 0.0.0.0
[I][13:55:47.990368] mod.rtp-sap  | [module-rtp-sap.c:  474 make_send_socket()] sender socket up and running
[I][13:55:47.990489] pw.node      | [     impl-node.c:  503 node_update_state()] (PTP0-Driver-97) suspended -> running
[I][13:55:47.993185] pw.context   | [       context.c: 1448 pw_context_recalc_graph()] 0x5ffd079a70b0: busy:0 reason:node flags changed
[I][13:55:47.995469] spa.audioadapter | [  audioadapter.c:  511 negotiate_buffers()] 0x5ffd079fc128: buffers:1, blocks:1, size:73728, stride:6 align:16 0:0
[I][13:55:47.995584] spa.audioconvert | [  audioconvert.c: 2074 setup_in_convert()] 0x7a2184096010: Spa:Enum:AudioFormat:F32P/2@48000->Spa:Enum:AudioFormat:F32P/2@48000
[I][13:55:47.995600] spa.audioconvert | [  audioconvert.c: 1275 ensure_tmp()] resize ports 0 -> 2
[I][13:55:47.995608] spa.audioconvert | [  audioconvert.c: 2243 setup_channelmix()] in  FL FR (0000000000000018)
[I][13:55:47.995611] spa.audioconvert | [  audioconvert.c: 2245 setup_channelmix()] out FL FR (0000000000000018)
[I][13:55:47.995613] spa.audioconvert | [  audioconvert.c: 2248 setup_channelmix()] 0x7a2184096010: Spa:Enum:AudioFormat:F32P/2@48000->Spa:Enum:AudioFormat:F32P/2@48000 00000018:00000018
[I][13:55:47.995653][channelmix-ops.c:  174 match_mix()] matched channel 1 (1,000000)
[I][13:55:47.995658][channelmix-ops.c:  174 match_mix()] matched channel 2 (1,000000)
[I][13:55:47.995660][channelmix-ops.c:  265 make_matrix()] unassigned downmix 00000000 00000000
[I][13:55:47.995662][channelmix-ops.c:  505 make_matrix()] unassigned upmix 00000000 lfe:0,000000
[I][13:55:47.995666][channelmix-ops.c:  661 make_matrix()]      FL    FR    
[I][13:55:47.995668][channelmix-ops.c:  663 make_matrix()] FL   1,000          1,000000
[I][13:55:47.995678][channelmix-ops.c:  663 make_matrix()] FR         1,000    1,000000
[I][13:55:47.995687] spa.audioconvert | [  audioconvert.c: 2292 setup_resample()] 0x7a2184096010: Spa:Enum:AudioFormat:F32P/2@48000->Spa:Enum:AudioFormat:F32P/2@48000
[I][13:55:47.996030] spa.resample | [resample-native.:  570 resample_native_init()] native 0x7a21840ccd70: c:0,870000 q:4 w:0 in:48000 out:48000 gcd:48000 n_taps:56 n_phases:256 features:0007cbdb:00010800
[I][13:55:47.996037] spa.audioconvert | [  audioconvert.c: 2367 setup_out_convert()] 0x7a2184096010: Spa:Enum:AudioFormat:F32P/2@48000->Spa:Enum:AudioFormat:S24BE/2@48000
[I][13:55:47.996049] spa.audioconvert | [  audioconvert.c: 1248 ensure_tmp()] resize tmp 0 -> 73728
[I][13:55:47.998663] mod.rtp-sink | [        stream.c:  404 stream_start()] stream started
[I][13:55:47.999170] pw.node      | [     impl-node.c:  503 node_update_state()] (rtp-sink-95) suspended -> running
[I][13:55:48.000404] mod.rtp-sink | [         audio.c:  567 rtp_audio_process_capture()] (re)sync to timestamp:0 seq:22358 ts_offset:0 SSRC:3076146323
[W][13:55:48.003153] mod.rtp-sink | [         audio.c:  553 rtp_audio_process_capture()] timestamp: expected 128 != actual 0
[I][13:55:48.003161] mod.rtp-sink | [         audio.c:  567 rtp_audio_process_capture()] (re)sync to timestamp:0 seq:22360 ts_offset:0 SSRC:3076146323
[W][13:55:48.005891] mod.rtp-sink | [         audio.c:  553 rtp_audio_process_capture()] timestamp: expected 128 != actual 0
[I][13:55:48.005900] mod.rtp-sink | [         audio.c:  567 rtp_audio_process_capture()] (re)sync to timestamp:0 seq:22362 ts_offset:0 SSRC:3076146323
[W][13:55:48.008384] mod.rtp-sink | [         audio.c:  553 rtp_audio_process_capture()] timestamp: expected 128 != actual 0
[I][13:55:48.008390] mod.rtp-sink | [         audio.c:  567 rtp_audio_process_capture()] (re)sync to timestamp:0 seq:22364 ts_offset:0 SSRC:3076146323
[W][13:55:48.011167] mod.rtp-sink | [         audio.c:  553 rtp_audio_process_capture()] timestamp: expected 128 != actual 0
[I][13:55:48.011176] mod.rtp-sink | [         audio.c:  567 rtp_audio_process_capture()] (re)sync to timestamp:0 seq:22366 ts_offset:0 SSRC:3076146323
[W][13:55:48.013888] mod.rtp-sink | [         audio.c:  553 rtp_audio_process_capture()] timestamp: expected 128 != actual 0
[I][13:55:48.013897] mod.rtp-sink | [         audio.c:  567 rtp_audio_process_capture()] (re)sync to timestamp:0 seq:22368 ts_offset:0 SSRC:3076146323
[W][13:55:48.016396] mod.rtp-sink | [         audio.c:  553 rtp_audio_process_capture()] timestamp: expected 128 != actual 0
[I][13:55:48.016406] mod.rtp-sink | [         audio.c:  567 rtp_audio_process_capture()] (re)sync to timestamp:0 seq:22370 ts_offset:0 SSRC:3076146323
[W][13:55:48.019131] mod.rtp-sink | [         audio.c:  553 rtp_audio_process_capture()] timestamp: expected 128 != actual 0
[I][13:55:48.019152] mod.rtp-sink | [         audio.c:  567 rtp_audio_process_capture()] (re)sync to timestamp:0 seq:22372 ts_offset:0 SSRC:3076146323
[W][13:55:48.021878] mod.rtp-sink | [         audio.c:  553 rtp_audio_process_capture()] timestamp: expected 128 != actual 0
[I][13:55:48.021884] mod.rtp-sink | [         audio.c:  567 rtp_audio_process_capture()] (re)sync to timestamp:0 seq:22374 ts_offset:0 SSRC:3076146323
[W][13:55:48.024377] mod.rtp-sink | [         audio.c:  553 rtp_audio_process_capture()] timestamp: expected 128 != actual 0
[I][13:55:48.024383] mod.rtp-sink | [         audio.c:  567 rtp_audio_process_capture()] (re)sync to timestamp:0 seq:22376 ts_offset:0 SSRC:3076146323
[W][13:55:48.027130] mod.rtp-sink | [         audio.c:  553 rtp_audio_process_capture()] timestamp: expected 128 != actual 0
[I][13:55:48.027150] mod.rtp-sink | [         audio.c:  567 rtp_audio_process_capture()] (re)sync to timestamp:0 seq:22378 ts_offset:0 SSRC:3076146323
[W][13:55:48.029883] mod.rtp-sink | [         audio.c:  553 rtp_audio_process_capture()] timestamp: expected 128 != actual 0
[I][13:55:48.029895] mod.rtp-sink | [         audio.c:  567 rtp_audio_process_capture()] (re)sync to timestamp:0 seq:22380 ts_offset:0 SSRC:3076146323
[W][13:55:48.032381] mod.rtp-sink | [         audio.c:  553 rtp_audio_process_capture()] timestamp: expected 128 != actual 0
[I][13:55:48.032393] mod.rtp-sink | [         audio.c:  567 rtp_audio_process_capture()] (re)sync to timestamp:0 seq:22382 ts_offset:0 SSRC:3076146323
[W][13:55:48.035120] mod.rtp-sink | [         audio.c:  553 rtp_audio_process_capture()] timestamp: expected 128 != actual 0
[I][13:55:48.035128] mod.rtp-sink | [         audio.c:  567 rtp_audio_process_capture()] (re)sync to timestamp:0 seq:22384 ts_offset:0 SSRC:3076146323
[W][13:55:48.037876] mod.rtp-sink | [         audio.c:  553 rtp_audio_process_capture()] timestamp: expected 128 != actual 0
[I][13:55:48.037884] mod.rtp-sink | [         audio.c:  567 rtp_audio_process_capture()] (re)sync to timestamp:0 seq:22386 ts_offset:0 SSRC:3076146323
[W][13:55:48.040370] mod.rtp-sink | [         audio.c:  553 rtp_audio_process_capture()] timestamp: expected 128 != actual 0
[I][13:55:48.040377] mod.rtp-sink | [         audio.c:  567 rtp_audio_process_capture()] (re)sync to timestamp:0 seq:22388 ts_offset:0 SSRC:3076146323
[W][13:55:48.043124] mod.rtp-sink | [         audio.c:  553 rtp_audio_process_capture()] timestamp: expected 128 != actual 0
[I][13:55:48.043131] mod.rtp-sink | [         audio.c:  567 rtp_audio_process_capture()] (re)sync to timestamp:0 seq:22390 ts_offset:0 SSRC:3076146323
[W][13:55:48.045877] mod.rtp-sink | [         audio.c:  553 rtp_audio_process_capture()] timestamp: expected 128 != actual 0
[I][13:55:48.045886] mod.rtp-sink | [         audio.c:  567 rtp_audio_process_capture()] (re)sync to timestamp:0 seq:22392 ts_offset:0 SSRC:3076146323
[W][13:55:48.048372] mod.rtp-sink | [         audio.c:  553 rtp_audio_process_capture()] timestamp: expected 128 != actual 0
[I][13:55:48.048382] mod.rtp-sink | [         audio.c:  567 rtp_audio_process_capture()] (re)sync to timestamp:0 seq:22394 ts_offset:0 SSRC:3076146323
[W][13:55:48.051116] mod.rtp-sink | [         audio.c:  553 rtp_audio_process_capture()] timestamp: expected 128 != actual 0
[I][13:55:48.051124] mod.rtp-sink | [         audio.c:  567 rtp_audio_process_capture()] (re)sync to timestamp:0 seq:22396 ts_offset:0 SSRC:3076146323
[W][13:55:48.053861] mod.rtp-sink | [         audio.c:  553 rtp_audio_process_capture()] timestamp: expected 128 != actual 0
[I][13:55:48.053868] mod.rtp-sink | [         audio.c:  567 rtp_audio_process_capture()] (re)sync to timestamp:0 seq:22398 ts_offset:0 SSRC:3076146323
[W][13:55:48.056362] mod.rtp-sink | [         audio.c:  553 rtp_audio_process_capture()] timestamp: expected 128 != actual 0
[I][13:55:48.056368] mod.rtp-sink | [         audio.c:  567 rtp_audio_process_capture()] (re)sync to timestamp:0 seq:22400 ts_offset:0 SSRC:3076146323
[W][13:55:48.059118] mod.rtp-sink | [         audio.c:  553 rtp_audio_process_capture()] timestamp: expected 128 != actual 0
[I][13:55:48.059126] mod.rtp-sink | [         audio.c:  567 rtp_audio_process_capture()] (re)sync to timestamp:0 seq:22402 ts_offset:0 SSRC:3076146323
[W][13:55:48.061873] mod.rtp-sink | [         audio.c:  553 rtp_audio_process_capture()] timestamp: expected 128 != actual 0
[I][13:55:48.061882] mod.rtp-sink | [         audio.c:  567 rtp_audio_process_capture()] (re)sync to timestamp:0 seq:22404 ts_offset:0 SSRC:3076146323
[W][13:55:48.064368] mod.rtp-sink | [         audio.c:  553 rtp_audio_process_capture()] timestamp: expected 128 != actual 0
[I][13:55:48.064379] mod.rtp-sink | [         audio.c:  567 rtp_audio_process_capture()] (re)sync to timestamp:0 seq:22406 ts_offset:0 SSRC:3076146323
[W][13:55:48.067108] mod.rtp-sink | [         audio.c:  553 rtp_audio_process_capture()] timestamp: expected 128 != actual 0
[I][13:55:48.067116] mod.rtp-sink | [         audio.c:  567 rtp_audio_process_capture()] (re)sync to timestamp:0 seq:22408 ts_offset:0 SSRC:3076146323
[W][13:55:48.069856] mod.rtp-sink | [         audio.c:  553 rtp_audio_process_capture()] timestamp: expected 128 != actual 0
[I][13:55:48.069863] mod.rtp-sink | [         audio.c:  567 rtp_audio_process_capture()] (re)sync to timestamp:0 seq:22410 ts_offset:0 SSRC:3076146323
[W][13:55:48.072605] mod.rtp-sink | [         audio.c:  553 rtp_audio_process_capture()] timestamp: expected 128 != actual 0
[I][13:55:48.072612] mod.rtp-sink | [         audio.c:  567 rtp_audio_process_capture()] (re)sync to timestamp:0 seq:22412 ts_offset:0 SSRC:3076146323
[W][13:55:48.075102] mod.rtp-sink | [         audio.c:  553 rtp_audio_process_capture()] timestamp: expected 128 != actual 0
[I][13:55:48.075107] mod.rtp-sink | [         audio.c:  567 rtp_audio_process_capture()] (re)sync to timestamp:0 seq:22414 ts_offset:0 SSRC:3076146323
[W][13:55:48.077864] mod.rtp-sink | [         audio.c:  553 rtp_audio_process_capture()] timestamp: expected 128 != actual 0
[I][13:55:48.077877] mod.rtp-sink | [         audio.c:  567 rtp_audio_process_capture()] (re)sync to timestamp:0 seq:22416 ts_offset:0 SSRC:3076146323
[W][13:55:48.080610] mod.rtp-sink | [         audio.c:  553 rtp_audio_process_capture()] timestamp: expected 128 != actual 0
[I][13:55:48.080625] mod.rtp-sink | [         audio.c:  567 rtp_audio_process_capture()] (re)sync to timestamp:0 seq:22418 ts_offset:0 SSRC:3076146323
[W][13:55:48.083104] mod.rtp-sink | [         audio.c:  553 rtp_audio_process_capture()] timestamp: expected 128 != actual 0
[I][13:55:48.083113] mod.rtp-sink | [         audio.c:  567 rtp_audio_process_capture()] (re)sync to timestamp:0 seq:22420 ts_offset:0 SSRC:3076146323
[W][13:55:48.085847] mod.rtp-sink | [         audio.c:  553 rtp_audio_process_capture()] timestamp: expected 128 != actual 0
[I][13:55:48.085854] mod.rtp-sink | [         audio.c:  567 rtp_audio_process_capture()] (re)sync to timestamp:0 seq:22422 ts_offset:0 SSRC:3076146323
[W][13:55:48.088597] mod.rtp-sink | [         audio.c:  553 rtp_audio_process_capture()] timestamp: expected 128 != actual 0
[I][13:55:48.088604] mod.rtp-sink | [         audio.c:  567 rtp_audio_process_capture()] (re)sync to timestamp:0 seq:22424 ts_offset:0 SSRC:3076146323
[W][13:55:48.091095] mod.rtp-sink | [         audio.c:  553 rtp_audio_process_capture()] timestamp: expected 128 != actual 0
[I][13:55:48.091101] mod.rtp-sink | [         audio.c:  567 rtp_audio_process_capture()] (re)sync to timestamp:0 seq:22426 ts_offset:0 SSRC:3076146323
[W][13:55:48.093852] mod.rtp-sink | [         audio.c:  553 rtp_audio_process_capture()] timestamp: expected 128 != actual 0
[I][13:55:48.093865] mod.rtp-sink | [         audio.c:  567 rtp_audio_process_capture()] (re)sync to timestamp:0 seq:22428 ts_offset:0 SSRC:3076146323
[W][13:55:48.096599] mod.rtp-sink | [         audio.c:  553 rtp_audio_process_capture()] timestamp: expected 128 != actual 0
[I][13:55:48.096611] mod.rtp-sink | [         audio.c:  567 rtp_audio_process_capture()] (re)sync to timestamp:0 seq:22430 ts_offset:0 SSRC:3076146323
[W][13:55:48.099103] mod.rtp-sink | [         audio.c:  553 rtp_audio_process_capture()] timestamp: expected 128 != actual 0
[I][13:55:48.099115] mod.rtp-sink | [         audio.c:  567 rtp_audio_process_capture()] (re)sync to timestamp:0 seq:22432 ts_offset:0 SSRC:3076146323
[W][13:55:48.101846] mod.rtp-sink | [         audio.c:  553 rtp_audio_process_capture()] timestamp: expected 128 != actual 0
[I][13:55:48.101857] mod.rtp-sink | [         audio.c:  567 rtp_audio_process_capture()] (re)sync to timestamp:0 seq:22434 ts_offset:0 SSRC:3076146323
[W][13:55:48.104589] mod.rtp-sink | [         audio.c:  553 rtp_audio_process_capture()] timestamp: expected 128 != actual 0
[I][13:55:48.104596] mod.rtp-sink | [         audio.c:  567 rtp_audio_process_capture()] (re)sync to timestamp:0 seq:22436 ts_offset:0 SSRC:3076146323
[W][13:55:48.107087] mod.rtp-sink | [         audio.c:  553 rtp_audio_process_capture()] timestamp: expected 128 != actual 0
[I][13:55:48.107093] mod.rtp-sink | [         audio.c:  567 rtp_audio_process_capture()] (re)sync to timestamp:0 seq:22438 ts_offset:0 SSRC:3076146323
[W][13:55:48.109839] mod.rtp-sink | [         audio.c:  553 rtp_audio_process_capture()] timestamp: expected 128 != actual 0
[I][13:55:48.109846] mod.rtp-sink | [         audio.c:  567 rtp_audio_process_capture()] (re)sync to timestamp:0 seq:22440 ts_offset:0 SSRC:3076146323
[W][13:55:48.112599] mod.rtp-sink | [         audio.c:  553 rtp_audio_process_capture()] timestamp: expected 128 != actual 0
[I][13:55:48.112610] mod.rtp-sink | [         audio.c:  567 rtp_audio_process_capture()] (re)sync to timestamp:0 seq:22442 ts_offset:0 SSRC:3076146323
[W][13:55:48.115089] mod.rtp-sink | [         audio.c:  553 rtp_audio_process_capture()] timestamp: expected 128 != actual 0
[I][13:55:48.115099] mod.rtp-sink | [         audio.c:  567 rtp_audio_process_capture()] (re)sync to timestamp:0 seq:22444 ts_offset:0 SSRC:3076146323
[W][13:55:48.117831] mod.rtp-sink | [         audio.c:  553 rtp_audio_process_capture()] timestamp: expected 128 != actual 0
[I][13:55:48.117839] mod.rtp-sink | [         audio.c:  567 rtp_audio_process_capture()] (re)sync to timestamp:0 seq:22446 ts_offset:0 SSRC:3076146323
[W][13:55:48.120580] mod.rtp-sink | [         audio.c:  553 rtp_audio_process_capture()] timestamp: expected 128 != actual 0
[I][13:55:48.120586] mod.rtp-sink | [         audio.c:  567 rtp_audio_process_capture()] (re)sync to timestamp:0 seq:22448 ts_offset:0 SSRC:3076146323
[W][13:55:48.123085] mod.rtp-sink | [         audio.c:  553 rtp_audio_process_capture()] timestamp: expected 128 != actual 0
[I][13:55:48.123092] mod.rtp-sink | [         audio.c:  567 rtp_audio_process_capture()] (re)sync to timestamp:0 seq:22450 ts_offset:0 SSRC:3076146323
[W][13:55:48.125834] mod.rtp-sink | [         audio.c:  553 rtp_audio_process_capture()] timestamp: expected 128 != actual 0
[I][13:55:48.125843] mod.rtp-sink | [         audio.c:  567 rtp_audio_process_capture()] (re)sync to timestamp:0 seq:22452 ts_offset:0 SSRC:3076146323
[W][13:55:48.128600] mod.rtp-sink | [         audio.c:  553 rtp_audio_process_capture()] timestamp: expected 128 != actual 0
[I][13:55:48.128610] mod.rtp-sink | [         audio.c:  567 rtp_audio_process_capture()] (re)sync to timestamp:0 seq:22454 ts_offset:0 SSRC:3076146323
[W][13:55:48.131085] mod.rtp-sink | [         audio.c:  553 rtp_audio_process_capture()] timestamp: expected 128 != actual 0
[I][13:55:48.131097] mod.rtp-sink | [         audio.c:  567 rtp_audio_process_capture()] (re)sync to timestamp:0 seq:22456 ts_offset:0 SSRC:3076146323
[W][13:55:48.133828] mod.rtp-sink | [         audio.c:  553 rtp_audio_process_capture()] timestamp: expected 128 != actual 0
[I][13:55:48.133838] mod.rtp-sink | [         audio.c:  567 rtp_audio_process_capture()] (re)sync to timestamp:0 seq:22458 ts_offset:0 SSRC:3076146323
[W][13:55:48.136571] mod.rtp-sink | [         audio.c:  553 rtp_audio_process_capture()] timestamp: expected 128 != actual 0
[I][13:55:48.136578] mod.rtp-sink | [         audio.c:  567 rtp_audio_process_capture()] (re)sync to timestamp:0 seq:22460 ts_offset:0 SSRC:3076146323
[W][13:55:48.139069] mod.rtp-sink | [         audio.c:  553 rtp_audio_process_capture()] timestamp: expected 128 != actual 0
[I][13:55:48.139075] mod.rtp-sink | [         audio.c:  567 rtp_audio_process_capture()] (re)sync to timestamp:0 seq:22462 ts_offset:0 SSRC:3076146323
[W][13:55:48.141816] mod.rtp-sink | [         audio.c:  553 rtp_audio_process_capture()] timestamp: expected 128 != actual 0
[I][13:55:48.141822] mod.rtp-sink | [         audio.c:  567 rtp_audio_process_capture()] (re)sync to timestamp:0 seq:22464 ts_offset:0 SSRC:3076146323
[W][13:55:48.144588] mod.rtp-sink | [         audio.c:  553 rtp_audio_process_capture()] timestamp: expected 128 != actual 0
[I][13:55:48.144599] mod.rtp-sink | [         audio.c:  567 rtp_audio_process_capture()] (re)sync to timestamp:0 seq:22466 ts_offset:0 SSRC:3076146323
[W][13:55:48.147074] mod.rtp-sink | [         audio.c:  553 rtp_audio_process_capture()] timestamp: expected 128 != actual 0
[I][13:55:48.147084] mod.rtp-sink | [         audio.c:  567 rtp_audio_process_capture()] (re)sync to timestamp:0 seq:22468 ts_offset:0 SSRC:3076146323
[W][13:55:48.149817] mod.rtp-sink | [         audio.c:  553 rtp_audio_process_capture()] timestamp: expected 128 != actual 0
[I][13:55:48.149827] mod.rtp-sink | [         audio.c:  567 rtp_audio_process_capture()] (re)sync to timestamp:0 seq:22470 ts_offset:0 SSRC:3076146323
[W][13:55:48.152567] mod.rtp-sink | [         audio.c:  553 rtp_audio_process_capture()] timestamp: expected 128 != actual 0
[I][13:55:48.152576] mod.rtp-sink | [         audio.c:  567 rtp_audio_process_capture()] (re)sync to timestamp:0 seq:22472 ts_offset:0 SSRC:3076146323
[W][13:55:48.155061] mod.rtp-sink | [         audio.c:  553 rtp_audio_process_capture()] timestamp: expected 128 != actual 0
[I][13:55:48.155067] mod.rtp-sink | [         audio.c:  567 rtp_audio_process_capture()] (re)sync to timestamp:0 seq:22474 ts_offset:0 SSRC:3076146323
[W][13:55:48.157809] mod.rtp-sink | [         audio.c:  553 rtp_audio_process_capture()] timestamp: expected 128 != actual 0
[I][13:55:48.157813] mod.rtp-sink | [         audio.c:  567 rtp_audio_process_capture()] (re)sync to timestamp:0 seq:22476 ts_offset:0 SSRC:3076146323
[W][13:55:48.160566] mod.rtp-sink | [         audio.c:  553 rtp_audio_process_capture()] timestamp: expected 128 != actual 0
[I][13:55:48.160572] mod.rtp-sink | [         audio.c:  567 rtp_audio_process_capture()] (re)sync to timestamp:0 seq:22478 ts_offset:0 SSRC:3076146323
[W][13:55:48.163066] mod.rtp-sink | [         audio.c:  553 rtp_audio_process_capture()] timestamp: expected 128 != actual 0
[I][13:55:48.163075] mod.rtp-sink | [         audio.c:  567 rtp_audio_process_capture()] (re)sync to timestamp:0 seq:22480 ts_offset:0 SSRC:3076146323
[W][13:55:48.165815] mod.rtp-sink | [         audio.c:  553 rtp_audio_process_capture()] timestamp: expected 128 != actual 0
[I][13:55:48.165826] mod.rtp-sink | [         audio.c:  567 rtp_audio_process_capture()] (re)sync to timestamp:0 seq:22482 ts_offset:0 SSRC:3076146323
[W][13:55:48.168560] mod.rtp-sink | [         audio.c:  553 rtp_audio_process_capture()] timestamp: expected 128 != actual 0
[I][13:55:48.168569] mod.rtp-sink | [         audio.c:  567 rtp_audio_process_capture()] (re)sync to timestamp:0 seq:22484 ts_offset:0 SSRC:3076146323
[W][13:55:48.171055] mod.rtp-sink | [         audio.c:  553 rtp_audio_process_capture()] timestamp: expected 128 != actual 0
[I][13:55:48.171062] mod.rtp-sink | [         audio.c:  567 rtp_audio_process_capture()] (re)sync to timestamp:0 seq:22486 ts_offset:0 SSRC:3076146323
[W][13:55:48.173803] mod.rtp-sink | [         audio.c:  553 rtp_audio_process_capture()] timestamp: expected 128 != actual 0
[I][13:55:48.173809] mod.rtp-sink | [         audio.c:  567 rtp_audio_process_capture()] (re)sync to timestamp:0 seq:22488 ts_offset:0 SSRC:3076146323
[W][13:55:48.176555] mod.rtp-sink | [         audio.c:  553 rtp_audio_process_capture()] timestamp: expected 128 != actual 0
[I][13:55:48.176563] mod.rtp-sink | [         audio.c:  567 rtp_audio_process_capture()] (re)sync to timestamp:0 seq:22490 ts_offset:0 SSRC:3076146323
[W][13:55:48.179059] mod.rtp-sink | [         audio.c:  553 rtp_audio_process_capture()] timestamp: expected 128 != actual 0
[I][13:55:48.179069] mod.rtp-sink | [         audio.c:  567 rtp_audio_process_capture()] (re)sync to timestamp:0 seq:22492 ts_offset:0 SSRC:3076146323
[W][13:55:48.181809] mod.rtp-sink | [         audio.c:  553 rtp_audio_process_capture()] timestamp: expected 128 != actual 0
[I][13:55:48.181819] mod.rtp-sink | [         audio.c:  567 rtp_audio_process_capture()] (re)sync to timestamp:0 seq:22494 ts_offset:0 SSRC:3076146323
[W][13:55:48.184553] mod.rtp-sink | [         audio.c:  553 rtp_audio_process_capture()] timestamp: expected 128 != actual 0
[I][13:55:48.184561] mod.rtp-sink | [         audio.c:  567 rtp_audio_process_capture()] (re)sync to timestamp:0 seq:22496 ts_offset:0 SSRC:3076146323
[W][13:55:48.187056] mod.rtp-sink | [         audio.c:  553 rtp_audio_process_capture()] timestamp: expected 128 != actual 0
[I][13:55:48.187064] mod.rtp-sink | [         audio.c:  567 rtp_audio_process_capture()] (re)sync to timestamp:0 seq:22498 ts_offset:0 SSRC:3076146323
[W][13:55:48.189796] mod.rtp-sink | [         audio.c:  553 rtp_audio_process_capture()] timestamp: expected 128 != actual 0
[I][13:55:48.189804] mod.rtp-sink | [         audio.c:  567 rtp_audio_process_capture()] (re)sync to timestamp:0 seq:22500 ts_offset:0 SSRC:3076146323
[W][13:55:48.192548] mod.rtp-sink | [         audio.c:  553 rtp_audio_process_capture()] timestamp: expected 128 != actual 0
[I][13:55:48.192557] mod.rtp-sink | [         audio.c:  567 rtp_audio_process_capture()] (re)sync to timestamp:0 seq:22502 ts_offset:0 SSRC:3076146323
[W][13:55:48.195052] mod.rtp-sink | [         audio.c:  553 rtp_audio_process_capture()] timestamp: expected 128 != actual 0
[I][13:55:48.195060] mod.rtp-sink | [         audio.c:  567 rtp_audio_process_capture()] (re)sync to timestamp:0 seq:22504 ts_offset:0 SSRC:3076146323
[W][13:55:48.197802] mod.rtp-sink | [         audio.c:  553 rtp_audio_process_capture()] timestamp: expected 128 != actual 0
[I][13:55:48.197813] mod.rtp-sink | [         audio.c:  567 rtp_audio_process_capture()] (re)sync to timestamp:0 seq:22506 ts_offset:0 SSRC:3076146323
[W][13:55:48.200543] mod.rtp-sink | [         audio.c:  553 rtp_audio_process_capture()] timestamp: expected 128 != actual 0
[I][13:55:48.200551] mod.rtp-sink | [         audio.c:  567 rtp_audio_process_capture()] (re)sync to timestamp:0 seq:22508 ts_offset:0 SSRC:3076146323
[W][13:55:48.203040] mod.rtp-sink | [         audio.c:  553 rtp_audio_process_capture()] timestamp: expected 128 != actual 0
[I][13:55:48.203046] mod.rtp-sink | [         audio.c:  567 rtp_audio_process_capture()] (re)sync to timestamp:0 seq:22510 ts_offset:0 SSRC:3076146323
[W][13:55:48.205790] mod.rtp-sink | [         audio.c:  553 rtp_audio_process_capture()] timestamp: expected 128 != actual 0
[I][13:55:48.205796] mod.rtp-sink | [         audio.c:  567 rtp_audio_process_capture()] (re)sync to timestamp:0 seq:22512 ts_offset:0 SSRC:3076146323
[W][13:55:48.208547] mod.rtp-sink | [         audio.c:  553 rtp_audio_process_capture()] timestamp: expected 128 != actual 0
[I][13:55:48.208554] mod.rtp-sink | [         audio.c:  567 rtp_audio_process_capture()] (re)sync to timestamp:0 seq:22514 ts_offset:0 SSRC:3076146323
[W][13:55:48.211049] mod.rtp-sink | [         audio.c:  553 rtp_audio_process_capture()] timestamp: expected 128 != actual 0
[I][13:55:48.211057] mod.rtp-sink | [         audio.c:  567 rtp_audio_process_capture()] (re)sync to timestamp:0 seq:22516 ts_offset:0 SSRC:3076146323
[W][13:55:48.213788] mod.rtp-sink | [         audio.c:  553 rtp_audio_process_capture()] timestamp: expected 128 != actual 0
[I][13:55:48.213799] mod.rtp-sink | [         audio.c:  567 rtp_audio_process_capture()] (re)sync to timestamp:0 seq:22518 ts_offset:0 SSRC:3076146323
[W][13:55:48.216547] mod.rtp-sink | [         audio.c:  553 rtp_audio_process_capture()] timestamp: expected 128 != actual 0
[I][13:55:48.216557] mod.rtp-sink | [         audio.c:  567 rtp_audio_process_capture()] (re)sync to timestamp:0 seq:22520 ts_offset:0 SSRC:3076146323
[W][13:55:48.219035] mod.rtp-sink | [         audio.c:  553 rtp_audio_process_capture()] timestamp: expected 128 != actual 0
[I][13:55:48.219042] mod.rtp-sink | [         audio.c:  567 rtp_audio_process_capture()] (re)sync to timestamp:0 seq:22522 ts_offset:0 SSRC:3076146323
[W][13:55:48.221782] mod.rtp-sink | [         audio.c:  553 rtp_audio_process_capture()] timestamp: expected 128 != actual 0
[I][13:55:48.221788] mod.rtp-sink | [         audio.c:  567 rtp_audio_process_capture()] (re)sync to timestamp:0 seq:22524 ts_offset:0 SSRC:3076146323
[W][13:55:48.224531] mod.rtp-sink | [         audio.c:  553 rtp_audio_process_capture()] timestamp: expected 128 != actual 0
[I][13:55:48.224537] mod.rtp-sink | [         audio.c:  567 rtp_audio_process_capture()] (re)sync to timestamp:0 seq:22526 ts_offset:0 SSRC:3076146323
[W][13:55:48.227038] mod.rtp-sink | [         audio.c:  553 rtp_audio_process_capture()] timestamp: expected 128 != actual 0
[I][13:55:48.227048] mod.rtp-sink | [         audio.c:  567 rtp_audio_process_capture()] (re)sync to timestamp:0 seq:22528 ts_offset:0 SSRC:3076146323
[W][13:55:48.229788] mod.rtp-sink | [         audio.c:  553 rtp_audio_process_capture()] timestamp: expected 128 != actual 0
[I][13:55:48.229817] mod.rtp-sink | [         audio.c:  567 rtp_audio_process_capture()] (re)sync to timestamp:0 seq:22530 ts_offset:0 SSRC:3076146323
[W][13:55:48.232531] mod.rtp-sink | [         audio.c:  553 rtp_audio_process_capture()] timestamp: expected 128 != actual 0
[I][13:55:48.232541] mod.rtp-sink | [         audio.c:  567 rtp_audio_process_capture()] (re)sync to timestamp:0 seq:22532 ts_offset:0 SSRC:3076146323
[W][13:55:48.235028] mod.rtp-sink | [         audio.c:  553 rtp_audio_process_capture()] timestamp: expected 128 != actual 0
[I][13:55:48.235036] mod.rtp-sink | [         audio.c:  567 rtp_audio_process_capture()] (re)sync to timestamp:0 seq:22534 ts_offset:0 SSRC:3076146323
[W][13:55:48.237774] mod.rtp-sink | [         audio.c:  553 rtp_audio_process_capture()] timestamp: expected 128 != actual 0
[I][13:55:48.237780] mod.rtp-sink | [         audio.c:  567 rtp_audio_process_capture()] (re)sync to timestamp:0 seq:22536 ts_offset:0 SSRC:3076146323
[W][13:55:48.240525] mod.rtp-sink | [         audio.c:  553 rtp_audio_process_capture()] timestamp: expected 128 != actual 0
[I][13:55:48.240531] mod.rtp-sink | [         audio.c:  567 rtp_audio_process_capture()] (re)sync to timestamp:0 seq:22538 ts_offset:0 SSRC:3076146323
[W][13:55:48.243025] mod.rtp-sink | [         audio.c:  553 rtp_audio_process_capture()] timestamp: expected 128 != actual 0
[I][13:55:48.243032] mod.rtp-sink | [         audio.c:  567 rtp_audio_process_capture()] (re)sync to timestamp:0 seq:22540 ts_offset:0 SSRC:3076146323
[W][13:55:48.245774] mod.rtp-sink | [         audio.c:  553 rtp_audio_process_capture()] timestamp: expected 128 != actual 0
[I][13:55:48.245783] mod.rtp-sink | [         audio.c:  567 rtp_audio_process_capture()] (re)sync to timestamp:0 seq:22542 ts_offset:0 SSRC:3076146323
[W][13:55:48.248527] mod.rtp-sink | [         audio.c:  553 rtp_audio_process_capture()] timestamp: expected 128 != actual 0
[I][13:55:48.248537] mod.rtp-sink | [         audio.c:  567 rtp_audio_process_capture()] (re)sync to timestamp:0 seq:22544 ts_offset:0 SSRC:3076146323
[W][13:55:48.251276] mod.rtp-sink | [         audio.c:  553 rtp_audio_process_capture()] timestamp: expected 128 != actual 0
[I][13:55:48.251285] mod.rtp-sink | [         audio.c:  567 rtp_audio_process_capture()] (re)sync to timestamp:0 seq:22546 ts_offset:0 SSRC:3076146323
[W][13:55:48.253766] mod.rtp-sink | [         audio.c:  553 rtp_audio_process_capture()] timestamp: expected 128 != actual 0
[I][13:55:48.253773] mod.rtp-sink | [         audio.c:  567 rtp_audio_process_capture()] (re)sync to timestamp:0 seq:22548 ts_offset:0 SSRC:3076146323
[W][13:55:48.256514] mod.rtp-sink | [         audio.c:  553 rtp_audio_process_capture()] timestamp: expected 128 != actual 0
[I][13:55:48.256520] mod.rtp-sink | [         audio.c:  567 rtp_audio_process_capture()] (re)sync to timestamp:0 seq:22550 ts_offset:0 SSRC:3076146323
[W][13:55:48.259267] mod.rtp-sink | [         audio.c:  553 rtp_audio_process_capture()] timestamp: expected 128 != actual 0
[I][13:55:48.259273] mod.rtp-sink | [         audio.c:  567 rtp_audio_process_capture()] (re)sync to timestamp:0 seq:22552 ts_offset:0 SSRC:3076146323
[W][13:55:48.261774] mod.rtp-sink | [         audio.c:  553 rtp_audio_process_capture()] timestamp: expected 128 != actual 0
[I][13:55:48.261784] mod.rtp-sink | [         audio.c:  567 rtp_audio_process_capture()] (re)sync to timestamp:0 seq:22554 ts_offset:0 SSRC:3076146323
[W][13:55:48.264522] mod.rtp-sink | [         audio.c:  553 rtp_audio_process_capture()] timestamp: expected 128 != actual 0
[I][13:55:48.264533] mod.rtp-sink | [         audio.c:  567 rtp_audio_process_capture()] (re)sync to timestamp:0 seq:22556 ts_offset:0 SSRC:3076146323
[W][13:55:48.267265] mod.rtp-sink | [         audio.c:  553 rtp_audio_process_capture()] timestamp: expected 128 != actual 0
[I][13:55:48.267273] mod.rtp-sink | [         audio.c:  567 rtp_audio_process_capture()] (re)sync to timestamp:0 seq:22558 ts_offset:0 SSRC:3076146323
[W][13:55:48.269763] mod.rtp-sink | [         audio.c:  553 rtp_audio_process_capture()] timestamp: expected 128 != actual 0
[I][13:55:48.269770] mod.rtp-sink | [         audio.c:  567 rtp_audio_process_capture()] (re)sync to timestamp:0 seq:22560 ts_offset:0 SSRC:3076146323
[W][13:55:48.272510] mod.rtp-sink | [         audio.c:  553 rtp_audio_process_capture()] timestamp: expected 128 != actual 0
[I][13:55:48.272518] mod.rtp-sink | [         audio.c:  567 rtp_audio_process_capture()] (re)sync to timestamp:0 seq:22562 ts_offset:0 SSRC:3076146323
[W][13:55:48.275259] mod.rtp-sink | [         audio.c:  553 rtp_audio_process_capture()] timestamp: expected 128 != actual 0
[I][13:55:48.275266] mod.rtp-sink | [         audio.c:  567 rtp_audio_process_capture()] (re)sync to timestamp:0 seq:22564 ts_offset:0 SSRC:3076146323
[W][13:55:48.277761] mod.rtp-sink | [         audio.c:  553 rtp_audio_process_capture()] timestamp: expected 128 != actual 0
[I][13:55:48.277771] mod.rtp-sink | [         audio.c:  567 rtp_audio_process_capture()] (re)sync to timestamp:0 seq:22566 ts_offset:0 SSRC:3076146323
[W][13:55:48.280514] mod.rtp-sink | [         audio.c:  553 rtp_audio_process_capture()] timestamp: expected 128 != actual 0
[I][13:55:48.280526] mod.rtp-sink | [         audio.c:  567 rtp_audio_process_capture()] (re)sync to timestamp:0 seq:22568 ts_offset:0 SSRC:3076146323
[W][13:55:48.283257] mod.rtp-sink | [         audio.c:  553 rtp_audio_process_capture()] timestamp: expected 128 != actual 0
[I][13:55:48.283268] mod.rtp-sink | [         audio.c:  567 rtp_audio_process_capture()] (re)sync to timestamp:0 seq:22570 ts_offset:0 SSRC:3076146323
[W][13:55:48.285752] mod.rtp-sink | [         audio.c:  553 rtp_audio_process_capture()] timestamp: expected 128 != actual 0
[I][13:55:48.285761] mod.rtp-sink | [         audio.c:  567 rtp_audio_process_capture()] (re)sync to timestamp:0 seq:22572 ts_offset:0 SSRC:3076146323
[W][13:55:48.288497] mod.rtp-sink | [         audio.c:  553 rtp_audio_process_capture()] timestamp: expected 128 != actual 0
[I][13:55:48.288504] mod.rtp-sink | [         audio.c:  567 rtp_audio_process_capture()] (re)sync to timestamp:0 seq:22574 ts_offset:0 SSRC:3076146323
[W][13:55:48.291247] mod.rtp-sink | [         audio.c:  553 rtp_audio_process_capture()] timestamp: expected 128 != actual 0
[I][13:55:48.291251] mod.rtp-sink | [         audio.c:  567 rtp_audio_process_capture()] (re)sync to timestamp:0 seq:22576 ts_offset:0 SSRC:3076146323
[W][13:55:48.293751] mod.rtp-sink | [         audio.c:  553 rtp_audio_process_capture()] timestamp: expected 128 != actual 0
[I][13:55:48.293758] mod.rtp-sink | [         audio.c:  567 rtp_audio_process_capture()] (re)sync to timestamp:0 seq:22578 ts_offset:0 SSRC:3076146323
[W][13:55:48.296509] mod.rtp-sink | [         audio.c:  553 rtp_audio_process_capture()] timestamp: expected 128 != actual 0
[I][13:55:48.296520] mod.rtp-sink | [         audio.c:  567 rtp_audio_process_capture()] (re)sync to timestamp:0 seq:22580 ts_offset:0 SSRC:3076146323
[W][13:55:48.299248] mod.rtp-sink | [         audio.c:  553 rtp_audio_process_capture()] timestamp: expected 128 != actual 0
[I][13:55:48.299259] mod.rtp-sink | [         audio.c:  567 rtp_audio_process_capture()] (re)sync to timestamp:0 seq:22582 ts_offset:0 SSRC:3076146323
[W][13:55:48.301742] mod.rtp-sink | [         audio.c:  553 rtp_audio_process_capture()] timestamp: expected 128 != actual 0
[I][13:55:48.301752] mod.rtp-sink | [         audio.c:  567 rtp_audio_process_capture()] (re)sync to timestamp:0 seq:22584 ts_offset:0 SSRC:3076146323
[W][13:55:48.304490] mod.rtp-sink | [         audio.c:  553 rtp_audio_process_capture()] timestamp: expected 128 != actual 0
[I][13:55:48.304496] mod.rtp-sink | [         audio.c:  567 rtp_audio_process_capture()] (re)sync to timestamp:0 seq:22586 ts_offset:0 SSRC:3076146323
[W][13:55:48.307240] mod.rtp-sink | [         audio.c:  553 rtp_audio_process_capture()] timestamp: expected 128 != actual 0
[I][13:55:48.307246] mod.rtp-sink | [         audio.c:  567 rtp_audio_process_capture()] (re)sync to timestamp:0 seq:22588 ts_offset:0 SSRC:3076146323
[W][13:55:48.309742] mod.rtp-sink | [         audio.c:  553 rtp_audio_process_capture()] timestamp: expected 128 != actual 0
[I][13:55:48.309749] mod.rtp-sink | [         audio.c:  567 rtp_audio_process_capture()] (re)sync to timestamp:0 seq:22590 ts_offset:0 SSRC:3076146323
[W][13:55:48.312494] mod.rtp-sink | [         audio.c:  553 rtp_audio_process_capture()] timestamp: expected 128 != actual 0
[I][13:55:48.312504] mod.rtp-sink | [         audio.c:  567 rtp_audio_process_capture()] (re)sync to timestamp:0 seq:22592 ts_offset:0 SSRC:3076146323
[W][13:55:48.315242] mod.rtp-sink | [         audio.c:  553 rtp_audio_process_capture()] timestamp: expected 128 != actual 0
[I][13:55:48.315251] mod.rtp-sink | [         audio.c:  567 rtp_audio_process_capture()] (re)sync to timestamp:0 seq:22594 ts_offset:0 SSRC:3076146323
[W][13:55:48.317742] mod.rtp-sink | [         audio.c:  553 rtp_audio_process_capture()] timestamp: expected 128 != actual 0
[I][13:55:48.317751] mod.rtp-sink | [         audio.c:  567 rtp_audio_process_capture()] (re)sync to timestamp:0 seq:22596 ts_offset:0 SSRC:3076146323
[W][13:55:48.320485] mod.rtp-sink | [         audio.c:  553 rtp_audio_process_capture()] timestamp: expected 128 != actual 0
[I][13:55:48.320491] mod.rtp-sink | [         audio.c:  567 rtp_audio_process_capture()] (re)sync to timestamp:0 seq:22598 ts_offset:0 SSRC:3076146323
[W][13:55:48.323232] mod.rtp-sink | [         audio.c:  553 rtp_audio_process_capture()] timestamp: expected 128 != actual 0
[I][13:55:48.323238] mod.rtp-sink | [         audio.c:  567 rtp_audio_process_capture()] (re)sync to timestamp:0 seq:22600 ts_offset:0 SSRC:3076146323
[W][13:55:48.325734] mod.rtp-sink | [         audio.c:  553 rtp_audio_process_capture()] timestamp: expected 128 != actual 0
[I][13:55:48.325741] mod.rtp-sink | [         audio.c:  567 rtp_audio_process_capture()] (re)sync to timestamp:0 seq:22602 ts_offset:0 SSRC:3076146323
[W][13:55:48.328485] mod.rtp-sink | [         audio.c:  553 rtp_audio_process_capture()] timestamp: expected 128 != actual 0
[I][13:55:48.328493] mod.rtp-sink | [         audio.c:  567 rtp_audio_process_capture()] (re)sync to timestamp:0 seq:22604 ts_offset:0 SSRC:3076146323
[W][13:55:48.331239] mod.rtp-sink | [         audio.c:  553 rtp_audio_process_capture()] timestamp: expected 128 != actual 0
[I][13:55:48.331249] mod.rtp-sink | [         audio.c:  567 rtp_audio_process_capture()] (re)sync to timestamp:0 seq:22606 ts_offset:0 SSRC:3076146323
[W][13:55:48.333733] mod.rtp-sink | [         audio.c:  553 rtp_audio_process_capture()] timestamp: expected 128 != actual 0
[I][13:55:48.333743] mod.rtp-sink | [         audio.c:  567 rtp_audio_process_capture()] (re)sync to timestamp:0 seq:22608 ts_offset:0 SSRC:3076146323
[W][13:55:48.336477] mod.rtp-sink | [         audio.c:  553 rtp_audio_process_capture()] timestamp: expected 128 != actual 0
[I][13:55:48.336485] mod.rtp-sink | [         audio.c:  567 rtp_audio_process_capture()] (re)sync to timestamp:0 seq:22610 ts_offset:0 SSRC:3076146323
[W][13:55:48.339225] mod.rtp-sink | [         audio.c:  553 rtp_audio_process_capture()] timestamp: expected 128 != actual 0
[I][13:55:48.339231] mod.rtp-sink | [         audio.c:  567 rtp_audio_process_capture()] (re)sync to timestamp:0 seq:22612 ts_offset:0 SSRC:3076146323
[W][13:55:48.341724] mod.rtp-sink | [         audio.c:  553 rtp_audio_process_capture()] timestamp: expected 128 != actual 0
[I][13:55:48.341730] mod.rtp-sink | [         audio.c:  567 rtp_audio_process_capture()] (re)sync to timestamp:0 seq:22614 ts_offset:0 SSRC:3076146323
[W][13:55:48.344482] mod.rtp-sink | [         audio.c:  553 rtp_audio_process_capture()] timestamp: expected 128 != actual 0
[I][13:55:48.344492] mod.rtp-sink | [         audio.c:  567 rtp_audio_process_capture()] (re)sync to timestamp:0 seq:22616 ts_offset:0 SSRC:3076146323
[W][13:55:48.347237] mod.rtp-sink | [         audio.c:  553 rtp_audio_process_capture()] timestamp: expected 128 != actual 0
[I][13:55:48.347251] mod.rtp-sink | [         audio.c:  567 rtp_audio_process_capture()] (re)sync to timestamp:0 seq:22618 ts_offset:0 SSRC:3076146323
[W][13:55:48.349729] mod.rtp-sink | [         audio.c:  553 rtp_audio_process_capture()] timestamp: expected 128 != actual 0
[I][13:55:48.349739] mod.rtp-sink | [         audio.c:  567 rtp_audio_process_capture()] (re)sync to timestamp:0 seq:22620 ts_offset:0 SSRC:3076146323
[W][13:55:48.352467] mod.rtp-sink | [         audio.c:  553 rtp_audio_process_capture()] timestamp: expected 128 != actual 0
[I][13:55:48.352476] mod.rtp-sink | [         audio.c:  567 rtp_audio_process_capture()] (re)sync to timestamp:0 seq:22622 ts_offset:0 SSRC:3076146323
[W][13:55:48.355218] mod.rtp-sink | [         audio.c:  553 rtp_audio_process_capture()] timestamp: expected 128 != actual 0
[I][13:55:48.355225] mod.rtp-sink | [         audio.c:  567 rtp_audio_process_capture()] (re)sync to timestamp:0 seq:22624 ts_offset:0 SSRC:3076146323
[W][13:55:48.357716] mod.rtp-sink | [         audio.c:  553 rtp_audio_process_capture()] timestamp: expected 128 != actual 0
[I][13:55:48.357722] mod.rtp-sink | [         audio.c:  567 rtp_audio_process_capture()] (re)sync to timestamp:0 seq:22626 ts_offset:0 SSRC:3076146323
[W][13:55:48.360476] mod.rtp-sink | [         audio.c:  553 rtp_audio_process_capture()] timestamp: expected 128 != actual 0
[I][13:55:48.360488] mod.rtp-sink | [         audio.c:  567 rtp_audio_process_capture()] (re)sync to timestamp:0 seq:22628 ts_offset:0 SSRC:3076146323
[W][13:55:48.363222] mod.rtp-sink | [         audio.c:  553 rtp_audio_process_capture()] timestamp: expected 128 != actual 0
[I][13:55:48.363233] mod.rtp-sink | [         audio.c:  567 rtp_audio_process_capture()] (re)sync to timestamp:0 seq:22630 ts_offset:0 SSRC:3076146323
[W][13:55:48.365719] mod.rtp-sink | [         audio.c:  553 rtp_audio_process_capture()] timestamp: expected 128 != actual 0
[I][13:55:48.365728] mod.rtp-sink | [         audio.c:  567 rtp_audio_process_capture()] (re)sync to timestamp:0 seq:22632 ts_offset:0 SSRC:3076146323
[W][13:55:48.368461] mod.rtp-sink | [         audio.c:  553 rtp_audio_process_capture()] timestamp: expected 128 != actual 0
[I][13:55:48.368471] mod.rtp-sink | [         audio.c:  567 rtp_audio_process_capture()] (re)sync to timestamp:0 seq:22634 ts_offset:0 SSRC:3076146323
[W][13:55:48.371210] mod.rtp-sink | [         audio.c:  553 rtp_audio_process_capture()] timestamp: expected 128 != actual 0
[I][13:55:48.371217] mod.rtp-sink | [         audio.c:  567 rtp_audio_process_capture()] (re)sync to timestamp:0 seq:22636 ts_offset:0 SSRC:3076146323
[W][13:55:48.373709] mod.rtp-sink | [         audio.c:  553 rtp_audio_process_capture()] timestamp: expected 128 != actual 0
[I][13:55:48.373715] mod.rtp-sink | [         audio.c:  567 rtp_audio_process_capture()] (re)sync to timestamp:0 seq:22638 ts_offset:0 SSRC:3076146323
[W][13:55:48.376461] mod.rtp-sink | [         audio.c:  553 rtp_audio_process_capture()] timestamp: expected 128 != actual 0
[I][13:55:48.376470] mod.rtp-sink | [         audio.c:  567 rtp_audio_process_capture()] (re)sync to timestamp:0 seq:22640 ts_offset:0 SSRC:3076146323
[W][13:55:48.379216] mod.rtp-sink | [         audio.c:  553 rtp_audio_process_capture()] timestamp: expected 128 != actual 0
[I][13:55:48.379228] mod.rtp-sink | [         audio.c:  567 rtp_audio_process_capture()] (re)sync to timestamp:0 seq:22642 ts_offset:0 SSRC:3076146323
[W][13:55:48.381710] mod.rtp-sink | [         audio.c:  553 rtp_audio_process_capture()] timestamp: expected 128 != actual 0
[I][13:55:48.381722] mod.rtp-sink | [         audio.c:  567 rtp_audio_process_capture()] (re)sync to timestamp:0 seq:22644 ts_offset:0 SSRC:3076146323
[W][13:55:48.384455] mod.rtp-sink | [         audio.c:  553 rtp_audio_process_capture()] timestamp: expected 128 != actual 0
[I][13:55:48.384464] mod.rtp-sink | [         audio.c:  567 rtp_audio_process_capture()] (re)sync to timestamp:0 seq:22646 ts_offset:0 SSRC:3076146323
[W][13:55:48.387204] mod.rtp-sink | [         audio.c:  553 rtp_audio_process_capture()] timestamp: expected 128 != actual 0
[I][13:55:48.387212] mod.rtp-sink | [         audio.c:  567 rtp_audio_process_capture()] (re)sync to timestamp:0 seq:22648 ts_offset:0 SSRC:3076146323
[W][13:55:48.389701] mod.rtp-sink | [         audio.c:  553 rtp_audio_process_capture()] timestamp: expected 128 != actual 0
[I][13:55:48.389709] mod.rtp-sink | [         audio.c:  567 rtp_audio_process_capture()] (re)sync to timestamp:0 seq:22650 ts_offset:0 SSRC:3076146323
[W][13:55:48.392457] mod.rtp-sink | [         audio.c:  553 rtp_audio_process_capture()] timestamp: expected 128 != actual 0
[I][13:55:48.392465] mod.rtp-sink | [         audio.c:  567 rtp_audio_process_capture()] (re)sync to timestamp:0 seq:22652 ts_offset:0 SSRC:3076146323
[W][13:55:48.395215] mod.rtp-sink | [         audio.c:  553 rtp_audio_process_capture()] timestamp: expected 128 != actual 0
[I][13:55:48.395226] mod.rtp-sink | [         audio.c:  567 rtp_audio_process_capture()] (re)sync to timestamp:0 seq:22654 ts_offset:0 SSRC:3076146323
[W][13:55:48.397711] mod.rtp-sink | [         audio.c:  553 rtp_audio_process_capture()] timestamp: expected 128 != actual 0
[I][13:55:48.397724] mod.rtp-sink | [         audio.c:  567 rtp_audio_process_capture()] (re)sync to timestamp:0 seq:22656 ts_offset:0 SSRC:3076146323
[W][13:55:48.400454] mod.rtp-sink | [         audio.c:  553 rtp_audio_process_capture()] timestamp: expected 128 != actual 0
[I][13:55:48.400464] mod.rtp-sink | [         audio.c:  567 rtp_audio_process_capture()] (re)sync to timestamp:0 seq:22658 ts_offset:0 SSRC:3076146323
[W][13:55:48.403196] mod.rtp-sink | [         audio.c:  553 rtp_audio_process_capture()] timestamp: expected 128 != actual 0
[I][13:55:48.403201] mod.rtp-sink | [         audio.c:  567 rtp_audio_process_capture()] (re)sync to timestamp:0 seq:22660 ts_offset:0 SSRC:3076146323
[W][13:55:48.405692] mod.rtp-sink | [         audio.c:  553 rtp_audio_process_capture()] timestamp: expected 128 != actual 0
[I][13:55:48.405695] mod.rtp-sink | [         audio.c:  567 rtp_audio_process_capture()] (re)sync to timestamp:0 seq:22662 ts_offset:0 SSRC:3076146323
[W][13:55:48.408437] mod.rtp-sink | [         audio.c:  553 rtp_audio_process_capture()] timestamp: expected 128 != actual 0
[I][13:55:48.408441] mod.rtp-sink | [         audio.c:  567 rtp_audio_process_capture()] (re)sync to timestamp:0 seq:22664 ts_offset:0 SSRC:3076146323
[W][13:55:48.411204] mod.rtp-sink | [         audio.c:  553 rtp_audio_process_capture()] timestamp: expected 128 != actual 0
[I][13:55:48.411214] mod.rtp-sink | [         audio.c:  567 rtp_audio_process_capture()] (re)sync to timestamp:0 seq:22666 ts_offset:0 SSRC:3076146323
[W][13:55:48.413713] mod.rtp-sink | [         audio.c:  553 rtp_audio_process_capture()] timestamp: expected 128 != actual 0
[I][13:55:48.413726] mod.rtp-sink | [         audio.c:  567 rtp_audio_process_capture()] (re)sync to timestamp:0 seq:22668 ts_offset:0 SSRC:3076146323
[W][13:55:48.416445] mod.rtp-sink | [         audio.c:  553 rtp_audio_process_capture()] timestamp: expected 128 != actual 0
[I][13:55:48.416455] mod.rtp-sink | [         audio.c:  567 rtp_audio_process_capture()] (re)sync to timestamp:0 seq:22670 ts_offset:0 SSRC:3076146323
[W][13:55:48.419186] mod.rtp-sink | [         audio.c:  553 rtp_audio_process_capture()] timestamp: expected 128 != actual 0
[I][13:55:48.419195] mod.rtp-sink | [         audio.c:  567 rtp_audio_process_capture()] (re)sync to timestamp:0 seq:22672 ts_offset:0 SSRC:3076146323
[W][13:55:48.421694] mod.rtp-sink | [         audio.c:  553 rtp_audio_process_capture()] timestamp: expected 128 != actual 0
[I][13:55:48.421703] mod.rtp-sink | [         audio.c:  567 rtp_audio_process_capture()] (re)sync to timestamp:0 seq:22674 ts_offset:0 SSRC:3076146323
[W][13:55:48.424431] mod.rtp-sink | [         audio.c:  553 rtp_audio_process_capture()] timestamp: expected 128 != actual 0
[I][13:55:48.424438] mod.rtp-sink | [         audio.c:  567 rtp_audio_process_capture()] (re)sync to timestamp:0 seq:22676 ts_offset:0 SSRC:3076146323
[W][13:55:48.427189] mod.rtp-sink | [         audio.c:  553 rtp_audio_process_capture()] timestamp: expected 128 != actual 0
[I][13:55:48.427198] mod.rtp-sink | [         audio.c:  567 rtp_audio_process_capture()] (re)sync to timestamp:0 seq:22678 ts_offset:0 SSRC:3076146323
[W][13:55:48.429936] mod.rtp-sink | [         audio.c:  553 rtp_audio_process_capture()] timestamp: expected 128 != actual 0
[I][13:55:48.429946] mod.rtp-sink | [         audio.c:  567 rtp_audio_process_capture()] (re)sync to timestamp:0 seq:22680 ts_offset:0 SSRC:3076146323
[W][13:55:48.432438] mod.rtp-sink | [         audio.c:  553 rtp_audio_process_capture()] timestamp: expected 128 != actual 0
[I][13:55:48.432447] mod.rtp-sink | [         audio.c:  567 rtp_audio_process_capture()] (re)sync to timestamp:0 seq:22682 ts_offset:0 SSRC:3076146323
[W][13:55:48.435181] mod.rtp-sink | [         audio.c:  553 rtp_audio_process_capture()] timestamp: expected 128 != actual 0
[I][13:55:48.435191] mod.rtp-sink | [         audio.c:  567 rtp_audio_process_capture()] (re)sync to timestamp:0 seq:22684 ts_offset:0 SSRC:3076146323
[W][13:55:48.437929] mod.rtp-sink | [         audio.c:  553 rtp_audio_process_capture()] timestamp: expected 128 != actual 0
[I][13:55:48.437937] mod.rtp-sink | [         audio.c:  567 rtp_audio_process_capture()] (re)sync to timestamp:0 seq:22686 ts_offset:0 SSRC:3076146323
[W][13:55:48.440426] mod.rtp-sink | [         audio.c:  553 rtp_audio_process_capture()] timestamp: expected 128 != actual 0
[I][13:55:48.440432] mod.rtp-sink | [         audio.c:  567 rtp_audio_process_capture()] (re)sync to timestamp:0 seq:22688 ts_offset:0 SSRC:3076146323
[W][13:55:48.443185] mod.rtp-sink | [         audio.c:  553 rtp_audio_process_capture()] timestamp: expected 128 != actual 0
[I][13:55:48.443194] mod.rtp-sink | [         audio.c:  567 rtp_audio_process_capture()] (re)sync to timestamp:0 seq:22690 ts_offset:0 SSRC:3076146323
[W][13:55:48.445933] mod.rtp-sink | [         audio.c:  553 rtp_audio_process_capture()] timestamp: expected 128 != actual 0
[I][13:55:48.445944] mod.rtp-sink | [         audio.c:  567 rtp_audio_process_capture()] (re)sync to timestamp:0 seq:22692 ts_offset:0 SSRC:3076146323
[W][13:55:48.448433] mod.rtp-sink | [         audio.c:  553 rtp_audio_process_capture()] timestamp: expected 128 != actual 0
[I][13:55:48.448443] mod.rtp-sink | [         audio.c:  567 rtp_audio_process_capture()] (re)sync to timestamp:0 seq:22694 ts_offset:0 SSRC:3076146323
[W][13:55:48.451175] mod.rtp-sink | [         audio.c:  553 rtp_audio_process_capture()] timestamp: expected 128 != actual 0
[I][13:55:48.451183] mod.rtp-sink | [         audio.c:  567 rtp_audio_process_capture()] (re)sync to timestamp:0 seq:22696 ts_offset:0 SSRC:3076146323
[W][13:55:48.453922] mod.rtp-sink | [         audio.c:  553 rtp_audio_process_capture()] timestamp: expected 128 != actual 0
[I][13:55:48.453929] mod.rtp-sink | [         audio.c:  567 rtp_audio_process_capture()] (re)sync to timestamp:0 seq:22698 ts_offset:0 SSRC:3076146323
[W][13:55:48.456420] mod.rtp-sink | [         audio.c:  553 rtp_audio_process_capture()] timestamp: expected 128 != actual 0
[I][13:55:48.456427] mod.rtp-sink | [         audio.c:  567 rtp_audio_process_capture()] (re)sync to timestamp:0 seq:22700 ts_offset:0 SSRC:3076146323
[W][13:55:48.459171] mod.rtp-sink | [         audio.c:  553 rtp_audio_process_capture()] timestamp: expected 128 != actual 0
[I][13:55:48.459178] mod.rtp-sink | [         audio.c:  567 rtp_audio_process_capture()] (re)sync to timestamp:0 seq:22702 ts_offset:0 SSRC:3076146323
[W][13:55:48.461923] mod.rtp-sink | [         audio.c:  553 rtp_audio_process_capture()] timestamp: expected 128 != actual 0
[I][13:55:48.461932] mod.rtp-sink | [         audio.c:  567 rtp_audio_process_capture()] (re)sync to timestamp:0 seq:22704 ts_offset:0 SSRC:3076146323
[W][13:55:48.464433] mod.rtp-sink | [         audio.c:  553 rtp_audio_process_capture()] timestamp: expected 128 != actual 0
[I][13:55:48.464445] mod.rtp-sink | [         audio.c:  567 rtp_audio_process_capture()] (re)sync to timestamp:0 seq:22706 ts_offset:0 SSRC:3076146323
[W][13:55:48.467174] mod.rtp-sink | [         audio.c:  553 rtp_audio_process_capture()] timestamp: expected 128 != actual 0
[I][13:55:48.467183] mod.rtp-sink | [         audio.c:  567 rtp_audio_process_capture()] (re)sync to timestamp:0 seq:22708 ts_offset:0 SSRC:3076146323
[W][13:55:48.469911] mod.rtp-sink | [         audio.c:  553 rtp_audio_process_capture()] timestamp: expected 128 != actual 0
[I][13:55:48.469919] mod.rtp-sink | [         audio.c:  567 rtp_audio_process_capture()] (re)sync to timestamp:0 seq:22710 ts_offset:0 SSRC:3076146323
[W][13:55:48.472409] mod.rtp-sink | [         audio.c:  553 rtp_audio_process_capture()] timestamp: expected 128 != actual 0
[I][13:55:48.472416] mod.rtp-sink | [         audio.c:  567 rtp_audio_process_capture()] (re)sync to timestamp:0 seq:22712 ts_offset:0 SSRC:3076146323
[W][13:55:48.475158] mod.rtp-sink | [         audio.c:  553 rtp_audio_process_capture()] timestamp: expected 128 != actual 0
[I][13:55:48.475164] mod.rtp-sink | [         audio.c:  567 rtp_audio_process_capture()] (re)sync to timestamp:0 seq:22714 ts_offset:0 SSRC:3076146323
[W][13:55:48.477923] mod.rtp-sink | [         audio.c:  553 rtp_audio_process_capture()] timestamp: expected 128 != actual 0
[I][13:55:48.477934] mod.rtp-sink | [         audio.c:  567 rtp_audio_process_capture()] (re)sync to timestamp:0 seq:22716 ts_offset:0 SSRC:3076146323
[W][13:55:48.480422] mod.rtp-sink | [         audio.c:  553 rtp_audio_process_capture()] timestamp: expected 128 != actual 0
[I][13:55:48.480434] mod.rtp-sink | [         audio.c:  567 rtp_audio_process_capture()] (re)sync to timestamp:0 seq:22718 ts_offset:0 SSRC:3076146323
[W][13:55:48.483171] mod.rtp-sink | [         audio.c:  553 rtp_audio_process_capture()] timestamp: expected 128 != actual 0
[I][13:55:48.483180] mod.rtp-sink | [         audio.c:  567 rtp_audio_process_capture()] (re)sync to timestamp:0 seq:22720 ts_offset:0 SSRC:3076146323
[W][13:55:48.485910] mod.rtp-sink | [         audio.c:  553 rtp_audio_process_capture()] timestamp: expected 128 != actual 0
[I][13:55:48.485919] mod.rtp-sink | [         audio.c:  567 rtp_audio_process_capture()] (re)sync to timestamp:0 seq:22722 ts_offset:0 SSRC:3076146323
[W][13:55:48.488404] mod.rtp-sink | [         audio.c:  553 rtp_audio_process_capture()] timestamp: expected 128 != actual 0
[I][13:55:48.488411] mod.rtp-sink | [         audio.c:  567 rtp_audio_process_capture()] (re)sync to timestamp:0 seq:22724 ts_offset:0 SSRC:3076146323
[W][13:55:48.491160] mod.rtp-sink | [         audio.c:  553 rtp_audio_process_capture()] timestamp: expected 128 != actual 0
[I][13:55:48.491166] mod.rtp-sink | [         audio.c:  567 rtp_audio_process_capture()] (re)sync to timestamp:0 seq:22726 ts_offset:0 SSRC:3076146323
[W][13:55:48.493903] mod.rtp-sink | [         audio.c:  553 rtp_audio_process_capture()] timestamp: expected 128 != actual 0
[I][13:55:48.493911] mod.rtp-sink | [         audio.c:  567 rtp_audio_process_capture()] (re)sync to timestamp:0 seq:22728 ts_offset:0 SSRC:3076146323
[W][13:55:48.496411] mod.rtp-sink | [         audio.c:  553 rtp_audio_process_capture()] timestamp: expected 128 != actual 0
[I][13:55:48.496421] mod.rtp-sink | [         audio.c:  567 rtp_audio_process_capture()] (re)sync to timestamp:0 seq:22730 ts_offset:0 SSRC:3076146323
[W][13:55:48.499159] mod.rtp-sink | [         audio.c:  553 rtp_audio_process_capture()] timestamp: expected 128 != actual 0
[I][13:55:48.499170] mod.rtp-sink | [         audio.c:  567 rtp_audio_process_capture()] (re)sync to timestamp:0 seq:22732 ts_offset:0 SSRC:3076146323
[W][13:55:48.501902] mod.rtp-sink | [         audio.c:  553 rtp_audio_process_capture()] timestamp: expected 128 != actual 0
[I][13:55:48.501912] mod.rtp-sink | [         audio.c:  567 rtp_audio_process_capture()] (re)sync to timestamp:0 seq:22734 ts_offset:0 SSRC:3076146323
[W][13:55:48.504395] mod.rtp-sink | [         audio.c:  553 rtp_audio_process_capture()] timestamp: expected 128 != actual 0
[I][13:55:48.504401] mod.rtp-sink | [         audio.c:  567 rtp_audio_process_capture()] (re)sync to timestamp:0 seq:22736 ts_offset:0 SSRC:3076146323
[W][13:55:48.507158] mod.rtp-sink | [         audio.c:  553 rtp_audio_process_capture()] timestamp: expected 128 != actual 0
[I][13:55:48.507166] mod.rtp-sink | [         audio.c:  567 rtp_audio_process_capture()] (re)sync to timestamp:0 seq:22738 ts_offset:0 SSRC:3076146323
[W][13:55:48.509894] mod.rtp-sink | [         audio.c:  553 rtp_audio_process_capture()] timestamp: expected 128 != actual 0
[I][13:55:48.509902] mod.rtp-sink | [         audio.c:  567 rtp_audio_process_capture()] (re)sync to timestamp:0 seq:22740 ts_offset:0 SSRC:3076146323
[W][13:55:48.512398] mod.rtp-sink | [         audio.c:  553 rtp_audio_process_capture()] timestamp: expected 128 != actual 0
[I][13:55:48.512408] mod.rtp-sink | [         audio.c:  567 rtp_audio_process_capture()] (re)sync to timestamp:0 seq:22742 ts_offset:0 SSRC:3076146323
[W][13:55:48.515152] mod.rtp-sink | [         audio.c:  553 rtp_audio_process_capture()] timestamp: expected 128 != actual 0
[I][13:55:48.515163] mod.rtp-sink | [         audio.c:  567 rtp_audio_process_capture()] (re)sync to timestamp:0 seq:22744 ts_offset:0 SSRC:3076146323
[W][13:55:48.517894] mod.rtp-sink | [         audio.c:  553 rtp_audio_process_capture()] timestamp: expected 128 != actual 0
[I][13:55:48.517904] mod.rtp-sink | [         audio.c:  567 rtp_audio_process_capture()] (re)sync to timestamp:0 seq:22746 ts_offset:0 SSRC:3076146323
[W][13:55:48.520386] mod.rtp-sink | [         audio.c:  553 rtp_audio_process_capture()] timestamp: expected 128 != actual 0
[I][13:55:48.520393] mod.rtp-sink | [         audio.c:  567 rtp_audio_process_capture()] (re)sync to timestamp:0 seq:22748 ts_offset:0 SSRC:3076146323
[W][13:55:48.523138] mod.rtp-sink | [         audio.c:  553 rtp_audio_process_capture()] timestamp: expected 128 != actual 0
[I][13:55:48.523144] mod.rtp-sink | [         audio.c:  567 rtp_audio_process_capture()] (re)sync to timestamp:0 seq:22750 ts_offset:0 SSRC:3076146323
[W][13:55:48.525891] mod.rtp-sink | [         audio.c:  553 rtp_audio_process_capture()] timestamp: expected 128 != actual 0
[I][13:55:48.525898] mod.rtp-sink | [         audio.c:  567 rtp_audio_process_capture()] (re)sync to timestamp:0 seq:22752 ts_offset:0 SSRC:3076146323
[W][13:55:48.528394] mod.rtp-sink | [         audio.c:  553 rtp_audio_process_capture()] timestamp: expected 128 != actual 0
[I][13:55:48.528405] mod.rtp-sink | [         audio.c:  567 rtp_audio_process_capture()] (re)sync to timestamp:0 seq:22754 ts_offset:0 SSRC:3076146323
[W][13:55:48.531149] mod.rtp-sink | [         audio.c:  553 rtp_audio_process_capture()] timestamp: expected 128 != actual 0
[I][13:55:48.531160] mod.rtp-sink | [         audio.c:  567 rtp_audio_process_capture()] (re)sync to timestamp:0 seq:22756 ts_offset:0 SSRC:3076146323
[W][13:55:48.533883] mod.rtp-sink | [         audio.c:  553 rtp_audio_process_capture()] timestamp: expected 128 != actual 0
[I][13:55:48.533893] mod.rtp-sink | [         audio.c:  567 rtp_audio_process_capture()] (re)sync to timestamp:0 seq:22758 ts_offset:0 SSRC:3076146323
[W][13:55:48.536381] mod.rtp-sink | [         audio.c:  553 rtp_audio_process_capture()] timestamp: expected 128 != actual 0
[I][13:55:48.536388] mod.rtp-sink | [         audio.c:  567 rtp_audio_process_capture()] (re)sync to timestamp:0 seq:22760 ts_offset:0 SSRC:3076146323
[W][13:55:48.539127] mod.rtp-sink | [         audio.c:  553 rtp_audio_process_capture()] timestamp: expected 128 != actual 0
[I][13:55:48.539133] mod.rtp-sink | [         audio.c:  567 rtp_audio_process_capture()] (re)sync to timestamp:0 seq:22762 ts_offset:0 SSRC:3076146323
[W][13:55:48.541878] mod.rtp-sink | [         audio.c:  553 rtp_audio_process_capture()] timestamp: expected 128 != actual 0
[I][13:55:48.541885] mod.rtp-sink | [         audio.c:  567 rtp_audio_process_capture()] (re)sync to timestamp:0 seq:22764 ts_offset:0 SSRC:3076146323
[W][13:55:48.544387] mod.rtp-sink | [         audio.c:  553 rtp_audio_process_capture()] timestamp: expected 128 != actual 0
[I][13:55:48.544395] mod.rtp-sink | [         audio.c:  567 rtp_audio_process_capture()] (re)sync to timestamp:0 seq:22766 ts_offset:0 SSRC:3076146323
[W][13:55:48.547148] mod.rtp-sink | [         audio.c:  553 rtp_audio_process_capture()] timestamp: expected 128 != actual 0
[I][13:55:48.547162] mod.rtp-sink | [         audio.c:  567 rtp_audio_process_capture()] (re)sync to timestamp:0 seq:22768 ts_offset:0 SSRC:3076146323
[W][13:55:48.549885] mod.rtp-sink | [         audio.c:  553 rtp_audio_process_capture()] timestamp: expected 128 != actual 0
[I][13:55:48.549897] mod.rtp-sink | [         audio.c:  567 rtp_audio_process_capture()] (re)sync to timestamp:0 seq:22770 ts_offset:0 SSRC:3076146323
[W][13:55:48.552377] mod.rtp-sink | [         audio.c:  553 rtp_audio_process_capture()] timestamp: expected 128 != actual 0
[I][13:55:48.552384] mod.rtp-sink | [         audio.c:  567 rtp_audio_process_capture()] (re)sync to timestamp:0 seq:22772 ts_offset:0 SSRC:3076146323
[W][13:55:48.555120] mod.rtp-sink | [         audio.c:  553 rtp_audio_process_capture()] timestamp: expected 128 != actual 0
[I][13:55:48.555127] mod.rtp-sink | [         audio.c:  567 rtp_audio_process_capture()] (re)sync to timestamp:0 seq:22774 ts_offset:0 SSRC:3076146323
[W][13:55:48.557872] mod.rtp-sink | [         audio.c:  553 rtp_audio_process_capture()] timestamp: expected 128 != actual 0
[I][13:55:48.557879] mod.rtp-sink | [         audio.c:  567 rtp_audio_process_capture()] (re)sync to timestamp:0 seq:22776 ts_offset:0 SSRC:3076146323
[W][13:55:48.560377] mod.rtp-sink | [         audio.c:  553 rtp_audio_process_capture()] timestamp: expected 128 != actual 0
[I][13:55:48.560384] mod.rtp-sink | [         audio.c:  567 rtp_audio_process_capture()] (re)sync to timestamp:0 seq:22778 ts_offset:0 SSRC:3076146323
[W][13:55:48.563125] mod.rtp-sink | [         audio.c:  553 rtp_audio_process_capture()] timestamp: expected 128 != actual 0
[I][13:55:48.563152] mod.rtp-sink | [         audio.c:  567 rtp_audio_process_capture()] (re)sync to timestamp:0 seq:22780 ts_offset:0 SSRC:3076146323
[W][13:55:48.565874] mod.rtp-sink | [         audio.c:  553 rtp_audio_process_capture()] timestamp: expected 128 != actual 0
[I][13:55:48.565887] mod.rtp-sink | [         audio.c:  567 rtp_audio_process_capture()] (re)sync to timestamp:0 seq:22782 ts_offset:0 SSRC:3076146323
[W][13:55:48.568366] mod.rtp-sink | [         audio.c:  553 rtp_audio_process_capture()] timestamp: expected 128 != actual 0
[I][13:55:48.568375] mod.rtp-sink | [         audio.c:  567 rtp_audio_process_capture()] (re)sync to timestamp:0 seq:22784 ts_offset:0 SSRC:3076146323
[W][13:55:48.571118] mod.rtp-sink | [         audio.c:  553 rtp_audio_process_capture()] timestamp: expected 128 != actual 0
[I][13:55:48.571127] mod.rtp-sink | [         audio.c:  567 rtp_audio_process_capture()] (re)sync to timestamp:0 seq:22786 ts_offset:0 SSRC:3076146323
[W][13:55:48.573864] mod.rtp-sink | [         audio.c:  553 rtp_audio_process_capture()] timestamp: expected 128 != actual 0
[I][13:55:48.573871] mod.rtp-sink | [         audio.c:  567 rtp_audio_process_capture()] (re)sync to timestamp:0 seq:22788 ts_offset:0 SSRC:3076146323
[W][13:55:48.576363] mod.rtp-sink | [         audio.c:  553 rtp_audio_process_capture()] timestamp: expected 128 != actual 0
[I][13:55:48.576370] mod.rtp-sink | [         audio.c:  567 rtp_audio_process_capture()] (re)sync to timestamp:0 seq:22790 ts_offset:0 SSRC:3076146323
[W][13:55:48.579114] mod.rtp-sink | [         audio.c:  553 rtp_audio_process_capture()] timestamp: expected 128 != actual 0
[I][13:55:48.579124] mod.rtp-sink | [         audio.c:  567 rtp_audio_process_capture()] (re)sync to timestamp:0 seq:22792 ts_offset:0 SSRC:3076146323
[W][13:55:48.581865] mod.rtp-sink | [         audio.c:  553 rtp_audio_process_capture()] timestamp: expected 128 != actual 0
[I][13:55:48.581876] mod.rtp-sink | [         audio.c:  567 rtp_audio_process_capture()] (re)sync to timestamp:0 seq:22794 ts_offset:0 SSRC:3076146323
[W][13:55:48.584361] mod.rtp-sink | [         audio.c:  553 rtp_audio_process_capture()] timestamp: expected 128 != actual 0
[I][13:55:48.584370] mod.rtp-sink | [         audio.c:  567 rtp_audio_process_capture()] (re)sync to timestamp:0 seq:22796 ts_offset:0 SSRC:3076146323
[W][13:55:48.587110] mod.rtp-sink | [         audio.c:  553 rtp_audio_process_capture()] timestamp: expected 128 != actual 0
[I][13:55:48.587119] mod.rtp-sink | [         audio.c:  567 rtp_audio_process_capture()] (re)sync to timestamp:0 seq:22798 ts_offset:0 SSRC:3076146323
[W][13:55:48.589854] mod.rtp-sink | [         audio.c:  553 rtp_audio_process_capture()] timestamp: expected 128 != actual 0
[I][13:55:48.589862] mod.rtp-sink | [         audio.c:  567 rtp_audio_process_capture()] (re)sync to timestamp:0 seq:22800 ts_offset:0 SSRC:3076146323
[W][13:55:48.592610] mod.rtp-sink | [         audio.c:  553 rtp_audio_process_capture()] timestamp: expected 128 != actual 0
[I][13:55:48.592618] mod.rtp-sink | [         audio.c:  567 rtp_audio_process_capture()] (re)sync to timestamp:0 seq:22802 ts_offset:0 SSRC:3076146323
[W][13:55:48.595107] mod.rtp-sink | [         audio.c:  553 rtp_audio_process_capture()] timestamp: expected 128 != actual 0
[I][13:55:48.595114] mod.rtp-sink | [         audio.c:  567 rtp_audio_process_capture()] (re)sync to timestamp:0 seq:22804 ts_offset:0 SSRC:3076146323
[W][13:55:48.597858] mod.rtp-sink | [         audio.c:  553 rtp_audio_process_capture()] timestamp: expected 128 != actual 0
[I][13:55:48.597866] mod.rtp-sink | [         audio.c:  567 rtp_audio_process_capture()] (re)sync to timestamp:0 seq:22806 ts_offset:0 SSRC:3076146323
[W][13:55:48.600602] mod.rtp-sink | [         audio.c:  553 rtp_audio_process_capture()] timestamp: expected 128 != actual 0
[I][13:55:48.600610] mod.rtp-sink | [         audio.c:  567 rtp_audio_process_capture()] (re)sync to timestamp:0 seq:22808 ts_offset:0 SSRC:3076146323
[W][13:55:48.603097] mod.rtp-sink | [         audio.c:  553 rtp_audio_process_capture()] timestamp: expected 128 != actual 0
[I][13:55:48.603102] mod.rtp-sink | [         audio.c:  567 rtp_audio_process_capture()] (re)sync to timestamp:0 seq:22810 ts_offset:0 SSRC:3076146323
[W][13:55:48.605846] mod.rtp-sink | [         audio.c:  553 rtp_audio_process_capture()] timestamp: expected 128 != actual 0
[I][13:55:48.605852] mod.rtp-sink | [         audio.c:  567 rtp_audio_process_capture()] (re)sync to timestamp:0 seq:22812 ts_offset:0 SSRC:3076146323
[W][13:55:48.608597] mod.rtp-sink | [         audio.c:  553 rtp_audio_process_capture()] timestamp: expected 128 != actual 0
[I][13:55:48.608604] mod.rtp-sink | [         audio.c:  567 rtp_audio_process_capture()] (re)sync to timestamp:0 seq:22814 ts_offset:0 SSRC:3076146323
[W][13:55:48.611105] mod.rtp-sink | [         audio.c:  553 rtp_audio_process_capture()] timestamp: expected 128 != actual 0
[I][13:55:48.611116] mod.rtp-sink | [         audio.c:  567 rtp_audio_process_capture()] (re)sync to timestamp:0 seq:22816 ts_offset:0 SSRC:3076146323
[W][13:55:48.613860] mod.rtp-sink | [         audio.c:  553 rtp_audio_process_capture()] timestamp: expected 128 != actual 0
[I][13:55:48.613872] mod.rtp-sink | [         audio.c:  567 rtp_audio_process_capture()] (re)sync to timestamp:0 seq:22818 ts_offset:0 SSRC:3076146323
[W][13:55:48.616599] mod.rtp-sink | [         audio.c:  553 rtp_audio_process_capture()] timestamp: expected 128 != actual 0
[I][13:55:48.616610] mod.rtp-sink | [         audio.c:  567 rtp_audio_process_capture()] (re)sync to timestamp:0 seq:22820 ts_offset:0 SSRC:3076146323
[W][13:55:48.619092] mod.rtp-sink | [         audio.c:  553 rtp_audio_process_capture()] timestamp: expected 128 != actual 0
[I][13:55:48.619101] mod.rtp-sink | [         audio.c:  567 rtp_audio_process_capture()] (re)sync to timestamp:0 seq:22822 ts_offset:0 SSRC:3076146323
[W][13:55:48.621839] mod.rtp-sink | [         audio.c:  553 rtp_audio_process_capture()] timestamp: expected 128 != actual 0
[I][13:55:48.621846] mod.rtp-sink | [         audio.c:  567 rtp_audio_process_capture()] (re)sync to timestamp:0 seq:22824 ts_offset:0 SSRC:3076146323
[W][13:55:48.624589] mod.rtp-sink | [         audio.c:  553 rtp_audio_process_capture()] timestamp: expected 128 != actual 0
[I][13:55:48.624597] mod.rtp-sink | [         audio.c:  567 rtp_audio_process_capture()] (re)sync to timestamp:0 seq:22826 ts_offset:0 SSRC:3076146323
[W][13:55:48.627097] mod.rtp-sink | [         audio.c:  553 rtp_audio_process_capture()] timestamp: expected 128 != actual 0
[I][13:55:48.627108] mod.rtp-sink | [         audio.c:  567 rtp_audio_process_capture()] (re)sync to timestamp:0 seq:22828 ts_offset:0 SSRC:3076146323
[W][13:55:48.629848] mod.rtp-sink | [         audio.c:  553 rtp_audio_process_capture()] timestamp: expected 128 != actual 0
[I][13:55:48.629861] mod.rtp-sink | [         audio.c:  567 rtp_audio_process_capture()] (re)sync to timestamp:0 seq:22830 ts_offset:0 SSRC:3076146323
[W][13:55:48.632588] mod.rtp-sink | [         audio.c:  553 rtp_audio_process_capture()] timestamp: expected 128 != actual 0
[I][13:55:48.632598] mod.rtp-sink | [         audio.c:  567 rtp_audio_process_capture()] (re)sync to timestamp:0 seq:22832 ts_offset:0 SSRC:3076146323
[W][13:55:48.635094] mod.rtp-sink | [         audio.c:  553 rtp_audio_process_capture()] timestamp: expected 128 != actual 0
[I][13:55:48.635106] mod.rtp-sink | [         audio.c:  567 rtp_audio_process_capture()] (re)sync to timestamp:0 seq:22834 ts_offset:0 SSRC:3076146323
[W][13:55:48.637831] mod.rtp-sink | [         audio.c:  553 rtp_audio_process_capture()] timestamp: expected 128 != actual 0
[I][13:55:48.637841] mod.rtp-sink | [         audio.c:  567 rtp_audio_process_capture()] (re)sync to timestamp:0 seq:22836 ts_offset:0 SSRC:3076146323
[W][13:55:48.640583] mod.rtp-sink | [         audio.c:  553 rtp_audio_process_capture()] timestamp: expected 128 != actual 0
[I][13:55:48.640591] mod.rtp-sink | [         audio.c:  567 rtp_audio_process_capture()] (re)sync to timestamp:0 seq:22838 ts_offset:0 SSRC:3076146323
[W][13:55:48.643081] mod.rtp-sink | [         audio.c:  553 rtp_audio_process_capture()] timestamp: expected 128 != actual 0
[I][13:55:48.643089] mod.rtp-sink | [         audio.c:  567 rtp_audio_process_capture()] (re)sync to timestamp:0 seq:22840 ts_offset:0 SSRC:3076146323
[W][13:55:48.645832] mod.rtp-sink | [         audio.c:  553 rtp_audio_process_capture()] timestamp: expected 128 != actual 0
[I][13:55:48.645842] mod.rtp-sink | [         audio.c:  567 rtp_audio_process_capture()] (re)sync to timestamp:0 seq:22842 ts_offset:0 SSRC:3076146323
[W][13:55:48.648582] mod.rtp-sink | [         audio.c:  553 rtp_audio_process_capture()] timestamp: expected 128 != actual 0
[I][13:55:48.648592] mod.rtp-sink | [         audio.c:  567 rtp_audio_process_capture()] (re)sync to timestamp:0 seq:22844 ts_offset:0 SSRC:3076146323
[W][13:55:48.651077] mod.rtp-sink | [         audio.c:  553 rtp_audio_process_capture()] timestamp: expected 128 != actual 0
[I][13:55:48.651086] mod.rtp-sink | [         audio.c:  567 rtp_audio_process_capture()] (re)sync to timestamp:0 seq:22846 ts_offset:0 SSRC:3076146323
[W][13:55:48.653826] mod.rtp-sink | [         audio.c:  553 rtp_audio_process_capture()] timestamp: expected 128 != actual 0
[I][13:55:48.653834] mod.rtp-sink | [         audio.c:  567 rtp_audio_process_capture()] (re)sync to timestamp:0 seq:22848 ts_offset:0 SSRC:3076146323
[W][13:55:48.656578] mod.rtp-sink | [         audio.c:  553 rtp_audio_process_capture()] timestamp: expected 128 != actual 0
[I][13:55:48.656586] mod.rtp-sink | [         audio.c:  567 rtp_audio_process_capture()] (re)sync to timestamp:0 seq:22850 ts_offset:0 SSRC:3076146323
[W][13:55:48.659076] mod.rtp-sink | [         audio.c:  553 rtp_audio_process_capture()] timestamp: expected 128 != actual 0
[I][13:55:48.659084] mod.rtp-sink | [         audio.c:  567 rtp_audio_process_capture()] (re)sync to timestamp:0 seq:22852 ts_offset:0 SSRC:3076146323
[W][13:55:48.661827] mod.rtp-sink | [         audio.c:  553 rtp_audio_process_capture()] timestamp: expected 128 != actual 0
[I][13:55:48.661836] mod.rtp-sink | [         audio.c:  567 rtp_audio_process_capture()] (re)sync to timestamp:0 seq:22854 ts_offset:0 SSRC:3076146323
[W][13:55:48.664577] mod.rtp-sink | [         audio.c:  553 rtp_audio_process_capture()] timestamp: expected 128 != actual 0
[I][13:55:48.664588] mod.rtp-sink | [         audio.c:  567 rtp_audio_process_capture()] (re)sync to timestamp:0 seq:22856 ts_offset:0 SSRC:3076146323
[W][13:55:48.667073] mod.rtp-sink | [         audio.c:  553 rtp_audio_process_capture()] timestamp: expected 128 != actual 0
[I][13:55:48.667082] mod.rtp-sink | [         audio.c:  567 rtp_audio_process_capture()] (re)sync to timestamp:0 seq:22858 ts_offset:0 SSRC:3076146323
[W][13:55:48.669816] mod.rtp-sink | [         audio.c:  553 rtp_audio_process_capture()] timestamp: expected 128 != actual 0
[I][13:55:48.669823] mod.rtp-sink | [         audio.c:  567 rtp_audio_process_capture()] (re)sync to timestamp:0 seq:22860 ts_offset:0 SSRC:3076146323
[W][13:55:48.672565] mod.rtp-sink | [         audio.c:  553 rtp_audio_process_capture()] timestamp: expected 128 != actual 0
[I][13:55:48.672572] mod.rtp-sink | [         audio.c:  567 rtp_audio_process_capture()] (re)sync to timestamp:0 seq:22862 ts_offset:0 SSRC:3076146323
[W][13:55:48.675065] mod.rtp-sink | [         audio.c:  553 rtp_audio_process_capture()] timestamp: expected 128 != actual 0
[I][13:55:48.675072] mod.rtp-sink | [         audio.c:  567 rtp_audio_process_capture()] (re)sync to timestamp:0 seq:22864 ts_offset:0 SSRC:3076146323
[W][13:55:48.677824] mod.rtp-sink | [         audio.c:  553 rtp_audio_process_capture()] timestamp: expected 128 != actual 0
[I][13:55:48.677835] mod.rtp-sink | [         audio.c:  567 rtp_audio_process_capture()] (re)sync to timestamp:0 seq:22866 ts_offset:0 SSRC:3076146323
[W][13:55:48.680575] mod.rtp-sink | [         audio.c:  553 rtp_audio_process_capture()] timestamp: expected 128 != actual 0
[I][13:55:48.680585] mod.rtp-sink | [         audio.c:  567 rtp_audio_process_capture()] (re)sync to timestamp:0 seq:22868 ts_offset:0 SSRC:3076146323
[W][13:55:48.683067] mod.rtp-sink | [         audio.c:  553 rtp_audio_process_capture()] timestamp: expected 128 != actual 0
[I][13:55:48.683077] mod.rtp-sink | [         audio.c:  567 rtp_audio_process_capture()] (re)sync to timestamp:0 seq:22870 ts_offset:0 SSRC:3076146323
[W][13:55:48.685809] mod.rtp-sink | [         audio.c:  553 rtp_audio_process_capture()] timestamp: expected 128 != actual 0
[I][13:55:48.685818] mod.rtp-sink | [         audio.c:  567 rtp_audio_process_capture()] (re)sync to timestamp:0 seq:22872 ts_offset:0 SSRC:3076146323
[W][13:55:48.688564] mod.rtp-sink | [         audio.c:  553 rtp_audio_process_capture()] timestamp: expected 128 != actual 0
[I][13:55:48.688572] mod.rtp-sink | [         audio.c:  567 rtp_audio_process_capture()] (re)sync to timestamp:0 seq:22874 ts_offset:0 SSRC:3076146323
[W][13:55:48.691055] mod.rtp-sink | [         audio.c:  553 rtp_audio_process_capture()] timestamp: expected 128 != actual 0
[I][13:55:48.691061] mod.rtp-sink | [         audio.c:  567 rtp_audio_process_capture()] (re)sync to timestamp:0 seq:22876 ts_offset:0 SSRC:3076146323
[W][13:55:48.693818] mod.rtp-sink | [         audio.c:  553 rtp_audio_process_capture()] timestamp: expected 128 != actual 0
[I][13:55:48.693829] mod.rtp-sink | [         audio.c:  567 rtp_audio_process_capture()] (re)sync to timestamp:0 seq:22878 ts_offset:0 SSRC:3076146323
[W][13:55:48.696576] mod.rtp-sink | [         audio.c:  553 rtp_audio_process_capture()] timestamp: expected 128 != actual 0
[I][13:55:48.696588] mod.rtp-sink | [         audio.c:  567 rtp_audio_process_capture()] (re)sync to timestamp:0 seq:22880 ts_offset:0 SSRC:3076146323
[W][13:55:48.699064] mod.rtp-sink | [         audio.c:  553 rtp_audio_process_capture()] timestamp: expected 128 != actual 0
[I][13:55:48.699078] mod.rtp-sink | [         audio.c:  567 rtp_audio_process_capture()] (re)sync to timestamp:0 seq:22882 ts_offset:0 SSRC:3076146323
[W][13:55:48.701804] mod.rtp-sink | [         audio.c:  553 rtp_audio_process_capture()] timestamp: expected 128 != actual 0
[I][13:55:48.701813] mod.rtp-sink | [         audio.c:  567 rtp_audio_process_capture()] (re)sync to timestamp:0 seq:22884 ts_offset:0 SSRC:3076146323
[W][13:55:48.704548] mod.rtp-sink | [         audio.c:  553 rtp_audio_process_capture()] timestamp: expected 128 != actual 0
[I][13:55:48.704552] mod.rtp-sink | [         audio.c:  567 rtp_audio_process_capture()] (re)sync to timestamp:0 seq:22886 ts_offset:0 SSRC:3076146323
[W][13:55:48.707047] mod.rtp-sink | [         audio.c:  553 rtp_audio_process_capture()] timestamp: expected 128 != actual 0
[I][13:55:48.707051] mod.rtp-sink | [         audio.c:  567 rtp_audio_process_capture()] (re)sync to timestamp:0 seq:22888 ts_offset:0 SSRC:3076146323
[W][13:55:48.709796] mod.rtp-sink | [         audio.c:  553 rtp_audio_process_capture()] timestamp: expected 128 != actual 0
[I][13:55:48.709804] mod.rtp-sink | [         audio.c:  567 rtp_audio_process_capture()] (re)sync to timestamp:0 seq:22890 ts_offset:0 SSRC:3076146323
[W][13:55:48.712556] mod.rtp-sink | [         audio.c:  553 rtp_audio_process_capture()] timestamp: expected 128 != actual 0
[I][13:55:48.712566] mod.rtp-sink | [         audio.c:  567 rtp_audio_process_capture()] (re)sync to timestamp:0 seq:22892 ts_offset:0 SSRC:3076146323
[W][13:55:48.715055] mod.rtp-sink | [         audio.c:  553 rtp_audio_process_capture()] timestamp: expected 128 != actual 0
[I][13:55:48.715068] mod.rtp-sink | [         audio.c:  567 rtp_audio_process_capture()] (re)sync to timestamp:0 seq:22894 ts_offset:0 SSRC:3076146323
[W][13:55:48.717798] mod.rtp-sink | [         audio.c:  553 rtp_audio_process_capture()] timestamp: expected 128 != actual 0
[I][13:55:48.717808] mod.rtp-sink | [         audio.c:  567 rtp_audio_process_capture()] (re)sync to timestamp:0 seq:22896 ts_offset:0 SSRC:3076146323
[W][13:55:48.720551] mod.rtp-sink | [         audio.c:  553 rtp_audio_process_capture()] timestamp: expected 128 != actual 0
[I][13:55:48.720560] mod.rtp-sink | [         audio.c:  567 rtp_audio_process_capture()] (re)sync to timestamp:0 seq:22898 ts_offset:0 SSRC:3076146323
[W][13:55:48.723040] mod.rtp-sink | [         audio.c:  553 rtp_audio_process_capture()] timestamp: expected 128 != actual 0
[I][13:55:48.723046] mod.rtp-sink | [         audio.c:  567 rtp_audio_process_capture()] (re)sync to timestamp:0 seq:22900 ts_offset:0 SSRC:3076146323
[W][13:55:48.725789] mod.rtp-sink | [         audio.c:  553 rtp_audio_process_capture()] timestamp: expected 128 != actual 0
[I][13:55:48.725798] mod.rtp-sink | [         audio.c:  567 rtp_audio_process_capture()] (re)sync to timestamp:0 seq:22902 ts_offset:0 SSRC:3076146323
[W][13:55:48.728556] mod.rtp-sink | [         audio.c:  553 rtp_audio_process_capture()] timestamp: expected 128 != actual 0
[I][13:55:48.728567] mod.rtp-sink | [         audio.c:  567 rtp_audio_process_capture()] (re)sync to timestamp:0 seq:22904 ts_offset:0 SSRC:3076146323
[W][13:55:48.731041] mod.rtp-sink | [         audio.c:  553 rtp_audio_process_capture()] timestamp: expected 128 != actual 0
[I][13:55:48.731052] mod.rtp-sink | [         audio.c:  567 rtp_audio_process_capture()] (re)sync to timestamp:0 seq:22906 ts_offset:0 SSRC:3076146323
[W][13:55:48.733797] mod.rtp-sink | [         audio.c:  553 rtp_audio_process_capture()] timestamp: expected 128 != actual 0
[I][13:55:48.733808] mod.rtp-sink | [         audio.c:  567 rtp_audio_process_capture()] (re)sync to timestamp:0 seq:22908 ts_offset:0 SSRC:3076146323
[W][13:55:48.736536] mod.rtp-sink | [         audio.c:  553 rtp_audio_process_capture()] timestamp: expected 128 != actual 0
[I][13:55:48.736544] mod.rtp-sink | [         audio.c:  567 rtp_audio_process_capture()] (re)sync to timestamp:0 seq:22910 ts_offset:0 SSRC:3076146323
[W][13:55:48.739034] mod.rtp-sink | [         audio.c:  553 rtp_audio_process_capture()] timestamp: expected 128 != actual 0
[I][13:55:48.739042] mod.rtp-sink | [         audio.c:  567 rtp_audio_process_capture()] (re)sync to timestamp:0 seq:22912 ts_offset:0 SSRC:3076146323
[W][13:55:48.741788] mod.rtp-sink | [         audio.c:  553 rtp_audio_process_capture()] timestamp: expected 128 != actual 0
[I][13:55:48.741796] mod.rtp-sink | [         audio.c:  567 rtp_audio_process_capture()] (re)sync to timestamp:0 seq:22914 ts_offset:0 SSRC:3076146323
[W][13:55:48.744542] mod.rtp-sink | [         audio.c:  553 rtp_audio_process_capture()] timestamp: expected 128 != actual 0
[I][13:55:48.744554] mod.rtp-sink | [         audio.c:  567 rtp_audio_process_capture()] (re)sync to timestamp:0 seq:22916 ts_offset:0 SSRC:3076146323
[W][13:55:48.747040] mod.rtp-sink | [         audio.c:  553 rtp_audio_process_capture()] timestamp: expected 128 != actual 0
[I][13:55:48.747053] mod.rtp-sink | [         audio.c:  567 rtp_audio_process_capture()] (re)sync to timestamp:0 seq:22918 ts_offset:0 SSRC:3076146323
[W][13:55:48.749784] mod.rtp-sink | [         audio.c:  553 rtp_audio_process_capture()] timestamp: expected 128 != actual 0
[I][13:55:48.749793] mod.rtp-sink | [         audio.c:  567 rtp_audio_process_capture()] (re)sync to timestamp:0 seq:22920 ts_offset:0 SSRC:3076146323
[W][13:55:48.752530] mod.rtp-sink | [         audio.c:  553 rtp_audio_process_capture()] timestamp: expected 128 != actual 0
[I][13:55:48.752538] mod.rtp-sink | [         audio.c:  567 rtp_audio_process_capture()] (re)sync to timestamp:0 seq:22922 ts_offset:0 SSRC:3076146323
[W][13:55:48.755027] mod.rtp-sink | [         audio.c:  553 rtp_audio_process_capture()] timestamp: expected 128 != actual 0
[I][13:55:48.755033] mod.rtp-sink | [         audio.c:  567 rtp_audio_process_capture()] (re)sync to timestamp:0 seq:22924 ts_offset:0 SSRC:3076146323
[W][13:55:48.757771] mod.rtp-sink | [         audio.c:  553 rtp_audio_process_capture()] timestamp: expected 128 != actual 0
[I][13:55:48.757778] mod.rtp-sink | [         audio.c:  567 rtp_audio_process_capture()] (re)sync to timestamp:0 seq:22926 ts_offset:0 SSRC:3076146323
[W][13:55:48.760535] mod.rtp-sink | [         audio.c:  553 rtp_audio_process_capture()] timestamp: expected 128 != actual 0
[I][13:55:48.760547] mod.rtp-sink | [         audio.c:  567 rtp_audio_process_capture()] (re)sync to timestamp:0 seq:22928 ts_offset:0 SSRC:3076146323
[W][13:55:48.763293] mod.rtp-sink | [         audio.c:  553 rtp_audio_process_capture()] timestamp: expected 128 != actual 0
[I][13:55:48.763306] mod.rtp-sink | [         audio.c:  567 rtp_audio_process_capture()] (re)sync to timestamp:0 seq:22930 ts_offset:0 SSRC:3076146323
[W][13:55:48.765779] mod.rtp-sink | [         audio.c:  553 rtp_audio_process_capture()] timestamp: expected 128 != actual 0
[I][13:55:48.765788] mod.rtp-sink | [         audio.c:  567 rtp_audio_process_capture()] (re)sync to timestamp:0 seq:22932 ts_offset:0 SSRC:3076146323
[W][13:55:48.768519] mod.rtp-sink | [         audio.c:  553 rtp_audio_process_capture()] timestamp: expected 128 != actual 0
[I][13:55:48.768527] mod.rtp-sink | [         audio.c:  567 rtp_audio_process_capture()] (re)sync to timestamp:0 seq:22934 ts_offset:0 SSRC:3076146323
[W][13:55:48.771267] mod.rtp-sink | [         audio.c:  553 rtp_audio_process_capture()] timestamp: expected 128 != actual 0
[I][13:55:48.771274] mod.rtp-sink | [         audio.c:  567 rtp_audio_process_capture()] (re)sync to timestamp:0 seq:22936 ts_offset:0 SSRC:3076146323
[W][13:55:48.773765] mod.rtp-sink | [         audio.c:  553 rtp_audio_process_capture()] timestamp: expected 128 != actual 0
[I][13:55:48.773772] mod.rtp-sink | [         audio.c:  567 rtp_audio_process_capture()] (re)sync to timestamp:0 seq:22938 ts_offset:0 SSRC:3076146323
[W][13:55:48.776516] mod.rtp-sink | [         audio.c:  553 rtp_audio_process_capture()] timestamp: expected 128 != actual 0
[I][13:55:48.776523] mod.rtp-sink | [         audio.c:  567 rtp_audio_process_capture()] (re)sync to timestamp:0 seq:22940 ts_offset:0 SSRC:3076146323
[W][13:55:48.779270] mod.rtp-sink | [         audio.c:  553 rtp_audio_process_capture()] timestamp: expected 128 != actual 0
[I][13:55:48.779280] mod.rtp-sink | [         audio.c:  567 rtp_audio_process_capture()] (re)sync to timestamp:0 seq:22942 ts_offset:0 SSRC:3076146323
[W][13:55:48.781765] mod.rtp-sink | [         audio.c:  553 rtp_audio_process_capture()] timestamp: expected 128 != actual 0
[I][13:55:48.781775] mod.rtp-sink | [         audio.c:  567 rtp_audio_process_capture()] (re)sync to timestamp:0 seq:22944 ts_offset:0 SSRC:3076146323
[W][13:55:48.784518] mod.rtp-sink | [         audio.c:  553 rtp_audio_process_capture()] timestamp: expected 128 != actual 0
[I][13:55:48.784527] mod.rtp-sink | [         audio.c:  567 rtp_audio_process_capture()] (re)sync to timestamp:0 seq:22946 ts_offset:0 SSRC:3076146323
[W][13:55:48.787263] mod.rtp-sink | [         audio.c:  553 rtp_audio_process_capture()] timestamp: expected 128 != actual 0
[I][13:55:48.787272] mod.rtp-sink | [         audio.c:  567 rtp_audio_process_capture()] (re)sync to timestamp:0 seq:22948 ts_offset:0 SSRC:3076146323
[W][13:55:48.789759] mod.rtp-sink | [         audio.c:  553 rtp_audio_process_capture()] timestamp: expected 128 != actual 0
[I][13:55:48.789767] mod.rtp-sink | [         audio.c:  567 rtp_audio_process_capture()] (re)sync to timestamp:0 seq:22950 ts_offset:0 SSRC:3076146323
[W][13:55:48.792509] mod.rtp-sink | [         audio.c:  553 rtp_audio_process_capture()] timestamp: expected 128 != actual 0
[I][13:55:48.792517] mod.rtp-sink | [         audio.c:  567 rtp_audio_process_capture()] (re)sync to timestamp:0 seq:22952 ts_offset:0 SSRC:3076146323
[W][13:55:48.795263] mod.rtp-sink | [         audio.c:  553 rtp_audio_process_capture()] timestamp: expected 128 != actual 0
[I][13:55:48.795272] mod.rtp-sink | [         audio.c:  567 rtp_audio_process_capture()] (re)sync to timestamp:0 seq:22954 ts_offset:0 SSRC:3076146323
[W][13:55:48.797763] mod.rtp-sink | [         audio.c:  553 rtp_audio_process_capture()] timestamp: expected 128 != actual 0
[I][13:55:48.797774] mod.rtp-sink | [         audio.c:  567 rtp_audio_process_capture()] (re)sync to timestamp:0 seq:22956 ts_offset:0 SSRC:3076146323
[W][13:55:48.800508] mod.rtp-sink | [         audio.c:  553 rtp_audio_process_capture()] timestamp: expected 128 != actual 0
[I][13:55:48.800518] mod.rtp-sink | [         audio.c:  567 rtp_audio_process_capture()] (re)sync to timestamp:0 seq:22958 ts_offset:0 SSRC:3076146323
[W][13:55:48.803255] mod.rtp-sink | [         audio.c:  553 rtp_audio_process_capture()] timestamp: expected 128 != actual 0
[I][13:55:48.803262] mod.rtp-sink | [         audio.c:  567 rtp_audio_process_capture()] (re)sync to timestamp:0 seq:22960 ts_offset:0 SSRC:3076146323
[W][13:55:48.805758] mod.rtp-sink | [         audio.c:  553 rtp_audio_process_capture()] timestamp: expected 128 != actual 0
[I][13:55:48.805766] mod.rtp-sink | [         audio.c:  567 rtp_audio_process_capture()] (re)sync to timestamp:0 seq:22962 ts_offset:0 SSRC:3076146323
[W][13:55:48.808503] mod.rtp-sink | [         audio.c:  553 rtp_audio_process_capture()] timestamp: expected 128 != actual 0
[I][13:55:48.808511] mod.rtp-sink | [         audio.c:  567 rtp_audio_process_capture()] (re)sync to timestamp:0 seq:22964 ts_offset:0 SSRC:3076146323
[W][13:55:48.811259] mod.rtp-sink | [         audio.c:  553 rtp_audio_process_capture()] timestamp: expected 128 != actual 0
[I][13:55:48.811270] mod.rtp-sink | [         audio.c:  567 rtp_audio_process_capture()] (re)sync to timestamp:0 seq:22966 ts_offset:0 SSRC:3076146323
[W][13:55:48.813761] mod.rtp-sink | [         audio.c:  553 rtp_audio_process_capture()] timestamp: expected 128 != actual 0
[I][13:55:48.813773] mod.rtp-sink | [         audio.c:  567 rtp_audio_process_capture()] (re)sync to timestamp:0 seq:22968 ts_offset:0 SSRC:3076146323
[W][13:55:48.816504] mod.rtp-sink | [         audio.c:  553 rtp_audio_process_capture()] timestamp: expected 128 != actual 0
[I][13:55:48.816514] mod.rtp-sink | [         audio.c:  567 rtp_audio_process_capture()] (re)sync to timestamp:0 seq:22970 ts_offset:0 SSRC:3076146323
[W][13:55:48.819246] mod.rtp-sink | [         audio.c:  553 rtp_audio_process_capture()] timestamp: expected 128 != actual 0
[I][13:55:48.819254] mod.rtp-sink | [         audio.c:  567 rtp_audio_process_capture()] (re)sync to timestamp:0 seq:22972 ts_offset:0 SSRC:3076146323
[W][13:55:48.821741] mod.rtp-sink | [         audio.c:  553 rtp_audio_process_capture()] timestamp: expected 128 != actual 0
[I][13:55:48.821747] mod.rtp-sink | [         audio.c:  567 rtp_audio_process_capture()] (re)sync to timestamp:0 seq:22974 ts_offset:0 SSRC:3076146323
[W][13:55:48.824488] mod.rtp-sink | [         audio.c:  553 rtp_audio_process_capture()] timestamp: expected 128 != actual 0
[I][13:55:48.824493] mod.rtp-sink | [         audio.c:  567 rtp_audio_process_capture()] (re)sync to timestamp:0 seq:22976 ts_offset:0 SSRC:3076146323
[W][13:55:48.827258] mod.rtp-sink | [         audio.c:  553 rtp_audio_process_capture()] timestamp: expected 128 != actual 0
[I][13:55:48.827269] mod.rtp-sink | [         audio.c:  567 rtp_audio_process_capture()] (re)sync to timestamp:0 seq:22978 ts_offset:0 SSRC:3076146323
[W][13:55:48.829750] mod.rtp-sink | [         audio.c:  553 rtp_audio_process_capture()] timestamp: expected 128 != actual 0
[I][13:55:48.829764] mod.rtp-sink | [         audio.c:  567 rtp_audio_process_capture()] (re)sync to timestamp:0 seq:22980 ts_offset:0 SSRC:3076146323
[W][13:55:48.832492] mod.rtp-sink | [         audio.c:  553 rtp_audio_process_capture()] timestamp: expected 128 != actual 0
[I][13:55:48.832503] mod.rtp-sink | [         audio.c:  567 rtp_audio_process_capture()] (re)sync to timestamp:0 seq:22982 ts_offset:0 SSRC:3076146323
[W][13:55:48.835240] mod.rtp-sink | [         audio.c:  553 rtp_audio_process_capture()] timestamp: expected 128 != actual 0
[I][13:55:48.835249] mod.rtp-sink | [         audio.c:  567 rtp_audio_process_capture()] (re)sync to timestamp:0 seq:22984 ts_offset:0 SSRC:3076146323
[W][13:55:48.837736] mod.rtp-sink | [         audio.c:  553 rtp_audio_process_capture()] timestamp: expected 128 != actual 0
[I][13:55:48.837743] mod.rtp-sink | [         audio.c:  567 rtp_audio_process_capture()] (re)sync to timestamp:0 seq:22986 ts_offset:0 SSRC:3076146323
[W][13:55:48.840483] mod.rtp-sink | [         audio.c:  553 rtp_audio_process_capture()] timestamp: expected 128 != actual 0
[I][13:55:48.840489] mod.rtp-sink | [         audio.c:  567 rtp_audio_process_capture()] (re)sync to timestamp:0 seq:22988 ts_offset:0 SSRC:3076146323
[W][13:55:48.843252] mod.rtp-sink | [         audio.c:  553 rtp_audio_process_capture()] timestamp: expected 128 != actual 0
[I][13:55:48.843265] mod.rtp-sink | [         audio.c:  567 rtp_audio_process_capture()] (re)sync to timestamp:0 seq:22990 ts_offset:0 SSRC:3076146323
[W][13:55:48.845741] mod.rtp-sink | [         audio.c:  553 rtp_audio_process_capture()] timestamp: expected 128 != actual 0
[I][13:55:48.845755] mod.rtp-sink | [         audio.c:  567 rtp_audio_process_capture()] (re)sync to timestamp:0 seq:22992 ts_offset:0 SSRC:3076146323
[W][13:55:48.848487] mod.rtp-sink | [         audio.c:  553 rtp_audio_process_capture()] timestamp: expected 128 != actual 0
[I][13:55:48.848500] mod.rtp-sink | [         audio.c:  567 rtp_audio_process_capture()] (re)sync to timestamp:0 seq:22994 ts_offset:0 SSRC:3076146323
[W][13:55:48.851236] mod.rtp-sink | [         audio.c:  553 rtp_audio_process_capture()] timestamp: expected 128 != actual 0
[I][13:55:48.851246] mod.rtp-sink | [         audio.c:  567 rtp_audio_process_capture()] (re)sync to timestamp:0 seq:22996 ts_offset:0 SSRC:3076146323
[W][13:55:48.853730] mod.rtp-sink | [         audio.c:  553 rtp_audio_process_capture()] timestamp: expected 128 != actual 0
[I][13:55:48.853737] mod.rtp-sink | [         audio.c:  567 rtp_audio_process_capture()] (re)sync to timestamp:0 seq:22998 ts_offset:0 SSRC:3076146323
[W][13:55:48.856476] mod.rtp-sink | [         audio.c:  553 rtp_audio_process_capture()] timestamp: expected 128 != actual 0
[I][13:55:48.856481] mod.rtp-sink | [         audio.c:  567 rtp_audio_process_capture()] (re)sync to timestamp:0 seq:23000 ts_offset:0 SSRC:3076146323
[W][13:55:48.859228] mod.rtp-sink | [         audio.c:  553 rtp_audio_process_capture()] timestamp: expected 128 != actual 0
[I][13:55:48.859234] mod.rtp-sink | [         audio.c:  567 rtp_audio_process_capture()] (re)sync to timestamp:0 seq:23002 ts_offset:0 SSRC:3076146323
[W][13:55:48.861731] mod.rtp-sink | [         audio.c:  553 rtp_audio_process_capture()] timestamp: expected 128 != actual 0
[I][13:55:48.861740] mod.rtp-sink | [         audio.c:  567 rtp_audio_process_capture()] (re)sync to timestamp:0 seq:23004 ts_offset:0 SSRC:3076146323
[W][13:55:48.864481] mod.rtp-sink | [         audio.c:  553 rtp_audio_process_capture()] timestamp: expected 128 != actual 0
[I][13:55:48.864490] mod.rtp-sink | [         audio.c:  567 rtp_audio_process_capture()] (re)sync to timestamp:0 seq:23006 ts_offset:0 SSRC:3076146323
[W][13:55:48.867228] mod.rtp-sink | [         audio.c:  553 rtp_audio_process_capture()] timestamp: expected 128 != actual 0
[I][13:55:48.867238] mod.rtp-sink | [         audio.c:  567 rtp_audio_process_capture()] (re)sync to timestamp:0 seq:23008 ts_offset:0 SSRC:3076146323
[W][13:55:48.869724] mod.rtp-sink | [         audio.c:  553 rtp_audio_process_capture()] timestamp: expected 128 != actual 0
[I][13:55:48.869732] mod.rtp-sink | [         audio.c:  567 rtp_audio_process_capture()] (re)sync to timestamp:0 seq:23010 ts_offset:0 SSRC:3076146323
[W][13:55:48.872466] mod.rtp-sink | [         audio.c:  553 rtp_audio_process_capture()] timestamp: expected 128 != actual 0
[I][13:55:48.872473] mod.rtp-sink | [         audio.c:  567 rtp_audio_process_capture()] (re)sync to timestamp:0 seq:23012 ts_offset:0 SSRC:3076146323
[W][13:55:48.875220] mod.rtp-sink | [         audio.c:  553 rtp_audio_process_capture()] timestamp: expected 128 != actual 0
[I][13:55:48.875227] mod.rtp-sink | [         audio.c:  567 rtp_audio_process_capture()] (re)sync to timestamp:0 seq:23014 ts_offset:0 SSRC:3076146323
[W][13:55:48.877733] mod.rtp-sink | [         audio.c:  553 rtp_audio_process_capture()] timestamp: expected 128 != actual 0
[I][13:55:48.877744] mod.rtp-sink | [         audio.c:  567 rtp_audio_process_capture()] (re)sync to timestamp:0 seq:23016 ts_offset:0 SSRC:3076146323
[W][13:55:48.880475] mod.rtp-sink | [         audio.c:  553 rtp_audio_process_capture()] timestamp: expected 128 != actual 0
[I][13:55:48.880486] mod.rtp-sink | [         audio.c:  567 rtp_audio_process_capture()] (re)sync to timestamp:0 seq:23018 ts_offset:0 SSRC:3076146323
[W][13:55:48.883217] mod.rtp-sink | [         audio.c:  553 rtp_audio_process_capture()] timestamp: expected 128 != actual 0
[I][13:55:48.883225] mod.rtp-sink | [         audio.c:  567 rtp_audio_process_capture()] (re)sync to timestamp:0 seq:23020 ts_offset:0 SSRC:3076146323
[W][13:55:48.885713] mod.rtp-sink | [         audio.c:  553 rtp_audio_process_capture()] timestamp: expected 128 != actual 0
[I][13:55:48.885717] mod.rtp-sink | [         audio.c:  567 rtp_audio_process_capture()] (re)sync to timestamp:0 seq:23022 ts_offset:0 SSRC:3076146323
[W][13:55:48.888460] mod.rtp-sink | [         audio.c:  553 rtp_audio_process_capture()] timestamp: expected 128 != actual 0
[I][13:55:48.888465] mod.rtp-sink | [         audio.c:  567 rtp_audio_process_capture()] (re)sync to timestamp:0 seq:23024 ts_offset:0 SSRC:3076146323
[W][13:55:48.891215] mod.rtp-sink | [         audio.c:  553 rtp_audio_process_capture()] timestamp: expected 128 != actual 0
[I][13:55:48.891222] mod.rtp-sink | [         audio.c:  567 rtp_audio_process_capture()] (re)sync to timestamp:0 seq:23026 ts_offset:0 SSRC:3076146323
[W][13:55:48.893717] mod.rtp-sink | [         audio.c:  553 rtp_audio_process_capture()] timestamp: expected 128 != actual 0
[I][13:55:48.893723] mod.rtp-sink | [         audio.c:  567 rtp_audio_process_capture()] (re)sync to timestamp:0 seq:23028 ts_offset:0 SSRC:3076146323
[W][13:55:48.896464] mod.rtp-sink | [         audio.c:  553 rtp_audio_process_capture()] timestamp: expected 128 != actual 0
[I][13:55:48.896475] mod.rtp-sink | [         audio.c:  567 rtp_audio_process_capture()] (re)sync to timestamp:0 seq:23030 ts_offset:0 SSRC:3076146323
[W][13:55:48.899214] mod.rtp-sink | [         audio.c:  553 rtp_audio_process_capture()] timestamp: expected 128 != actual 0
[I][13:55:48.899227] mod.rtp-sink | [         audio.c:  567 rtp_audio_process_capture()] (re)sync to timestamp:0 seq:23032 ts_offset:0 SSRC:3076146323
[W][13:55:48.901710] mod.rtp-sink | [         audio.c:  553 rtp_audio_process_capture()] timestamp: expected 128 != actual 0
[I][13:55:48.901718] mod.rtp-sink | [         audio.c:  567 rtp_audio_process_capture()] (re)sync to timestamp:0 seq:23034 ts_offset:0 SSRC:3076146323
[W][13:55:48.904451] mod.rtp-sink | [         audio.c:  553 rtp_audio_process_capture()] timestamp: expected 128 != actual 0
[I][13:55:48.904458] mod.rtp-sink | [         audio.c:  567 rtp_audio_process_capture()] (re)sync to timestamp:0 seq:23036 ts_offset:0 SSRC:3076146323
[W][13:55:48.907204] mod.rtp-sink | [         audio.c:  553 rtp_audio_process_capture()] timestamp: expected 128 != actual 0
[I][13:55:48.907213] mod.rtp-sink | [         audio.c:  567 rtp_audio_process_capture()] (re)sync to timestamp:0 seq:23038 ts_offset:0 SSRC:3076146323
[W][13:55:48.909704] mod.rtp-sink | [         audio.c:  553 rtp_audio_process_capture()] timestamp: expected 128 != actual 0
[I][13:55:48.909713] mod.rtp-sink | [         audio.c:  567 rtp_audio_process_capture()] (re)sync to timestamp:0 seq:23040 ts_offset:0 SSRC:3076146323
[W][13:55:48.912462] mod.rtp-sink | [         audio.c:  553 rtp_audio_process_capture()] timestamp: expected 128 != actual 0
[I][13:55:48.912472] mod.rtp-sink | [         audio.c:  567 rtp_audio_process_capture()] (re)sync to timestamp:0 seq:23042 ts_offset:0 SSRC:3076146323
[W][13:55:48.915205] mod.rtp-sink | [         audio.c:  553 rtp_audio_process_capture()] timestamp: expected 128 != actual 0
[I][13:55:48.915215] mod.rtp-sink | [         audio.c:  567 rtp_audio_process_capture()] (re)sync to timestamp:0 seq:23044 ts_offset:0 SSRC:3076146323
[W][13:55:48.917703] mod.rtp-sink | [         audio.c:  553 rtp_audio_process_capture()] timestamp: expected 128 != actual 0
[I][13:55:48.917712] mod.rtp-sink | [         audio.c:  567 rtp_audio_process_capture()] (re)sync to timestamp:0 seq:23046 ts_offset:0 SSRC:3076146323
[W][13:55:48.920443] mod.rtp-sink | [         audio.c:  553 rtp_audio_process_capture()] timestamp: expected 128 != actual 0
[I][13:55:48.920449] mod.rtp-sink | [         audio.c:  567 rtp_audio_process_capture()] (re)sync to timestamp:0 seq:23048 ts_offset:0 SSRC:3076146323
[W][13:55:48.923197] mod.rtp-sink | [         audio.c:  553 rtp_audio_process_capture()] timestamp: expected 128 != actual 0
[I][13:55:48.923203] mod.rtp-sink | [         audio.c:  567 rtp_audio_process_capture()] (re)sync to timestamp:0 seq:23050 ts_offset:0 SSRC:3076146323
[W][13:55:48.925698] mod.rtp-sink | [         audio.c:  553 rtp_audio_process_capture()] timestamp: expected 128 != actual 0
[I][13:55:48.925705] mod.rtp-sink | [         audio.c:  567 rtp_audio_process_capture()] (re)sync to timestamp:0 seq:23052 ts_offset:0 SSRC:3076146323
[W][13:55:48.928444] mod.rtp-sink | [         audio.c:  553 rtp_audio_process_capture()] timestamp: expected 128 != actual 0
[I][13:55:48.928454] mod.rtp-sink | [         audio.c:  567 rtp_audio_process_capture()] (re)sync to timestamp:0 seq:23054 ts_offset:0 SSRC:3076146323
[W][13:55:48.931194] mod.rtp-sink | [         audio.c:  553 rtp_audio_process_capture()] timestamp: expected 128 != actual 0
[I][13:55:48.931204] mod.rtp-sink | [         audio.c:  567 rtp_audio_process_capture()] (re)sync to timestamp:0 seq:23056 ts_offset:0 SSRC:3076146323
[W][13:55:48.933948] mod.rtp-sink | [         audio.c:  553 rtp_audio_process_capture()] timestamp: expected 128 != actual 0
[I][13:55:48.933957] mod.rtp-sink | [         audio.c:  567 rtp_audio_process_capture()] (re)sync to timestamp:0 seq:23058 ts_offset:0 SSRC:3076146323
[W][13:55:48.936438] mod.rtp-sink | [         audio.c:  553 rtp_audio_process_capture()] timestamp: expected 128 != actual 0
[I][13:55:48.936445] mod.rtp-sink | [         audio.c:  567 rtp_audio_process_capture()] (re)sync to timestamp:0 seq:23060 ts_offset:0 SSRC:3076146323
[W][13:55:48.939188] mod.rtp-sink | [         audio.c:  553 rtp_audio_process_capture()] timestamp: expected 128 != actual 0
[I][13:55:48.939194] mod.rtp-sink | [         audio.c:  567 rtp_audio_process_capture()] (re)sync to timestamp:0 seq:23062 ts_offset:0 SSRC:3076146323
[W][13:55:48.941935] mod.rtp-sink | [         audio.c:  553 rtp_audio_process_capture()] timestamp: expected 128 != actual 0
[I][13:55:48.941942] mod.rtp-sink | [         audio.c:  567 rtp_audio_process_capture()] (re)sync to timestamp:0 seq:23064 ts_offset:0 SSRC:3076146323
[W][13:55:48.944446] mod.rtp-sink | [         audio.c:  553 rtp_audio_process_capture()] timestamp: expected 128 != actual 0
[I][13:55:48.944457] mod.rtp-sink | [         audio.c:  567 rtp_audio_process_capture()] (re)sync to timestamp:0 seq:23066 ts_offset:0 SSRC:3076146323
[W][13:55:48.947195] mod.rtp-sink | [         audio.c:  553 rtp_audio_process_capture()] timestamp: expected 128 != actual 0
[I][13:55:48.947208] mod.rtp-sink | [         audio.c:  567 rtp_audio_process_capture()] (re)sync to timestamp:0 seq:23068 ts_offset:0 SSRC:3076146323
[W][13:55:48.949943] mod.rtp-sink | [         audio.c:  553 rtp_audio_process_capture()] timestamp: expected 128 != actual 0
[I][13:55:48.949954] mod.rtp-sink | [         audio.c:  567 rtp_audio_process_capture()] (re)sync to timestamp:0 seq:23070 ts_offset:0 SSRC:3076146323
[W][13:55:48.952430] mod.rtp-sink | [         audio.c:  553 rtp_audio_process_capture()] timestamp: expected 128 != actual 0
[I][13:55:48.952438] mod.rtp-sink | [         audio.c:  567 rtp_audio_process_capture()] (re)sync to timestamp:0 seq:23072 ts_offset:0 SSRC:3076146323
[W][13:55:48.955183] mod.rtp-sink | [         audio.c:  553 rtp_audio_process_capture()] timestamp: expected 128 != actual 0
[I][13:55:48.955190] mod.rtp-sink | [         audio.c:  567 rtp_audio_process_capture()] (re)sync to timestamp:0 seq:23074 ts_offset:0 SSRC:3076146323
[W][13:55:48.957926] mod.rtp-sink | [         audio.c:  553 rtp_audio_process_capture()] timestamp: expected 128 != actual 0
[I][13:55:48.957932] mod.rtp-sink | [         audio.c:  567 rtp_audio_process_capture()] (re)sync to timestamp:0 seq:23076 ts_offset:0 SSRC:3076146323
[W][13:55:48.960430] mod.rtp-sink | [         audio.c:  553 rtp_audio_process_capture()] timestamp: expected 128 != actual 0
[I][13:55:48.960437] mod.rtp-sink | [         audio.c:  567 rtp_audio_process_capture()] (re)sync to timestamp:0 seq:23078 ts_offset:0 SSRC:3076146323
[W][13:55:48.963184] mod.rtp-sink | [         audio.c:  553 rtp_audio_process_capture()] timestamp: expected 128 != actual 0
[I][13:55:48.963196] mod.rtp-sink | [         audio.c:  567 rtp_audio_process_capture()] (re)sync to timestamp:0 seq:23080 ts_offset:0 SSRC:3076146323
[W][13:55:48.965927] mod.rtp-sink | [         audio.c:  553 rtp_audio_process_capture()] timestamp: expected 128 != actual 0
[I][13:55:48.965934] mod.rtp-sink | [         audio.c:  567 rtp_audio_process_capture()] (re)sync to timestamp:0 seq:23082 ts_offset:0 SSRC:3076146323
[W][13:55:48.968426] mod.rtp-sink | [         audio.c:  553 rtp_audio_process_capture()] timestamp: expected 128 != actual 0
[I][13:55:48.968433] mod.rtp-sink | [         audio.c:  567 rtp_audio_process_capture()] (re)sync to timestamp:0 seq:23084 ts_offset:0 SSRC:3076146323
[W][13:55:48.971172] mod.rtp-sink | [         audio.c:  553 rtp_audio_process_capture()] timestamp: expected 128 != actual 0
[I][13:55:48.971178] mod.rtp-sink | [         audio.c:  567 rtp_audio_process_capture()] (re)sync to timestamp:0 seq:23086 ts_offset:0 SSRC:3076146323
[W][13:55:48.973926] mod.rtp-sink | [         audio.c:  553 rtp_audio_process_capture()] timestamp: expected 128 != actual 0
[I][13:55:48.973932] mod.rtp-sink | [         audio.c:  567 rtp_audio_process_capture()] (re)sync to timestamp:0 seq:23088 ts_offset:0 SSRC:3076146323
[W][13:55:48.976427] mod.rtp-sink | [         audio.c:  553 rtp_audio_process_capture()] timestamp: expected 128 != actual 0
[I][13:55:48.976435] mod.rtp-sink | [         audio.c:  567 rtp_audio_process_capture()] (re)sync to timestamp:0 seq:23090 ts_offset:0 SSRC:3076146323
[W][13:55:48.979186] mod.rtp-sink | [         audio.c:  553 rtp_audio_process_capture()] timestamp: expected 128 != actual 0
[I][13:55:48.979195] mod.rtp-sink | [         audio.c:  567 rtp_audio_process_capture()] (re)sync to timestamp:0 seq:23092 ts_offset:0 SSRC:3076146323
[W][13:55:48.981924] mod.rtp-sink | [         audio.c:  553 rtp_audio_process_capture()] timestamp: expected 128 != actual 0
[I][13:55:48.981935] mod.rtp-sink | [         audio.c:  567 rtp_audio_process_capture()] (re)sync to timestamp:0 seq:23094 ts_offset:0 SSRC:3076146323
[W][13:55:48.984424] mod.rtp-sink | [         audio.c:  553 rtp_audio_process_capture()] timestamp: expected 128 != actual 0
[I][13:55:48.984435] mod.rtp-sink | [         audio.c:  567 rtp_audio_process_capture()] (re)sync to timestamp:0 seq:23096 ts_offset:0 SSRC:3076146323
[W][13:55:48.987168] mod.rtp-sink | [         audio.c:  553 rtp_audio_process_capture()] timestamp: expected 128 != actual 0
[I][13:55:48.987175] mod.rtp-sink | [         audio.c:  567 rtp_audio_process_capture()] (re)sync to timestamp:0 seq:23098 ts_offset:0 SSRC:3076146323
[W][13:55:48.989911] mod.rtp-sink | [         audio.c:  553 rtp_audio_process_capture()] timestamp: expected 128 != actual 0
[I][13:55:48.989917] mod.rtp-sink | [         audio.c:  567 rtp_audio_process_capture()] (re)sync to timestamp:0 seq:23100 ts_offset:0 SSRC:3076146323
[W][13:55:48.992419] mod.rtp-sink | [         audio.c:  553 rtp_audio_process_capture()] timestamp: expected 128 != actual 0
[I][13:55:48.992428] mod.rtp-sink | [         audio.c:  567 rtp_audio_process_capture()] (re)sync to timestamp:0 seq:23102 ts_offset:0 SSRC:3076146323
[W][13:55:48.995166] mod.rtp-sink | [         audio.c:  553 rtp_audio_process_capture()] timestamp: expected 128 != actual 0
[I][13:55:48.995177] mod.rtp-sink | [         audio.c:  567 rtp_audio_process_capture()] (re)sync to timestamp:0 seq:23104 ts_offset:0 SSRC:3076146323
[W][13:55:48.997920] mod.rtp-sink | [         audio.c:  553 rtp_audio_process_capture()] timestamp: expected 128 != actual 0
[I][13:55:48.997931] mod.rtp-sink | [         audio.c:  567 rtp_audio_process_capture()] (re)sync to timestamp:0 seq:23106 ts_offset:0 SSRC:3076146323
[W][13:55:49.000419] mod.rtp-sink | [         audio.c:  553 rtp_audio_process_capture()] timestamp: expected 128 != actual 0
[I][13:55:49.000429] mod.rtp-sink | [         audio.c:  567 rtp_audio_process_capture()] (re)sync to timestamp:0 seq:23108 ts_offset:0 SSRC:3076146323
[W][13:55:49.003161] mod.rtp-sink | [         audio.c:  553 rtp_audio_process_capture()] timestamp: expected 128 != actual 0
[I][13:55:49.003170] mod.rtp-sink | [         audio.c:  567 rtp_audio_process_capture()] (re)sync to timestamp:0 seq:23110 ts_offset:0 SSRC:3076146323
[W][13:55:49.005906] mod.rtp-sink | [         audio.c:  553 rtp_audio_process_capture()] timestamp: expected 128 != actual 0
[I][13:55:49.005915] mod.rtp-sink | [         audio.c:  567 rtp_audio_process_capture()] (re)sync to timestamp:0 seq:23112 ts_offset:0 SSRC:3076146323
[W][13:55:49.008405] mod.rtp-sink | [         audio.c:  553 rtp_audio_process_capture()] timestamp: expected 128 != actual 0
[I][13:55:49.008412] mod.rtp-sink | [         audio.c:  567 rtp_audio_process_capture()] (re)sync to timestamp:0 seq:23114 ts_offset:0 SSRC:3076146323
[W][13:55:49.011183] mod.rtp-sink | [         audio.c:  553 rtp_audio_process_capture()] timestamp: expected 128 != actual 0
[I][13:55:49.011194] mod.rtp-sink | [         audio.c:  567 rtp_audio_process_capture()] (re)sync to timestamp:0 seq:23116 ts_offset:0 SSRC:3076146323
[W][13:55:49.013930] mod.rtp-sink | [         audio.c:  553 rtp_audio_process_capture()] timestamp: expected 128 != actual 0
[I][13:55:49.013944] mod.rtp-sink | [         audio.c:  567 rtp_audio_process_capture()] (re)sync to timestamp:0 seq:23118 ts_offset:0 SSRC:3076146323
[W][13:55:49.016406] mod.rtp-sink | [         audio.c:  553 rtp_audio_process_capture()] timestamp: expected 128 != actual 0
[I][13:55:49.016415] mod.rtp-sink | [         audio.c:  567 rtp_audio_process_capture()] (re)sync to timestamp:0 seq:23120 ts_offset:0 SSRC:3076146323
[W][13:55:49.019164] mod.rtp-sink | [         audio.c:  553 rtp_audio_process_capture()] timestamp: expected 128 != actual 0
[I][13:55:49.019173] mod.rtp-sink | [         audio.c:  567 rtp_audio_process_capture()] (re)sync to timestamp:0 seq:23122 ts_offset:0 SSRC:3076146323
[W][13:55:49.021899] mod.rtp-sink | [         audio.c:  553 rtp_audio_process_capture()] timestamp: expected 128 != actual 0
[I][13:55:49.021906] mod.rtp-sink | [         audio.c:  567 rtp_audio_process_capture()] (re)sync to timestamp:0 seq:23124 ts_offset:0 SSRC:3076146323
[W][13:55:49.024396] mod.rtp-sink | [         audio.c:  553 rtp_audio_process_capture()] timestamp: expected 128 != actual 0
[I][13:55:49.024403] mod.rtp-sink | [         audio.c:  567 rtp_audio_process_capture()] (re)sync to timestamp:0 seq:23126 ts_offset:0 SSRC:3076146323
[W][13:55:49.027164] mod.rtp-sink | [         audio.c:  553 rtp_audio_process_capture()] timestamp: expected 128 != actual 0
[I][13:55:49.027174] mod.rtp-sink | [         audio.c:  567 rtp_audio_process_capture()] (re)sync to timestamp:0 seq:23128 ts_offset:0 SSRC:3076146323
[W][13:55:49.029903] mod.rtp-sink | [         audio.c:  553 rtp_audio_process_capture()] timestamp: expected 128 != actual 0
[I][13:55:49.029914] mod.rtp-sink | [         audio.c:  567 rtp_audio_process_capture()] (re)sync to timestamp:0 seq:23130 ts_offset:0 SSRC:3076146323
[W][13:55:49.032403] mod.rtp-sink | [         audio.c:  553 rtp_audio_process_capture()] timestamp: expected 128 != actual 0
[I][13:55:49.032415] mod.rtp-sink | [         audio.c:  567 rtp_audio_process_capture()] (re)sync to timestamp:0 seq:23132 ts_offset:0 SSRC:3076146323
[W][13:55:49.035163] mod.rtp-sink | [         audio.c:  553 rtp_audio_process_capture()] timestamp: expected 128 != actual 0
[I][13:55:49.035173] mod.rtp-sink | [         audio.c:  567 rtp_audio_process_capture()] (re)sync to timestamp:0 seq:23134 ts_offset:0 SSRC:3076146323
[W][13:55:49.037890] mod.rtp-sink | [         audio.c:  553 rtp_audio_process_capture()] timestamp: expected 128 != actual 0
[I][13:55:49.037898] mod.rtp-sink | [         audio.c:  567 rtp_audio_process_capture()] (re)sync to timestamp:0 seq:23136 ts_offset:0 SSRC:3076146323
[W][13:55:49.040393] mod.rtp-sink | [         audio.c:  553 rtp_audio_process_capture()] timestamp: expected 128 != actual 0
[I][13:55:49.040400] mod.rtp-sink | [         audio.c:  567 rtp_audio_process_capture()] (re)sync to timestamp:0 seq:23138 ts_offset:0 SSRC:3076146323
[W][13:55:49.043153] mod.rtp-sink | [         audio.c:  553 rtp_audio_process_capture()] timestamp: expected 128 != actual 0
[I][13:55:49.043160] mod.rtp-sink | [         audio.c:  567 rtp_audio_process_capture()] (re)sync to timestamp:0 seq:23140 ts_offset:0 SSRC:3076146323
[W][13:55:49.045895] mod.rtp-sink | [         audio.c:  553 rtp_audio_process_capture()] timestamp: expected 128 != actual 0
[I][13:55:49.045905] mod.rtp-sink | [         audio.c:  567 rtp_audio_process_capture()] (re)sync to timestamp:0 seq:23142 ts_offset:0 SSRC:3076146323
[W][13:55:49.048391] mod.rtp-sink | [         audio.c:  553 rtp_audio_process_capture()] timestamp: expected 128 != actual 0
[I][13:55:49.048402] mod.rtp-sink | [         audio.c:  567 rtp_audio_process_capture()] (re)sync to timestamp:0 seq:23144 ts_offset:0 SSRC:3076146323
[W][13:55:49.051145] mod.rtp-sink | [         audio.c:  553 rtp_audio_process_capture()] timestamp: expected 128 != actual 0
[I][13:55:49.051158] mod.rtp-sink | [         audio.c:  567 rtp_audio_process_capture()] (re)sync to timestamp:0 seq:23146 ts_offset:0 SSRC:3076146323
[W][13:55:49.053882] mod.rtp-sink | [         audio.c:  553 rtp_audio_process_capture()] timestamp: expected 128 != actual 0
[I][13:55:49.053888] mod.rtp-sink | [         audio.c:  567 rtp_audio_process_capture()] (re)sync to timestamp:0 seq:23148 ts_offset:0 SSRC:3076146323
[W][13:55:49.056383] mod.rtp-sink | [         audio.c:  553 rtp_audio_process_capture()] timestamp: expected 128 != actual 0
[I][13:55:49.056389] mod.rtp-sink | [         audio.c:  567 rtp_audio_process_capture()] (re)sync to timestamp:0 seq:23150 ts_offset:0 SSRC:3076146323
[W][13:55:49.059130] mod.rtp-sink | [         audio.c:  553 rtp_audio_process_capture()] timestamp: expected 128 != actual 0
[I][13:55:49.059143] mod.rtp-sink | [         audio.c:  567 rtp_audio_process_capture()] (re)sync to timestamp:0 seq:23152 ts_offset:0 SSRC:3076146323
[W][13:55:49.061890] mod.rtp-sink | [         audio.c:  553 rtp_audio_process_capture()] timestamp: expected 128 != actual 0
[I][13:55:49.061900] mod.rtp-sink | [         audio.c:  567 rtp_audio_process_capture()] (re)sync to timestamp:0 seq:23154 ts_offset:0 SSRC:3076146323
[W][13:55:49.064391] mod.rtp-sink | [         audio.c:  553 rtp_audio_process_capture()] timestamp: expected 128 != actual 0
[I][13:55:49.064405] mod.rtp-sink | [         audio.c:  567 rtp_audio_process_capture()] (re)sync to timestamp:0 seq:23156 ts_offset:0 SSRC:3076146323
[W][13:55:49.067148] mod.rtp-sink | [         audio.c:  553 rtp_audio_process_capture()] timestamp: expected 128 != actual 0
[I][13:55:49.067167] mod.rtp-sink | [         audio.c:  567 rtp_audio_process_capture()] (re)sync to timestamp:0 seq:23158 ts_offset:0 SSRC:3076146323
[W][13:55:49.069875] mod.rtp-sink | [         audio.c:  553 rtp_audio_process_capture()] timestamp: expected 128 != actual 0
[I][13:55:49.069883] mod.rtp-sink | [         audio.c:  567 rtp_audio_process_capture()] (re)sync to timestamp:0 seq:23160 ts_offset:0 SSRC:3076146323
[W][13:55:49.072374] mod.rtp-sink | [         audio.c:  553 rtp_audio_process_capture()] timestamp: expected 128 != actual 0
[I][13:55:49.072380] mod.rtp-sink | [         audio.c:  567 rtp_audio_process_capture()] (re)sync to timestamp:0 seq:23162 ts_offset:0 SSRC:3076146323
[W][13:55:49.075119] mod.rtp-sink | [         audio.c:  553 rtp_audio_process_capture()] timestamp: expected 128 != actual 0
[I][13:55:49.075127] mod.rtp-sink | [         audio.c:  567 rtp_audio_process_capture()] (re)sync to timestamp:0 seq:23164 ts_offset:0 SSRC:3076146323
[W][13:55:49.077881] mod.rtp-sink | [         audio.c:  553 rtp_audio_process_capture()] timestamp: expected 128 != actual 0
[I][13:55:49.077890] mod.rtp-sink | [         audio.c:  567 rtp_audio_process_capture()] (re)sync to timestamp:0 seq:23166 ts_offset:0 SSRC:3076146323
[W][13:55:49.080379] mod.rtp-sink | [         audio.c:  553 rtp_audio_process_capture()] timestamp: expected 128 != actual 0
[I][13:55:49.080390] mod.rtp-sink | [         audio.c:  567 rtp_audio_process_capture()] (re)sync to timestamp:0 seq:23168 ts_offset:0 SSRC:3076146323
[W][13:55:49.083126] mod.rtp-sink | [         audio.c:  553 rtp_audio_process_capture()] timestamp: expected 128 != actual 0
[I][13:55:49.083150] mod.rtp-sink | [         audio.c:  567 rtp_audio_process_capture()] (re)sync to timestamp:0 seq:23170 ts_offset:0 SSRC:3076146323
[W][13:55:49.085871] mod.rtp-sink | [         audio.c:  553 rtp_audio_process_capture()] timestamp: expected 128 != actual 0
[I][13:55:49.085879] mod.rtp-sink | [         audio.c:  567 rtp_audio_process_capture()] (re)sync to timestamp:0 seq:23172 ts_offset:0 SSRC:3076146323
[W][13:55:49.088369] mod.rtp-sink | [         audio.c:  553 rtp_audio_process_capture()] timestamp: expected 128 != actual 0
[I][13:55:49.088375] mod.rtp-sink | [         audio.c:  567 rtp_audio_process_capture()] (re)sync to timestamp:0 seq:23174 ts_offset:0 SSRC:3076146323
[W][13:55:49.091114] mod.rtp-sink | [         audio.c:  553 rtp_audio_process_capture()] timestamp: expected 128 != actual 0
[I][13:55:49.091120] mod.rtp-sink | [         audio.c:  567 rtp_audio_process_capture()] (re)sync to timestamp:0 seq:23176 ts_offset:0 SSRC:3076146323
[W][13:55:49.093878] mod.rtp-sink | [         audio.c:  553 rtp_audio_process_capture()] timestamp: expected 128 != actual 0
[I][13:55:49.093890] mod.rtp-sink | [         audio.c:  567 rtp_audio_process_capture()] (re)sync to timestamp:0 seq:23178 ts_offset:0 SSRC:3076146323
[W][13:55:49.096374] mod.rtp-sink | [         audio.c:  553 rtp_audio_process_capture()] timestamp: expected 128 != actual 0
[I][13:55:49.096385] mod.rtp-sink | [         audio.c:  567 rtp_audio_process_capture()] (re)sync to timestamp:0 seq:23180 ts_offset:0 SSRC:3076146323
[W][13:55:49.099114] mod.rtp-sink | [         audio.c:  553 rtp_audio_process_capture()] timestamp: expected 128 != actual 0
[I][13:55:49.099125] mod.rtp-sink | [         audio.c:  567 rtp_audio_process_capture()] (re)sync to timestamp:0 seq:23182 ts_offset:0 SSRC:3076146323
[W][13:55:49.101862] mod.rtp-sink | [         audio.c:  553 rtp_audio_process_capture()] timestamp: expected 128 != actual 0
[I][13:55:49.101870] mod.rtp-sink | [         audio.c:  567 rtp_audio_process_capture()] (re)sync to timestamp:0 seq:23184 ts_offset:0 SSRC:3076146323
[W][13:55:49.104364] mod.rtp-sink | [         audio.c:  553 rtp_audio_process_capture()] timestamp: expected 128 != actual 0
[I][13:55:49.104372] mod.rtp-sink | [         audio.c:  567 rtp_audio_process_capture()] (re)sync to timestamp:0 seq:23186 ts_offset:0 SSRC:3076146323
[W][13:55:49.107104] mod.rtp-sink | [         audio.c:  553 rtp_audio_process_capture()] timestamp: expected 128 != actual 0
[I][13:55:49.107111] mod.rtp-sink | [         audio.c:  567 rtp_audio_process_capture()] (re)sync to timestamp:0 seq:23188 ts_offset:0 SSRC:3076146323
[W][13:55:49.109857] mod.rtp-sink | [         audio.c:  553 rtp_audio_process_capture()] timestamp: expected 128 != actual 0
[I][13:55:49.109864] mod.rtp-sink | [         audio.c:  567 rtp_audio_process_capture()] (re)sync to timestamp:0 seq:23190 ts_offset:0 SSRC:3076146323
[W][13:55:49.112611] mod.rtp-sink | [         audio.c:  553 rtp_audio_process_capture()] timestamp: expected 128 != actual 0
[I][13:55:49.112623] mod.rtp-sink | [         audio.c:  567 rtp_audio_process_capture()] (re)sync to timestamp:0 seq:23192 ts_offset:0 SSRC:3076146323
[W][13:55:49.115111] mod.rtp-sink | [         audio.c:  553 rtp_audio_process_capture()] timestamp: expected 128 != actual 0
[I][13:55:49.115122] mod.rtp-sink | [         audio.c:  567 rtp_audio_process_capture()] (re)sync to timestamp:0 seq:23194 ts_offset:0 SSRC:3076146323
[W][13:55:49.117856] mod.rtp-sink | [         audio.c:  553 rtp_audio_process_capture()] timestamp: expected 128 != actual 0
[I][13:55:49.117865] mod.rtp-sink | [         audio.c:  567 rtp_audio_process_capture()] (re)sync to timestamp:0 seq:23196 ts_offset:0 SSRC:3076146323
[W][13:55:49.120600] mod.rtp-sink | [         audio.c:  553 rtp_audio_process_capture()] timestamp: expected 128 != actual 0
[I][13:55:49.120608] mod.rtp-sink | [         audio.c:  567 rtp_audio_process_capture()] (re)sync to timestamp:0 seq:23198 ts_offset:0 SSRC:3076146323
[W][13:55:49.123100] mod.rtp-sink | [         audio.c:  553 rtp_audio_process_capture()] timestamp: expected 128 != actual 0
[I][13:55:49.123106] mod.rtp-sink | [         audio.c:  567 rtp_audio_process_capture()] (re)sync to timestamp:0 seq:23200 ts_offset:0 SSRC:3076146323
[W][13:55:49.125850] mod.rtp-sink | [         audio.c:  553 rtp_audio_process_capture()] timestamp: expected 128 != actual 0
[I][13:55:49.125857] mod.rtp-sink | [         audio.c:  567 rtp_audio_process_capture()] (re)sync to timestamp:0 seq:23202 ts_offset:0 SSRC:3076146323
[W][13:55:49.128607] mod.rtp-sink | [         audio.c:  553 rtp_audio_process_capture()] timestamp: expected 128 != actual 0
[I][13:55:49.128617] mod.rtp-sink | [         audio.c:  567 rtp_audio_process_capture()] (re)sync to timestamp:0 seq:23204 ts_offset:0 SSRC:3076146323
[W][13:55:49.131103] mod.rtp-sink | [         audio.c:  553 rtp_audio_process_capture()] timestamp: expected 128 != actual 0
[I][13:55:49.131113] mod.rtp-sink | [         audio.c:  567 rtp_audio_process_capture()] (re)sync to timestamp:0 seq:23206 ts_offset:0 SSRC:3076146323
[W][13:55:49.133849] mod.rtp-sink | [         audio.c:  553 rtp_audio_process_capture()] timestamp: expected 128 != actual 0
[I][13:55:49.133858] mod.rtp-sink | [         audio.c:  567 rtp_audio_process_capture()] (re)sync to timestamp:0 seq:23208 ts_offset:0 SSRC:3076146323
[W][13:55:49.136594] mod.rtp-sink | [         audio.c:  553 rtp_audio_process_capture()] timestamp: expected 128 != actual 0
[I][13:55:49.136601] mod.rtp-sink | [         audio.c:  567 rtp_audio_process_capture()] (re)sync to timestamp:0 seq:23210 ts_offset:0 SSRC:3076146323
[W][13:55:49.139093] mod.rtp-sink | [         audio.c:  553 rtp_audio_process_capture()] timestamp: expected 128 != actual 0
[I][13:55:49.139099] mod.rtp-sink | [         audio.c:  567 rtp_audio_process_capture()] (re)sync to timestamp:0 seq:23212 ts_offset:0 SSRC:3076146323
[W][13:55:49.141839] mod.rtp-sink | [         audio.c:  553 rtp_audio_process_capture()] timestamp: expected 128 != actual 0
[I][13:55:49.141845] mod.rtp-sink | [         audio.c:  567 rtp_audio_process_capture()] (re)sync to timestamp:0 seq:23214 ts_offset:0 SSRC:3076146323
[W][13:55:49.144601] mod.rtp-sink | [         audio.c:  553 rtp_audio_process_capture()] timestamp: expected 128 != actual 0
[I][13:55:49.144611] mod.rtp-sink | [         audio.c:  567 rtp_audio_process_capture()] (re)sync to timestamp:0 seq:23216 ts_offset:0 SSRC:3076146323
[W][13:55:49.147103] mod.rtp-sink | [         audio.c:  553 rtp_audio_process_capture()] timestamp: expected 128 != actual 0
[I][13:55:49.147117] mod.rtp-sink | [         audio.c:  567 rtp_audio_process_capture()] (re)sync to timestamp:0 seq:23218 ts_offset:0 SSRC:3076146323
[W][13:55:49.149844] mod.rtp-sink | [         audio.c:  553 rtp_audio_process_capture()] timestamp: expected 128 != actual 0
[I][13:55:49.149855] mod.rtp-sink | [         audio.c:  567 rtp_audio_process_capture()] (re)sync to timestamp:0 seq:23220 ts_offset:0 SSRC:3076146323
[W][13:55:49.152587] mod.rtp-sink | [         audio.c:  553 rtp_audio_process_capture()] timestamp: expected 128 != actual 0
[I][13:55:49.152595] mod.rtp-sink | [         audio.c:  567 rtp_audio_process_capture()] (re)sync to timestamp:0 seq:23222 ts_offset:0 SSRC:3076146323
[W][13:55:49.155084] mod.rtp-sink | [         audio.c:  553 rtp_audio_process_capture()] timestamp: expected 128 != actual 0
[I][13:55:49.155091] mod.rtp-sink | [         audio.c:  567 rtp_audio_process_capture()] (re)sync to timestamp:0 seq:23224 ts_offset:0 SSRC:3076146323
[W][13:55:49.157830] mod.rtp-sink | [         audio.c:  553 rtp_audio_process_capture()] timestamp: expected 128 != actual 0
[I][13:55:49.157836] mod.rtp-sink | [         audio.c:  567 rtp_audio_process_capture()] (re)sync to timestamp:0 seq:23226 ts_offset:0 SSRC:3076146323
[W][13:55:49.160588] mod.rtp-sink | [         audio.c:  553 rtp_audio_process_capture()] timestamp: expected 128 != actual 0
[I][13:55:49.160598] mod.rtp-sink | [         audio.c:  567 rtp_audio_process_capture()] (re)sync to timestamp:0 seq:23228 ts_offset:0 SSRC:3076146323
[W][13:55:49.163093] mod.rtp-sink | [         audio.c:  553 rtp_audio_process_capture()] timestamp: expected 128 != actual 0
[I][13:55:49.163105] mod.rtp-sink | [         audio.c:  567 rtp_audio_process_capture()] (re)sync to timestamp:0 seq:23230 ts_offset:0 SSRC:3076146323
[W][13:55:49.165833] mod.rtp-sink | [         audio.c:  553 rtp_audio_process_capture()] timestamp: expected 128 != actual 0
[I][13:55:49.165843] mod.rtp-sink | [         audio.c:  567 rtp_audio_process_capture()] (re)sync to timestamp:0 seq:23232 ts_offset:0 SSRC:3076146323
[W][13:55:49.168581] mod.rtp-sink | [         audio.c:  553 rtp_audio_process_capture()] timestamp: expected 128 != actual 0
[I][13:55:49.168589] mod.rtp-sink | [         audio.c:  567 rtp_audio_process_capture()] (re)sync to timestamp:0 seq:23234 ts_offset:0 SSRC:3076146323
[W][13:55:49.171076] mod.rtp-sink | [         audio.c:  553 rtp_audio_process_capture()] timestamp: expected 128 != actual 0
[I][13:55:49.171083] mod.rtp-sink | [         audio.c:  567 rtp_audio_process_capture()] (re)sync to timestamp:0 seq:23236 ts_offset:0 SSRC:3076146323
[W][13:55:49.173825] mod.rtp-sink | [         audio.c:  553 rtp_audio_process_capture()] timestamp: expected 128 != actual 0
[I][13:55:49.173831] mod.rtp-sink | [         audio.c:  567 rtp_audio_process_capture()] (re)sync to timestamp:0 seq:23238 ts_offset:0 SSRC:3076146323
[W][13:55:49.176577] mod.rtp-sink | [         audio.c:  553 rtp_audio_process_capture()] timestamp: expected 128 != actual 0
[I][13:55:49.176586] mod.rtp-sink | [         audio.c:  567 rtp_audio_process_capture()] (re)sync to timestamp:0 seq:23240 ts_offset:0 SSRC:3076146323
[W][13:55:49.179077] mod.rtp-sink | [         audio.c:  553 rtp_audio_process_capture()] timestamp: expected 128 != actual 0
[I][13:55:49.179086] mod.rtp-sink | [         audio.c:  567 rtp_audio_process_capture()] (re)sync to timestamp:0 seq:23242 ts_offset:0 SSRC:3076146323
[W][13:55:49.181829] mod.rtp-sink | [         audio.c:  553 rtp_audio_process_capture()] timestamp: expected 128 != actual 0
[I][13:55:49.181840] mod.rtp-sink | [         audio.c:  567 rtp_audio_process_capture()] (re)sync to timestamp:0 seq:23244 ts_offset:0 SSRC:3076146323
[W][13:55:49.184570] mod.rtp-sink | [         audio.c:  553 rtp_audio_process_capture()] timestamp: expected 128 != actual 0
[I][13:55:49.184579] mod.rtp-sink | [         audio.c:  567 rtp_audio_process_capture()] (re)sync to timestamp:0 seq:23246 ts_offset:0 SSRC:3076146323
[W][13:55:49.187074] mod.rtp-sink | [         audio.c:  553 rtp_audio_process_capture()] timestamp: expected 128 != actual 0
[I][13:55:49.187082] mod.rtp-sink | [         audio.c:  567 rtp_audio_process_capture()] (re)sync to timestamp:0 seq:23248 ts_offset:0 SSRC:3076146323
[W][13:55:49.189823] mod.rtp-sink | [         audio.c:  553 rtp_audio_process_capture()] timestamp: expected 128 != actual 0
[I][13:55:49.189831] mod.rtp-sink | [         audio.c:  567 rtp_audio_process_capture()] (re)sync to timestamp:0 seq:23250 ts_offset:0 SSRC:3076146323
[W][13:55:49.192570] mod.rtp-sink | [         audio.c:  553 rtp_audio_process_capture()] timestamp: expected 128 != actual 0
[I][13:55:49.192579] mod.rtp-sink | [         audio.c:  567 rtp_audio_process_capture()] (re)sync to timestamp:0 seq:23252 ts_offset:0 SSRC:3076146323
[W][13:55:49.195074] mod.rtp-sink | [         audio.c:  553 rtp_audio_process_capture()] timestamp: expected 128 != actual 0
[I][13:55:49.195085] mod.rtp-sink | [         audio.c:  567 rtp_audio_process_capture()] (re)sync to timestamp:0 seq:23254 ts_offset:0 SSRC:3076146323
[W][13:55:49.197823] mod.rtp-sink | [         audio.c:  553 rtp_audio_process_capture()] timestamp: expected 128 != actual 0
[I][13:55:49.197834] mod.rtp-sink | [         audio.c:  567 rtp_audio_process_capture()] (re)sync to timestamp:0 seq:23256 ts_offset:0 SSRC:3076146323
[W][13:55:49.200569] mod.rtp-sink | [         audio.c:  553 rtp_audio_process_capture()] timestamp: expected 128 != actual 0
[I][13:55:49.200577] mod.rtp-sink | [         audio.c:  567 rtp_audio_process_capture()] (re)sync to timestamp:0 seq:23258 ts_offset:0 SSRC:3076146323
[W][13:55:49.203062] mod.rtp-sink | [         audio.c:  553 rtp_audio_process_capture()] timestamp: expected 128 != actual 0
[I][13:55:49.203070] mod.rtp-sink | [         audio.c:  567 rtp_audio_process_capture()] (re)sync to timestamp:0 seq:23260 ts_offset:0 SSRC:3076146323
[W][13:55:49.205808] mod.rtp-sink | [         audio.c:  553 rtp_audio_process_capture()] timestamp: expected 128 != actual 0
[I][13:55:49.205815] mod.rtp-sink | [         audio.c:  567 rtp_audio_process_capture()] (re)sync to timestamp:0 seq:23262 ts_offset:0 SSRC:3076146323
[W][13:55:49.208558] mod.rtp-sink | [         audio.c:  553 rtp_audio_process_capture()] timestamp: expected 128 != actual 0
[I][13:55:49.208564] mod.rtp-sink | [         audio.c:  567 rtp_audio_process_capture()] (re)sync to timestamp:0 seq:23264 ts_offset:0 SSRC:3076146323
[W][13:55:49.211075] mod.rtp-sink | [         audio.c:  553 rtp_audio_process_capture()] timestamp: expected 128 != actual 0
[I][13:55:49.211090] mod.rtp-sink | [         audio.c:  567 rtp_audio_process_capture()] (re)sync to timestamp:0 seq:23266 ts_offset:0 SSRC:3076146323
[W][13:55:49.213820] mod.rtp-sink | [         audio.c:  553 rtp_audio_process_capture()] timestamp: expected 128 != actual 0
[I][13:55:49.213833] mod.rtp-sink | [         audio.c:  567 rtp_audio_process_capture()] (re)sync to timestamp:0 seq:23268 ts_offset:0 SSRC:3076146323
[W][13:55:49.216561] mod.rtp-sink | [         audio.c:  553 rtp_audio_process_capture()] timestamp: expected 128 != actual 0
[I][13:55:49.216570] mod.rtp-sink | [         audio.c:  567 rtp_audio_process_capture()] (re)sync to timestamp:0 seq:23270 ts_offset:0 SSRC:3076146323
[W][13:55:49.219054] mod.rtp-sink | [         audio.c:  553 rtp_audio_process_capture()] timestamp: expected 128 != actual 0
[I][13:55:49.219060] mod.rtp-sink | [         audio.c:  567 rtp_audio_process_capture()] (re)sync to timestamp:0 seq:23272 ts_offset:0 SSRC:3076146323
[W][13:55:49.221801] mod.rtp-sink | [         audio.c:  553 rtp_audio_process_capture()] timestamp: expected 128 != actual 0
[I][13:55:49.221807] mod.rtp-sink | [         audio.c:  567 rtp_audio_process_capture()] (re)sync to timestamp:0 seq:23274 ts_offset:0 SSRC:3076146323
[W][13:55:49.224553] mod.rtp-sink | [         audio.c:  553 rtp_audio_process_capture()] timestamp: expected 128 != actual 0
[I][13:55:49.224560] mod.rtp-sink | [         audio.c:  567 rtp_audio_process_capture()] (re)sync to timestamp:0 seq:23276 ts_offset:0 SSRC:3076146323
[W][13:55:49.227050] mod.rtp-sink | [         audio.c:  553 rtp_audio_process_capture()] timestamp: expected 128 != actual 0
[I][13:55:49.227057] mod.rtp-sink | [         audio.c:  567 rtp_audio_process_capture()] (re)sync to timestamp:0 seq:23278 ts_offset:0 SSRC:3076146323
[W][13:55:49.229811] mod.rtp-sink | [         audio.c:  553 rtp_audio_process_capture()] timestamp: expected 128 != actual 0
[I][13:55:49.229823] mod.rtp-sink | [         audio.c:  567 rtp_audio_process_capture()] (re)sync to timestamp:0 seq:23280 ts_offset:0 SSRC:3076146323
[W][13:55:49.232555] mod.rtp-sink | [         audio.c:  553 rtp_audio_process_capture()] timestamp: expected 128 != actual 0
[I][13:55:49.232566] mod.rtp-sink | [         audio.c:  567 rtp_audio_process_capture()] (re)sync to timestamp:0 seq:23282 ts_offset:0 SSRC:3076146323
[W][13:55:49.235048] mod.rtp-sink | [         audio.c:  553 rtp_audio_process_capture()] timestamp: expected 128 != actual 0
[I][13:55:49.235059] mod.rtp-sink | [         audio.c:  567 rtp_audio_process_capture()] (re)sync to timestamp:0 seq:23284 ts_offset:0 SSRC:3076146323
[W][13:55:49.237793] mod.rtp-sink | [         audio.c:  553 rtp_audio_process_capture()] timestamp: expected 128 != actual 0
[I][13:55:49.237800] mod.rtp-sink | [         audio.c:  567 rtp_audio_process_capture()] (re)sync to timestamp:0 seq:23286 ts_offset:0 SSRC:3076146323
[W][13:55:49.240547] mod.rtp-sink | [         audio.c:  553 rtp_audio_process_capture()] timestamp: expected 128 != actual 0
[I][13:55:49.240554] mod.rtp-sink | [         audio.c:  567 rtp_audio_process_capture()] (re)sync to timestamp:0 seq:23288 ts_offset:0 SSRC:3076146323
[W][13:55:49.243045] mod.rtp-sink | [         audio.c:  553 rtp_audio_process_capture()] timestamp: expected 128 != actual 0
[I][13:55:49.243054] mod.rtp-sink | [         audio.c:  567 rtp_audio_process_capture()] (re)sync to timestamp:0 seq:23290 ts_offset:0 SSRC:3076146323
[W][13:55:49.245798] mod.rtp-sink | [         audio.c:  553 rtp_audio_process_capture()] timestamp: expected 128 != actual 0
[I][13:55:49.245810] mod.rtp-sink | [         audio.c:  567 rtp_audio_process_capture()] (re)sync to timestamp:0 seq:23292 ts_offset:0 SSRC:3076146323
[W][13:55:49.248543] mod.rtp-sink | [         audio.c:  553 rtp_audio_process_capture()] timestamp: expected 128 != actual 0
[I][13:55:49.248553] mod.rtp-sink | [         audio.c:  567 rtp_audio_process_capture()] (re)sync to timestamp:0 seq:23294 ts_offset:0 SSRC:3076146323
[W][13:55:49.251040] mod.rtp-sink | [         audio.c:  553 rtp_audio_process_capture()] timestamp: expected 128 != actual 0
[I][13:55:49.251049] mod.rtp-sink | [         audio.c:  567 rtp_audio_process_capture()] (re)sync to timestamp:0 seq:23296 ts_offset:0 SSRC:3076146323
[W][13:55:49.253786] mod.rtp-sink | [         audio.c:  553 rtp_audio_process_capture()] timestamp: expected 128 != actual 0
[I][13:55:49.253791] mod.rtp-sink | [         audio.c:  567 rtp_audio_process_capture()] (re)sync to timestamp:0 seq:23298 ts_offset:0 SSRC:3076146323
[W][13:55:49.256537] mod.rtp-sink | [         audio.c:  553 rtp_audio_process_capture()] timestamp: expected 128 != actual 0
[I][13:55:49.256543] mod.rtp-sink | [         audio.c:  567 rtp_audio_process_capture()] (re)sync to timestamp:0 seq:23300 ts_offset:0 SSRC:3076146323
[W][13:55:49.259038] mod.rtp-sink | [         audio.c:  553 rtp_audio_process_capture()] timestamp: expected 128 != actual 0
[I][13:55:49.259045] mod.rtp-sink | [         audio.c:  567 rtp_audio_process_capture()] (re)sync to timestamp:0 seq:23302 ts_offset:0 SSRC:3076146323
[W][13:55:49.261794] mod.rtp-sink | [         audio.c:  553 rtp_audio_process_capture()] timestamp: expected 128 != actual 0
[I][13:55:49.261805] mod.rtp-sink | [         audio.c:  567 rtp_audio_process_capture()] (re)sync to timestamp:0 seq:23304 ts_offset:0 SSRC:3076146323
[W][13:55:49.264545] mod.rtp-sink | [         audio.c:  553 rtp_audio_process_capture()] timestamp: expected 128 != actual 0
[I][13:55:49.264558] mod.rtp-sink | [         audio.c:  567 rtp_audio_process_capture()] (re)sync to timestamp:0 seq:23306 ts_offset:0 SSRC:3076146323
[W][13:55:49.267055] mod.rtp-sink | [         audio.c:  553 rtp_audio_process_capture()] timestamp: expected 128 != actual 0
[I][13:55:49.267066] mod.rtp-sink | [         audio.c:  567 rtp_audio_process_capture()] (re)sync to timestamp:0 seq:23308 ts_offset:0 SSRC:3076146323
[W][13:55:49.269776] mod.rtp-sink | [         audio.c:  553 rtp_audio_process_capture()] timestamp: expected 128 != actual 0
[I][13:55:49.269782] mod.rtp-sink | [         audio.c:  567 rtp_audio_process_capture()] (re)sync to timestamp:0 seq:23310 ts_offset:0 SSRC:3076146323
[W][13:55:49.272530] mod.rtp-sink | [         audio.c:  553 rtp_audio_process_capture()] timestamp: expected 128 != actual 0
[I][13:55:49.272535] mod.rtp-sink | [         audio.c:  567 rtp_audio_process_capture()] (re)sync to timestamp:0 seq:23312 ts_offset:0 SSRC:3076146323
[W][13:55:49.275032] mod.rtp-sink | [         audio.c:  553 rtp_audio_process_capture()] timestamp: expected 128 != actual 0
[I][13:55:49.275038] mod.rtp-sink | [         audio.c:  567 rtp_audio_process_capture()] (re)sync to timestamp:0 seq:23314 ts_offset:0 SSRC:3076146323
[W][13:55:49.277789] mod.rtp-sink | [         audio.c:  553 rtp_audio_process_capture()] timestamp: expected 128 != actual 0
[I][13:55:49.277802] mod.rtp-sink | [         audio.c:  567 rtp_audio_process_capture()] (re)sync to timestamp:0 seq:23316 ts_offset:0 SSRC:3076146323
[W][13:55:49.280533] mod.rtp-sink | [         audio.c:  553 rtp_audio_process_capture()] timestamp: expected 128 != actual 0
[I][13:55:49.280543] mod.rtp-sink | [         audio.c:  567 rtp_audio_process_capture()] (re)sync to timestamp:0 seq:23318 ts_offset:0 SSRC:3076146323
[W][13:55:49.283027] mod.rtp-sink | [         audio.c:  553 rtp_audio_process_capture()] timestamp: expected 128 != actual 0
[I][13:55:49.283037] mod.rtp-sink | [         audio.c:  567 rtp_audio_process_capture()] (re)sync to timestamp:0 seq:23320 ts_offset:0 SSRC:3076146323
[W][13:55:49.285771] mod.rtp-sink | [         audio.c:  553 rtp_audio_process_capture()] timestamp: expected 128 != actual 0
[I][13:55:49.285780] mod.rtp-sink | [         audio.c:  567 rtp_audio_process_capture()] (re)sync to timestamp:0 seq:23322 ts_offset:0 SSRC:3076146323
[W][13:55:49.288523] mod.rtp-sink | [         audio.c:  553 rtp_audio_process_capture()] timestamp: expected 128 != actual 0
[I][13:55:49.288530] mod.rtp-sink | [         audio.c:  567 rtp_audio_process_capture()] (re)sync to timestamp:0 seq:23324 ts_offset:0 SSRC:3076146323
[W][13:55:49.291268] mod.rtp-sink | [         audio.c:  553 rtp_audio_process_capture()] timestamp: expected 128 != actual 0
[I][13:55:49.291275] mod.rtp-sink | [         audio.c:  567 rtp_audio_process_capture()] (re)sync to timestamp:0 seq:23326 ts_offset:0 SSRC:3076146323
[W][13:55:49.293782] mod.rtp-sink | [         audio.c:  553 rtp_audio_process_capture()] timestamp: expected 128 != actual 0
[I][13:55:49.293792] mod.rtp-sink | [         audio.c:  567 rtp_audio_process_capture()] (re)sync to timestamp:0 seq:23328 ts_offset:0 SSRC:3076146323
[W][13:55:49.296527] mod.rtp-sink | [         audio.c:  553 rtp_audio_process_capture()] timestamp: expected 128 != actual 0
[I][13:55:49.296540] mod.rtp-sink | [         audio.c:  567 rtp_audio_process_capture()] (re)sync to timestamp:0 seq:23330 ts_offset:0 SSRC:3076146323
[W][13:55:49.299271] mod.rtp-sink | [         audio.c:  553 rtp_audio_process_capture()] timestamp: expected 128 != actual 0
[I][13:55:49.299281] mod.rtp-sink | [         audio.c:  567 rtp_audio_process_capture()] (re)sync to timestamp:0 seq:23332 ts_offset:0 SSRC:3076146323
[W][13:55:49.301765] mod.rtp-sink | [         audio.c:  553 rtp_audio_process_capture()] timestamp: expected 128 != actual 0
[I][13:55:49.301773] mod.rtp-sink | [         audio.c:  567 rtp_audio_process_capture()] (re)sync to timestamp:0 seq:23334 ts_offset:0 SSRC:3076146323
[W][13:55:49.304511] mod.rtp-sink | [         audio.c:  553 rtp_audio_process_capture()] timestamp: expected 128 != actual 0
[I][13:55:49.304518] mod.rtp-sink | [         audio.c:  567 rtp_audio_process_capture()] (re)sync to timestamp:0 seq:23336 ts_offset:0 SSRC:3076146323
[W][13:55:49.307262] mod.rtp-sink | [         audio.c:  553 rtp_audio_process_capture()] timestamp: expected 128 != actual 0
[I][13:55:49.307269] mod.rtp-sink | [         audio.c:  567 rtp_audio_process_capture()] (re)sync to timestamp:0 seq:23338 ts_offset:0 SSRC:3076146323
[W][13:55:49.309761] mod.rtp-sink | [         audio.c:  553 rtp_audio_process_capture()] timestamp: expected 128 != actual 0
[I][13:55:49.309768] mod.rtp-sink | [         audio.c:  567 rtp_audio_process_capture()] (re)sync to timestamp:0 seq:23340 ts_offset:0 SSRC:3076146323
[W][13:55:49.312517] mod.rtp-sink | [         audio.c:  553 rtp_audio_process_capture()] timestamp: expected 128 != actual 0
[I][13:55:49.312527] mod.rtp-sink | [         audio.c:  567 rtp_audio_process_capture()] (re)sync to timestamp:0 seq:23342 ts_offset:0 SSRC:3076146323
[W][13:55:49.315265] mod.rtp-sink | [         audio.c:  553 rtp_audio_process_capture()] timestamp: expected 128 != actual 0
[I][13:55:49.315276] mod.rtp-sink | [         audio.c:  567 rtp_audio_process_capture()] (re)sync to timestamp:0 seq:23344 ts_offset:0 SSRC:3076146323
[W][13:55:49.317770] mod.rtp-sink | [         audio.c:  553 rtp_audio_process_capture()] timestamp: expected 128 != actual 0
[I][13:55:49.317780] mod.rtp-sink | [         audio.c:  567 rtp_audio_process_capture()] (re)sync to timestamp:0 seq:23346 ts_offset:0 SSRC:3076146323
[W][13:55:49.320506] mod.rtp-sink | [         audio.c:  553 rtp_audio_process_capture()] timestamp: expected 128 != actual 0
[I][13:55:49.320514] mod.rtp-sink | [         audio.c:  567 rtp_audio_process_capture()] (re)sync to timestamp:0 seq:23348 ts_offset:0 SSRC:3076146323
[W][13:55:49.323256] mod.rtp-sink | [         audio.c:  553 rtp_audio_process_capture()] timestamp: expected 128 != actual 0
[I][13:55:49.323263] mod.rtp-sink | [         audio.c:  567 rtp_audio_process_capture()] (re)sync to timestamp:0 seq:23350 ts_offset:0 SSRC:3076146323
[W][13:55:49.325754] mod.rtp-sink | [         audio.c:  553 rtp_audio_process_capture()] timestamp: expected 128 != actual 0
[I][13:55:49.325761] mod.rtp-sink | [         audio.c:  567 rtp_audio_process_capture()] (re)sync to timestamp:0 seq:23352 ts_offset:0 SSRC:3076146323
[W][13:55:49.328509] mod.rtp-sink | [         audio.c:  553 rtp_audio_process_capture()] timestamp: expected 128 != actual 0
[I][13:55:49.328521] mod.rtp-sink | [         audio.c:  567 rtp_audio_process_capture()] (re)sync to timestamp:0 seq:23354 ts_offset:0 SSRC:3076146323
[W][13:55:49.331257] mod.rtp-sink | [         audio.c:  553 rtp_audio_process_capture()] timestamp: expected 128 != actual 0
[I][13:55:49.331268] mod.rtp-sink | [         audio.c:  567 rtp_audio_process_capture()] (re)sync to timestamp:0 seq:23356 ts_offset:0 SSRC:3076146323
[W][13:55:49.333759] mod.rtp-sink | [         audio.c:  553 rtp_audio_process_capture()] timestamp: expected 128 != actual 0
[I][13:55:49.333769] mod.rtp-sink | [         audio.c:  567 rtp_audio_process_capture()] (re)sync to timestamp:0 seq:23358 ts_offset:0 SSRC:3076146323
[W][13:55:49.336500] mod.rtp-sink | [         audio.c:  553 rtp_audio_process_capture()] timestamp: expected 128 != actual 0
[I][13:55:49.336508] mod.rtp-sink | [         audio.c:  567 rtp_audio_process_capture()] (re)sync to timestamp:0 seq:23360 ts_offset:0 SSRC:3076146323
[W][13:55:49.339253] mod.rtp-sink | [         audio.c:  553 rtp_audio_process_capture()] timestamp: expected 128 != actual 0
[I][13:55:49.339261] mod.rtp-sink | [         audio.c:  567 rtp_audio_process_capture()] (re)sync to timestamp:0 seq:23362 ts_offset:0 SSRC:3076146323
[W][13:55:49.341742] mod.rtp-sink | [         audio.c:  553 rtp_audio_process_capture()] timestamp: expected 128 != actual 0
[I][13:55:49.341748] mod.rtp-sink | [         audio.c:  567 rtp_audio_process_capture()] (re)sync to timestamp:0 seq:23364 ts_offset:0 SSRC:3076146323
[W][13:55:49.344502] mod.rtp-sink | [         audio.c:  553 rtp_audio_process_capture()] timestamp: expected 128 != actual 0
[I][13:55:49.344510] mod.rtp-sink | [         audio.c:  567 rtp_audio_process_capture()] (re)sync to timestamp:0 seq:23366 ts_offset:0 SSRC:3076146323
[W][13:55:49.347252] mod.rtp-sink | [         audio.c:  553 rtp_audio_process_capture()] timestamp: expected 128 != actual 0
[I][13:55:49.347262] mod.rtp-sink | [         audio.c:  567 rtp_audio_process_capture()] (re)sync to timestamp:0 seq:23368 ts_offset:0 SSRC:3076146323
[W][13:55:49.349756] mod.rtp-sink | [         audio.c:  553 rtp_audio_process_capture()] timestamp: expected 128 != actual 0
[I][13:55:49.349766] mod.rtp-sink | [         audio.c:  567 rtp_audio_process_capture()] (re)sync to timestamp:0 seq:23370 ts_offset:0 SSRC:3076146323
[W][13:55:49.352493] mod.rtp-sink | [         audio.c:  553 rtp_audio_process_capture()] timestamp: expected 128 != actual 0
[I][13:55:49.352501] mod.rtp-sink | [         audio.c:  567 rtp_audio_process_capture()] (re)sync to timestamp:0 seq:23372 ts_offset:0 SSRC:3076146323
[W][13:55:49.355241] mod.rtp-sink | [         audio.c:  553 rtp_audio_process_capture()] timestamp: expected 128 != actual 0
[I][13:55:49.355248] mod.rtp-sink | [         audio.c:  567 rtp_audio_process_capture()] (re)sync to timestamp:0 seq:23374 ts_offset:0 SSRC:3076146323
[W][13:55:49.357738] mod.rtp-sink | [         audio.c:  553 rtp_audio_process_capture()] timestamp: expected 128 != actual 0
[I][13:55:49.357745] mod.rtp-sink | [         audio.c:  567 rtp_audio_process_capture()] (re)sync to timestamp:0 seq:23376 ts_offset:0 SSRC:3076146323
[W][13:55:49.360509] mod.rtp-sink | [         audio.c:  553 rtp_audio_process_capture()] timestamp: expected 128 != actual 0
[I][13:55:49.360520] mod.rtp-sink | [         audio.c:  567 rtp_audio_process_capture()] (re)sync to timestamp:0 seq:23378 ts_offset:0 SSRC:3076146323
[W][13:55:49.363245] mod.rtp-sink | [         audio.c:  553 rtp_audio_process_capture()] timestamp: expected 128 != actual 0
[I][13:55:49.363257] mod.rtp-sink | [         audio.c:  567 rtp_audio_process_capture()] (re)sync to timestamp:0 seq:23380 ts_offset:0 SSRC:3076146323
[W][13:55:49.365738] mod.rtp-sink | [         audio.c:  553 rtp_audio_process_capture()] timestamp: expected 128 != actual 0
[I][13:55:49.365748] mod.rtp-sink | [         audio.c:  567 rtp_audio_process_capture()] (re)sync to timestamp:0 seq:23382 ts_offset:0 SSRC:3076146323
[W][13:55:49.368480] mod.rtp-sink | [         audio.c:  553 rtp_audio_process_capture()] timestamp: expected 128 != actual 0
[I][13:55:49.368487] mod.rtp-sink | [         audio.c:  567 rtp_audio_process_capture()] (re)sync to timestamp:0 seq:23384 ts_offset:0 SSRC:3076146323
[W][13:55:49.371231] mod.rtp-sink | [         audio.c:  553 rtp_audio_process_capture()] timestamp: expected 128 != actual 0
[I][13:55:49.371235] mod.rtp-sink | [         audio.c:  567 rtp_audio_process_capture()] (re)sync to timestamp:0 seq:23386 ts_offset:0 SSRC:3076146323
[W][13:55:49.373730] mod.rtp-sink | [         audio.c:  553 rtp_audio_process_capture()] timestamp: expected 128 != actual 0
[I][13:55:49.373736] mod.rtp-sink | [         audio.c:  567 rtp_audio_process_capture()] (re)sync to timestamp:0 seq:23388 ts_offset:0 SSRC:3076146323
[W][13:55:49.376478] mod.rtp-sink | [         audio.c:  553 rtp_audio_process_capture()] timestamp: expected 128 != actual 0
[I][13:55:49.376485] mod.rtp-sink | [         audio.c:  567 rtp_audio_process_capture()] (re)sync to timestamp:0 seq:23390 ts_offset:0 SSRC:3076146323
[W][13:55:49.379234] mod.rtp-sink | [         audio.c:  553 rtp_audio_process_capture()] timestamp: expected 128 != actual 0
[I][13:55:49.379244] mod.rtp-sink | [         audio.c:  567 rtp_audio_process_capture()] (re)sync to timestamp:0 seq:23392 ts_offset:0 SSRC:3076146323
[W][13:55:49.381739] mod.rtp-sink | [         audio.c:  553 rtp_audio_process_capture()] timestamp: expected 128 != actual 0
[I][13:55:49.381749] mod.rtp-sink | [         audio.c:  567 rtp_audio_process_capture()] (re)sync to timestamp:0 seq:23394 ts_offset:0 SSRC:3076146323
[W][13:55:49.384481] mod.rtp-sink | [         audio.c:  553 rtp_audio_process_capture()] timestamp: expected 128 != actual 0
[I][13:55:49.384491] mod.rtp-sink | [         audio.c:  567 rtp_audio_process_capture()] (re)sync to timestamp:0 seq:23396 ts_offset:0 SSRC:3076146323
[W][13:55:49.387224] mod.rtp-sink | [         audio.c:  553 rtp_audio_process_capture()] timestamp: expected 128 != actual 0
[I][13:55:49.387231] mod.rtp-sink | [         audio.c:  567 rtp_audio_process_capture()] (re)sync to timestamp:0 seq:23398 ts_offset:0 SSRC:3076146323
[W][13:55:49.389721] mod.rtp-sink | [         audio.c:  553 rtp_audio_process_capture()] timestamp: expected 128 != actual 0
[I][13:55:49.389727] mod.rtp-sink | [         audio.c:  567 rtp_audio_process_capture()] (re)sync to timestamp:0 seq:23400 ts_offset:0 SSRC:3076146323
[W][13:55:49.392468] mod.rtp-sink | [         audio.c:  553 rtp_audio_process_capture()] timestamp: expected 128 != actual 0
[I][13:55:49.392475] mod.rtp-sink | [         audio.c:  567 rtp_audio_process_capture()] (re)sync to timestamp:0 seq:23402 ts_offset:0 SSRC:3076146323
[W][13:55:49.395230] mod.rtp-sink | [         audio.c:  553 rtp_audio_process_capture()] timestamp: expected 128 != actual 0
[I][13:55:49.395240] mod.rtp-sink | [         audio.c:  567 rtp_audio_process_capture()] (re)sync to timestamp:0 seq:23404 ts_offset:0 SSRC:3076146323
[W][13:55:49.397729] mod.rtp-sink | [         audio.c:  553 rtp_audio_process_capture()] timestamp: expected 128 != actual 0
[I][13:55:49.397740] mod.rtp-sink | [         audio.c:  567 rtp_audio_process_capture()] (re)sync to timestamp:0 seq:23406 ts_offset:0 SSRC:3076146323
[W][13:55:49.400473] mod.rtp-sink | [         audio.c:  553 rtp_audio_process_capture()] timestamp: expected 128 != actual 0
[I][13:55:49.400482] mod.rtp-sink | [         audio.c:  567 rtp_audio_process_capture()] (re)sync to timestamp:0 seq:23408 ts_offset:0 SSRC:3076146323
[W][13:55:49.403221] mod.rtp-sink | [         audio.c:  553 rtp_audio_process_capture()] timestamp: expected 128 != actual 0
[I][13:55:49.403229] mod.rtp-sink | [         audio.c:  567 rtp_audio_process_capture()] (re)sync to timestamp:0 seq:23410 ts_offset:0 SSRC:3076146323
[W][13:55:49.405716] mod.rtp-sink | [         audio.c:  553 rtp_audio_process_capture()] timestamp: expected 128 != actual 0
[I][13:55:49.405724] mod.rtp-sink | [         audio.c:  567 rtp_audio_process_capture()] (re)sync to timestamp:0 seq:23412 ts_offset:0 SSRC:3076146323
[W][13:55:49.408461] mod.rtp-sink | [         audio.c:  553 rtp_audio_process_capture()] timestamp: expected 128 != actual 0
[I][13:55:49.408466] mod.rtp-sink | [         audio.c:  567 rtp_audio_process_capture()] (re)sync to timestamp:0 seq:23414 ts_offset:0 SSRC:3076146323
[W][13:55:49.411227] mod.rtp-sink | [         audio.c:  553 rtp_audio_process_capture()] timestamp: expected 128 != actual 0
[I][13:55:49.411237] mod.rtp-sink | [         audio.c:  567 rtp_audio_process_capture()] (re)sync to timestamp:0 seq:23416 ts_offset:0 SSRC:3076146323
[W][13:55:49.413718] mod.rtp-sink | [         audio.c:  553 rtp_audio_process_capture()] timestamp: expected 128 != actual 0
[I][13:55:49.413731] mod.rtp-sink | [         audio.c:  567 rtp_audio_process_capture()] (re)sync to timestamp:0 seq:23418 ts_offset:0 SSRC:3076146323
[W][13:55:49.416470] mod.rtp-sink | [         audio.c:  553 rtp_audio_process_capture()] timestamp: expected 128 != actual 0
[I][13:55:49.416479] mod.rtp-sink | [         audio.c:  567 rtp_audio_process_capture()] (re)sync to timestamp:0 seq:23420 ts_offset:0 SSRC:3076146323
[W][13:55:49.419210] mod.rtp-sink | [         audio.c:  553 rtp_audio_process_capture()] timestamp: expected 128 != actual 0
[I][13:55:49.419218] mod.rtp-sink | [         audio.c:  567 rtp_audio_process_capture()] (re)sync to timestamp:0 seq:23422 ts_offset:0 SSRC:3076146323
[W][13:55:49.421706] mod.rtp-sink | [         audio.c:  553 rtp_audio_process_capture()] timestamp: expected 128 != actual 0
[I][13:55:49.421712] mod.rtp-sink | [         audio.c:  567 rtp_audio_process_capture()] (re)sync to timestamp:0 seq:23424 ts_offset:0 SSRC:3076146323
[W][13:55:49.424456] mod.rtp-sink | [         audio.c:  553 rtp_audio_process_capture()] timestamp: expected 128 != actual 0
[I][13:55:49.424465] mod.rtp-sink | [         audio.c:  567 rtp_audio_process_capture()] (re)sync to timestamp:0 seq:23426 ts_offset:0 SSRC:3076146323
[W][13:55:49.427217] mod.rtp-sink | [         audio.c:  553 rtp_audio_process_capture()] timestamp: expected 128 != actual 0
[I][13:55:49.427227] mod.rtp-sink | [         audio.c:  567 rtp_audio_process_capture()] (re)sync to timestamp:0 seq:23428 ts_offset:0 SSRC:3076146323
[W][13:55:49.429716] mod.rtp-sink | [         audio.c:  553 rtp_audio_process_capture()] timestamp: expected 128 != actual 0
[I][13:55:49.429726] mod.rtp-sink | [         audio.c:  567 rtp_audio_process_capture()] (re)sync to timestamp:0 seq:23430 ts_offset:0 SSRC:3076146323
[W][13:55:49.432458] mod.rtp-sink | [         audio.c:  553 rtp_audio_process_capture()] timestamp: expected 128 != actual 0
[I][13:55:49.432469] mod.rtp-sink | [         audio.c:  567 rtp_audio_process_capture()] (re)sync to timestamp:0 seq:23432 ts_offset:0 SSRC:3076146323
[W][13:55:49.435205] mod.rtp-sink | [         audio.c:  553 rtp_audio_process_capture()] timestamp: expected 128 != actual 0
[I][13:55:49.435215] mod.rtp-sink | [         audio.c:  567 rtp_audio_process_capture()] (re)sync to timestamp:0 seq:23434 ts_offset:0 SSRC:3076146323
[W][13:55:49.437701] mod.rtp-sink | [         audio.c:  553 rtp_audio_process_capture()] timestamp: expected 128 != actual 0
[I][13:55:49.437708] mod.rtp-sink | [         audio.c:  567 rtp_audio_process_capture()] (re)sync to timestamp:0 seq:23436 ts_offset:0 SSRC:3076146323
[W][13:55:49.440444] mod.rtp-sink | [         audio.c:  553 rtp_audio_process_capture()] timestamp: expected 128 != actual 0
[I][13:55:49.440449] mod.rtp-sink | [         audio.c:  567 rtp_audio_process_capture()] (re)sync to timestamp:0 seq:23438 ts_offset:0 SSRC:3076146323
[W][13:55:49.443206] mod.rtp-sink | [         audio.c:  553 rtp_audio_process_capture()] timestamp: expected 128 != actual 0
[I][13:55:49.443211] mod.rtp-sink | [         audio.c:  567 rtp_audio_process_capture()] (re)sync to timestamp:0 seq:23440 ts_offset:0 SSRC:3076146323
[W][13:55:49.445709] mod.rtp-sink | [         audio.c:  553 rtp_audio_process_capture()] timestamp: expected 128 != actual 0
[I][13:55:49.445720] mod.rtp-sink | [         audio.c:  567 rtp_audio_process_capture()] (re)sync to timestamp:0 seq:23442 ts_offset:0 SSRC:3076146323
[W][13:55:49.448447] mod.rtp-sink | [         audio.c:  553 rtp_audio_process_capture()] timestamp: expected 128 != actual 0
[I][13:55:49.448458] mod.rtp-sink | [         audio.c:  567 rtp_audio_process_capture()] (re)sync to timestamp:0 seq:23444 ts_offset:0 SSRC:3076146323
[W][13:55:49.451196] mod.rtp-sink | [         audio.c:  553 rtp_audio_process_capture()] timestamp: expected 128 != actual 0
[I][13:55:49.451206] mod.rtp-sink | [         audio.c:  567 rtp_audio_process_capture()] (re)sync to timestamp:0 seq:23446 ts_offset:0 SSRC:3076146323
[W][13:55:49.453690] mod.rtp-sink | [         audio.c:  553 rtp_audio_process_capture()] timestamp: expected 128 != actual 0
[I][13:55:49.453696] mod.rtp-sink | [         audio.c:  567 rtp_audio_process_capture()] (re)sync to timestamp:0 seq:23448 ts_offset:0 SSRC:3076146323
[W][13:55:49.456437] mod.rtp-sink | [         audio.c:  553 rtp_audio_process_capture()] timestamp: expected 128 != actual 0
[I][13:55:49.456442] mod.rtp-sink | [         audio.c:  567 rtp_audio_process_capture()] (re)sync to timestamp:0 seq:23450 ts_offset:0 SSRC:3076146323
[W][13:55:49.459191] mod.rtp-sink | [         audio.c:  553 rtp_audio_process_capture()] timestamp: expected 128 != actual 0
[I][13:55:49.459197] mod.rtp-sink | [         audio.c:  567 rtp_audio_process_capture()] (re)sync to timestamp:0 seq:23452 ts_offset:0 SSRC:3076146323
[W][13:55:49.461943] mod.rtp-sink | [         audio.c:  553 rtp_audio_process_capture()] timestamp: expected 128 != actual 0
[I][13:55:49.461953] mod.rtp-sink | [         audio.c:  567 rtp_audio_process_capture()] (re)sync to timestamp:0 seq:23454 ts_offset:0 SSRC:3076146323
[W][13:55:49.464448] mod.rtp-sink | [         audio.c:  553 rtp_audio_process_capture()] timestamp: expected 128 != actual 0
[I][13:55:49.464461] mod.rtp-sink | [         audio.c:  567 rtp_audio_process_capture()] (re)sync to timestamp:0 seq:23456 ts_offset:0 SSRC:3076146323
[W][13:55:49.467193] mod.rtp-sink | [         audio.c:  553 rtp_audio_process_capture()] timestamp: expected 128 != actual 0
[I][13:55:49.467204] mod.rtp-sink | [         audio.c:  567 rtp_audio_process_capture()] (re)sync to timestamp:0 seq:23458 ts_offset:0 SSRC:3076146323
[W][13:55:49.469935] mod.rtp-sink | [         audio.c:  553 rtp_audio_process_capture()] timestamp: expected 128 != actual 0
[I][13:55:49.469943] mod.rtp-sink | [         audio.c:  567 rtp_audio_process_capture()] (re)sync to timestamp:0 seq:23460 ts_offset:0 SSRC:3076146323
[W][13:55:49.472432] mod.rtp-sink | [         audio.c:  553 rtp_audio_process_capture()] timestamp: expected 128 != actual 0
[I][13:55:49.472439] mod.rtp-sink | [         audio.c:  567 rtp_audio_process_capture()] (re)sync to timestamp:0 seq:23462 ts_offset:0 SSRC:3076146323
[W][13:55:49.475183] mod.rtp-sink | [         audio.c:  553 rtp_audio_process_capture()] timestamp: expected 128 != actual 0
[I][13:55:49.475189] mod.rtp-sink | [         audio.c:  567 rtp_audio_process_capture()] (re)sync to timestamp:0 seq:23464 ts_offset:0 SSRC:3076146323
[W][13:55:49.477940] mod.rtp-sink | [         audio.c:  553 rtp_audio_process_capture()] timestamp: expected 128 != actual 0
[I][13:55:49.477951] mod.rtp-sink | [         audio.c:  567 rtp_audio_process_capture()] (re)sync to timestamp:0 seq:23466 ts_offset:0 SSRC:3076146323
[W][13:55:49.480437] mod.rtp-sink | [         audio.c:  553 rtp_audio_process_capture()] timestamp: expected 128 != actual 0
[I][13:55:49.480449] mod.rtp-sink | [         audio.c:  567 rtp_audio_process_capture()] (re)sync to timestamp:0 seq:23468 ts_offset:0 SSRC:3076146323
[W][13:55:49.483182] mod.rtp-sink | [         audio.c:  553 rtp_audio_process_capture()] timestamp: expected 128 != actual 0
[I][13:55:49.483190] mod.rtp-sink | [         audio.c:  567 rtp_audio_process_capture()] (re)sync to timestamp:0 seq:23470 ts_offset:0 SSRC:3076146323
[W][13:55:49.485927] mod.rtp-sink | [         audio.c:  553 rtp_audio_process_capture()] timestamp: expected 128 != actual 0
[I][13:55:49.485935] mod.rtp-sink | [         audio.c:  567 rtp_audio_process_capture()] (re)sync to timestamp:0 seq:23472 ts_offset:0 SSRC:3076146323
[W][13:55:49.488428] mod.rtp-sink | [         audio.c:  553 rtp_audio_process_capture()] timestamp: expected 128 != actual 0
[I][13:55:49.488436] mod.rtp-sink | [         audio.c:  567 rtp_audio_process_capture()] (re)sync to timestamp:0 seq:23474 ts_offset:0 SSRC:3076146323
[W][13:55:49.491172] mod.rtp-sink | [         audio.c:  553 rtp_audio_process_capture()] timestamp: expected 128 != actual 0
[I][13:55:49.491178] mod.rtp-sink | [         audio.c:  567 rtp_audio_process_capture()] (re)sync to timestamp:0 seq:23476 ts_offset:0 SSRC:3076146323
[W][13:55:49.493935] mod.rtp-sink | [         audio.c:  553 rtp_audio_process_capture()] timestamp: expected 128 != actual 0
[I][13:55:49.493945] mod.rtp-sink | [         audio.c:  567 rtp_audio_process_capture()] (re)sync to timestamp:0 seq:23478 ts_offset:0 SSRC:3076146323
[W][13:55:49.496428] mod.rtp-sink | [         audio.c:  553 rtp_audio_process_capture()] timestamp: expected 128 != actual 0
[I][13:55:49.496436] mod.rtp-sink | [         audio.c:  567 rtp_audio_process_capture()] (re)sync to timestamp:0 seq:23480 ts_offset:0 SSRC:3076146323
[W][13:55:49.499179] mod.rtp-sink | [         audio.c:  553 rtp_audio_process_capture()] timestamp: expected 128 != actual 0
[I][13:55:49.499189] mod.rtp-sink | [         audio.c:  567 rtp_audio_process_capture()] (re)sync to timestamp:0 seq:23482 ts_offset:0 SSRC:3076146323
[W][13:55:49.501920] mod.rtp-sink | [         audio.c:  553 rtp_audio_process_capture()] timestamp: expected 128 != actual 0
[I][13:55:49.501929] mod.rtp-sink | [         audio.c:  567 rtp_audio_process_capture()] (re)sync to timestamp:0 seq:23484 ts_offset:0 SSRC:3076146323
[W][13:55:49.504419] mod.rtp-sink | [         audio.c:  553 rtp_audio_process_capture()] timestamp: expected 128 != actual 0
[I][13:55:49.504426] mod.rtp-sink | [         audio.c:  567 rtp_audio_process_capture()] (re)sync to timestamp:0 seq:23486 ts_offset:0 SSRC:3076146323
[W][13:55:49.507168] mod.rtp-sink | [         audio.c:  553 rtp_audio_process_capture()] timestamp: expected 128 != actual 0
[I][13:55:49.507175] mod.rtp-sink | [         audio.c:  567 rtp_audio_process_capture()] (re)sync to timestamp:0 seq:23488 ts_offset:0 SSRC:3076146323
[W][13:55:49.509928] mod.rtp-sink | [         audio.c:  553 rtp_audio_process_capture()] timestamp: expected 128 != actual 0
[I][13:55:49.509939] mod.rtp-sink | [         audio.c:  567 rtp_audio_process_capture()] (re)sync to timestamp:0 seq:23490 ts_offset:0 SSRC:3076146323
[W][13:55:49.512421] mod.rtp-sink | [         audio.c:  553 rtp_audio_process_capture()] timestamp: expected 128 != actual 0
[I][13:55:49.512430] mod.rtp-sink | [         audio.c:  567 rtp_audio_process_capture()] (re)sync to timestamp:0 seq:23492 ts_offset:0 SSRC:3076146323
[W][13:55:49.515166] mod.rtp-sink | [         audio.c:  553 rtp_audio_process_capture()] timestamp: expected 128 != actual 0
[I][13:55:49.515175] mod.rtp-sink | [         audio.c:  567 rtp_audio_process_capture()] (re)sync to timestamp:0 seq:23494 ts_offset:0 SSRC:3076146323
[W][13:55:49.517913] mod.rtp-sink | [         audio.c:  553 rtp_audio_process_capture()] timestamp: expected 128 != actual 0
[I][13:55:49.517920] mod.rtp-sink | [         audio.c:  567 rtp_audio_process_capture()] (re)sync to timestamp:0 seq:23496 ts_offset:0 SSRC:3076146323
[W][13:55:49.520412] mod.rtp-sink | [         audio.c:  553 rtp_audio_process_capture()] timestamp: expected 128 != actual 0
[I][13:55:49.520419] mod.rtp-sink | [         audio.c:  567 rtp_audio_process_capture()] (re)sync to timestamp:0 seq:23498 ts_offset:0 SSRC:3076146323
[W][13:55:49.523163] mod.rtp-sink | [         audio.c:  553 rtp_audio_process_capture()] timestamp: expected 128 != actual 0
[I][13:55:49.523169] mod.rtp-sink | [         audio.c:  567 rtp_audio_process_capture()] (re)sync to timestamp:0 seq:23500 ts_offset:0 SSRC:3076146323
[W][13:55:49.525906] mod.rtp-sink | [         audio.c:  553 rtp_audio_process_capture()] timestamp: expected 128 != actual 0
[I][13:55:49.525911] mod.rtp-sink | [         audio.c:  567 rtp_audio_process_capture()] (re)sync to timestamp:0 seq:23502 ts_offset:0 SSRC:3076146323
[W][13:55:49.528418] mod.rtp-sink | [         audio.c:  553 rtp_audio_process_capture()] timestamp: expected 128 != actual 0
[I][13:55:49.528426] mod.rtp-sink | [         audio.c:  567 rtp_audio_process_capture()] (re)sync to timestamp:0 seq:23504 ts_offset:0 SSRC:3076146323
[W][13:55:49.531169] mod.rtp-sink | [         audio.c:  553 rtp_audio_process_capture()] timestamp: expected 128 != actual 0
[I][13:55:49.531180] mod.rtp-sink | [         audio.c:  567 rtp_audio_process_capture()] (re)sync to timestamp:0 seq:23506 ts_offset:0 SSRC:3076146323
[W][13:55:49.533913] mod.rtp-sink | [         audio.c:  553 rtp_audio_process_capture()] timestamp: expected 128 != actual 0
[I][13:55:49.533922] mod.rtp-sink | [         audio.c:  567 rtp_audio_process_capture()] (re)sync to timestamp:0 seq:23508 ts_offset:0 SSRC:3076146323
[W][13:55:49.536406] mod.rtp-sink | [         audio.c:  553 rtp_audio_process_capture()] timestamp: expected 128 != actual 0
[I][13:55:49.536414] mod.rtp-sink | [         audio.c:  567 rtp_audio_process_capture()] (re)sync to timestamp:0 seq:23510 ts_offset:0 SSRC:3076146323
[W][13:55:49.539155] mod.rtp-sink | [         audio.c:  553 rtp_audio_process_capture()] timestamp: expected 128 != actual 0
[I][13:55:49.539162] mod.rtp-sink | [         audio.c:  567 rtp_audio_process_capture()] (re)sync to timestamp:0 seq:23512 ts_offset:0 SSRC:3076146323
[W][13:55:49.541899] mod.rtp-sink | [         audio.c:  553 rtp_audio_process_capture()] timestamp: expected 128 != actual 0
[I][13:55:49.541905] mod.rtp-sink | [         audio.c:  567 rtp_audio_process_capture()] (re)sync to timestamp:0 seq:23514 ts_offset:0 SSRC:3076146323
[W][13:55:49.544411] mod.rtp-sink | [         audio.c:  553 rtp_audio_process_capture()] timestamp: expected 128 != actual 0
[I][13:55:49.544419] mod.rtp-sink | [         audio.c:  567 rtp_audio_process_capture()] (re)sync to timestamp:0 seq:23516 ts_offset:0 SSRC:3076146323
[W][13:55:49.547190] mod.rtp-sink | [         audio.c:  553 rtp_audio_process_capture()] timestamp: expected 128 != actual 0
[I][13:55:49.547203] mod.rtp-sink | [         audio.c:  567 rtp_audio_process_capture()] (re)sync to timestamp:0 seq:23518 ts_offset:0 SSRC:3076146323
[W][13:55:49.549902] mod.rtp-sink | [         audio.c:  553 rtp_audio_process_capture()] timestamp: expected 128 != actual 0
[I][13:55:49.549911] mod.rtp-sink | [         audio.c:  567 rtp_audio_process_capture()] (re)sync to timestamp:0 seq:23520 ts_offset:0 SSRC:3076146323
[W][13:55:49.552401] mod.rtp-sink | [         audio.c:  553 rtp_audio_process_capture()] timestamp: expected 128 != actual 0
[I][13:55:49.552409] mod.rtp-sink | [         audio.c:  567 rtp_audio_process_capture()] (re)sync to timestamp:0 seq:23522 ts_offset:0 SSRC:3076146323
[W][13:55:49.555154] mod.rtp-sink | [         audio.c:  553 rtp_audio_process_capture()] timestamp: expected 128 != actual 0
[I][13:55:49.555162] mod.rtp-sink | [         audio.c:  567 rtp_audio_process_capture()] (re)sync to timestamp:0 seq:23524 ts_offset:0 SSRC:3076146323
[W][13:55:49.557891] mod.rtp-sink | [         audio.c:  553 rtp_audio_process_capture()] timestamp: expected 128 != actual 0
[I][13:55:49.557898] mod.rtp-sink | [         audio.c:  567 rtp_audio_process_capture()] (re)sync to timestamp:0 seq:23526 ts_offset:0 SSRC:3076146323
[W][13:55:49.560401] mod.rtp-sink | [         audio.c:  553 rtp_audio_process_capture()] timestamp: expected 128 != actual 0
[I][13:55:49.560410] mod.rtp-sink | [         audio.c:  567 rtp_audio_process_capture()] (re)sync to timestamp:0 seq:23528 ts_offset:0 SSRC:3076146323
[W][13:55:49.563158] mod.rtp-sink | [         audio.c:  553 rtp_audio_process_capture()] timestamp: expected 128 != actual 0
[I][13:55:49.563170] mod.rtp-sink | [         audio.c:  567 rtp_audio_process_capture()] (re)sync to timestamp:0 seq:23530 ts_offset:0 SSRC:3076146323
[W][13:55:49.565896] mod.rtp-sink | [         audio.c:  553 rtp_audio_process_capture()] timestamp: expected 128 != actual 0
[I][13:55:49.565908] mod.rtp-sink | [         audio.c:  567 rtp_audio_process_capture()] (re)sync to timestamp:0 seq:23532 ts_offset:0 SSRC:3076146323
[W][13:55:49.568389] mod.rtp-sink | [         audio.c:  553 rtp_audio_process_capture()] timestamp: expected 128 != actual 0
[I][13:55:49.568399] mod.rtp-sink | [         audio.c:  567 rtp_audio_process_capture()] (re)sync to timestamp:0 seq:23534 ts_offset:0 SSRC:3076146323
[W][13:55:49.571144] mod.rtp-sink | [         audio.c:  553 rtp_audio_process_capture()] timestamp: expected 128 != actual 0
[I][13:55:49.571153] mod.rtp-sink | [         audio.c:  567 rtp_audio_process_capture()] (re)sync to timestamp:0 seq:23536 ts_offset:0 SSRC:3076146323
[W][13:55:49.573888] mod.rtp-sink | [         audio.c:  553 rtp_audio_process_capture()] timestamp: expected 128 != actual 0
[I][13:55:49.573895] mod.rtp-sink | [         audio.c:  567 rtp_audio_process_capture()] (re)sync to timestamp:0 seq:23538 ts_offset:0 SSRC:3076146323
[W][13:55:49.576390] mod.rtp-sink | [         audio.c:  553 rtp_audio_process_capture()] timestamp: expected 128 != actual 0
[I][13:55:49.576397] mod.rtp-sink | [         audio.c:  567 rtp_audio_process_capture()] (re)sync to timestamp:0 seq:23540 ts_offset:0 SSRC:3076146323
[W][13:55:49.579158] mod.rtp-sink | [         audio.c:  553 rtp_audio_process_capture()] timestamp: expected 128 != actual 0
[I][13:55:49.579170] mod.rtp-sink | [         audio.c:  567 rtp_audio_process_capture()] (re)sync to timestamp:0 seq:23542 ts_offset:0 SSRC:3076146323
[W][13:55:49.581888] mod.rtp-sink | [         audio.c:  553 rtp_audio_process_capture()] timestamp: expected 128 != actual 0
[I][13:55:49.581899] mod.rtp-sink | [         audio.c:  567 rtp_audio_process_capture()] (re)sync to timestamp:0 seq:23544 ts_offset:0 SSRC:3076146323
[W][13:55:49.584384] mod.rtp-sink | [         audio.c:  553 rtp_audio_process_capture()] timestamp: expected 128 != actual 0
[I][13:55:49.584396] mod.rtp-sink | [         audio.c:  567 rtp_audio_process_capture()] (re)sync to timestamp:0 seq:23546 ts_offset:0 SSRC:3076146323
[W][13:55:49.587130] mod.rtp-sink | [         audio.c:  553 rtp_audio_process_capture()] timestamp: expected 128 != actual 0
[I][13:55:49.587143] mod.rtp-sink | [         audio.c:  567 rtp_audio_process_capture()] (re)sync to timestamp:0 seq:23548 ts_offset:0 SSRC:3076146323
[W][13:55:49.589876] mod.rtp-sink | [         audio.c:  553 rtp_audio_process_capture()] timestamp: expected 128 != actual 0
[I][13:55:49.589883] mod.rtp-sink | [         audio.c:  567 rtp_audio_process_capture()] (re)sync to timestamp:0 seq:23550 ts_offset:0 SSRC:3076146323
[W][13:55:49.592384] mod.rtp-sink | [         audio.c:  553 rtp_audio_process_capture()] timestamp: expected 128 != actual 0
[I][13:55:49.592393] mod.rtp-sink | [         audio.c:  567 rtp_audio_process_capture()] (re)sync to timestamp:0 seq:23552 ts_offset:0 SSRC:3076146323
[W][13:55:49.595132] mod.rtp-sink | [         audio.c:  553 rtp_audio_process_capture()] timestamp: expected 128 != actual 0
[I][13:55:49.595153] mod.rtp-sink | [         audio.c:  567 rtp_audio_process_capture()] (re)sync to timestamp:0 seq:23554 ts_offset:0 SSRC:3076146323
[W][13:55:49.597885] mod.rtp-sink | [         audio.c:  553 rtp_audio_process_capture()] timestamp: expected 128 != actual 0
[I][13:55:49.597896] mod.rtp-sink | [         audio.c:  567 rtp_audio_process_capture()] (re)sync to timestamp:0 seq:23556 ts_offset:0 SSRC:3076146323
[W][13:55:49.600376] mod.rtp-sink | [         audio.c:  553 rtp_audio_process_capture()] timestamp: expected 128 != actual 0
[I][13:55:49.600386] mod.rtp-sink | [         audio.c:  567 rtp_audio_process_capture()] (re)sync to timestamp:0 seq:23558 ts_offset:0 SSRC:3076146323
[W][13:55:49.603119] mod.rtp-sink | [         audio.c:  553 rtp_audio_process_capture()] timestamp: expected 128 != actual 0
[I][13:55:49.603127] mod.rtp-sink | [         audio.c:  567 rtp_audio_process_capture()] (re)sync to timestamp:0 seq:23560 ts_offset:0 SSRC:3076146323
[W][13:55:49.605868] mod.rtp-sink | [         audio.c:  553 rtp_audio_process_capture()] timestamp: expected 128 != actual 0
[I][13:55:49.605873] mod.rtp-sink | [         audio.c:  567 rtp_audio_process_capture()] (re)sync to timestamp:0 seq:23562 ts_offset:0 SSRC:3076146323
[W][13:55:49.608369] mod.rtp-sink | [         audio.c:  553 rtp_audio_process_capture()] timestamp: expected 128 != actual 0
[I][13:55:49.608374] mod.rtp-sink | [         audio.c:  567 rtp_audio_process_capture()] (re)sync to timestamp:0 seq:23564 ts_offset:0 SSRC:3076146323
[W][13:55:49.611132] mod.rtp-sink | [         audio.c:  553 rtp_audio_process_capture()] timestamp: expected 128 != actual 0
[I][13:55:49.611157] mod.rtp-sink | [         audio.c:  567 rtp_audio_process_capture()] (re)sync to timestamp:0 seq:23566 ts_offset:0 SSRC:3076146323
[W][13:55:49.613879] mod.rtp-sink | [         audio.c:  553 rtp_audio_process_capture()] timestamp: expected 128 != actual 0
[I][13:55:49.613889] mod.rtp-sink | [         audio.c:  567 rtp_audio_process_capture()] (re)sync to timestamp:0 seq:23568 ts_offset:0 SSRC:3076146323
[W][13:55:49.616371] mod.rtp-sink | [         audio.c:  553 rtp_audio_process_capture()] timestamp: expected 128 != actual 0
[I][13:55:49.616382] mod.rtp-sink | [         audio.c:  567 rtp_audio_process_capture()] (re)sync to timestamp:0 seq:23570 ts_offset:0 SSRC:3076146323
[W][13:55:49.619114] mod.rtp-sink | [         audio.c:  553 rtp_audio_process_capture()] timestamp: expected 128 != actual 0
[I][13:55:49.619124] mod.rtp-sink | [         audio.c:  567 rtp_audio_process_capture()] (re)sync to timestamp:0 seq:23572 ts_offset:0 SSRC:3076146323
[W][13:55:49.621860] mod.rtp-sink | [         audio.c:  553 rtp_audio_process_capture()] timestamp: expected 128 != actual 0
[I][13:55:49.621868] mod.rtp-sink | [         audio.c:  567 rtp_audio_process_capture()] (re)sync to timestamp:0 seq:23574 ts_offset:0 SSRC:3076146323
[W][13:55:49.624361] mod.rtp-sink | [         audio.c:  553 rtp_audio_process_capture()] timestamp: expected 128 != actual 0
[I][13:55:49.624368] mod.rtp-sink | [         audio.c:  567 rtp_audio_process_capture()] (re)sync to timestamp:0 seq:23576 ts_offset:0 SSRC:3076146323
[W][13:55:49.627116] mod.rtp-sink | [         audio.c:  553 rtp_audio_process_capture()] timestamp: expected 128 != actual 0
[I][13:55:49.627128] mod.rtp-sink | [         audio.c:  567 rtp_audio_process_capture()] (re)sync to timestamp:0 seq:23578 ts_offset:0 SSRC:3076146323
[W][13:55:49.629865] mod.rtp-sink | [         audio.c:  553 rtp_audio_process_capture()] timestamp: expected 128 != actual 0
[I][13:55:49.629875] mod.rtp-sink | [         audio.c:  567 rtp_audio_process_capture()] (re)sync to timestamp:0 seq:23580 ts_offset:0 SSRC:3076146323
[W][13:55:49.632364] mod.rtp-sink | [         audio.c:  553 rtp_audio_process_capture()] timestamp: expected 128 != actual 0
[I][13:55:49.632375] mod.rtp-sink | [         audio.c:  567 rtp_audio_process_capture()] (re)sync to timestamp:0 seq:23582 ts_offset:0 SSRC:3076146323
[W][13:55:49.635106] mod.rtp-sink | [         audio.c:  553 rtp_audio_process_capture()] timestamp: expected 128 != actual 0
[I][13:55:49.635116] mod.rtp-sink | [         audio.c:  567 rtp_audio_process_capture()] (re)sync to timestamp:0 seq:23584 ts_offset:0 SSRC:3076146323
[W][13:55:49.637855] mod.rtp-sink | [         audio.c:  553 rtp_audio_process_capture()] timestamp: expected 128 != actual 0
[I][13:55:49.637864] mod.rtp-sink | [         audio.c:  567 rtp_audio_process_capture()] (re)sync to timestamp:0 seq:23586 ts_offset:0 SSRC:3076146323
[W][13:55:49.640354] mod.rtp-sink | [         audio.c:  553 rtp_audio_process_capture()] timestamp: expected 128 != actual 0
[I][13:55:49.640361] mod.rtp-sink | [         audio.c:  567 rtp_audio_process_capture()] (re)sync to timestamp:0 seq:23588 ts_offset:0 SSRC:3076146323
[W][13:55:49.643102] mod.rtp-sink | [         audio.c:  553 rtp_audio_process_capture()] timestamp: expected 128 != actual 0
[I][13:55:49.643111] mod.rtp-sink | [         audio.c:  567 rtp_audio_process_capture()] (re)sync to timestamp:0 seq:23590 ts_offset:0 SSRC:3076146323
[W][13:55:49.645860] mod.rtp-sink | [         audio.c:  553 rtp_audio_process_capture()] timestamp: expected 128 != actual 0
[I][13:55:49.645871] mod.rtp-sink | [         audio.c:  567 rtp_audio_process_capture()] (re)sync to timestamp:0 seq:23592 ts_offset:0 SSRC:3076146323
[W][13:55:49.648606] mod.rtp-sink | [         audio.c:  553 rtp_audio_process_capture()] timestamp: expected 128 != actual 0
[I][13:55:49.648618] mod.rtp-sink | [         audio.c:  567 rtp_audio_process_capture()] (re)sync to timestamp:0 seq:23594 ts_offset:0 SSRC:3076146323
[W][13:55:49.651099] mod.rtp-sink | [         audio.c:  553 rtp_audio_process_capture()] timestamp: expected 128 != actual 0
[I][13:55:49.651108] mod.rtp-sink | [         audio.c:  567 rtp_audio_process_capture()] (re)sync to timestamp:0 seq:23596 ts_offset:0 SSRC:3076146323
[W][13:55:49.653847] mod.rtp-sink | [         audio.c:  553 rtp_audio_process_capture()] timestamp: expected 128 != actual 0
[I][13:55:49.653855] mod.rtp-sink | [         audio.c:  567 rtp_audio_process_capture()] (re)sync to timestamp:0 seq:23598 ts_offset:0 SSRC:3076146323
[W][13:55:49.656594] mod.rtp-sink | [         audio.c:  553 rtp_audio_process_capture()] timestamp: expected 128 != actual 0
[I][13:55:49.656599] mod.rtp-sink | [         audio.c:  567 rtp_audio_process_capture()] (re)sync to timestamp:0 seq:23600 ts_offset:0 SSRC:3076146323
[W][13:55:49.659094] mod.rtp-sink | [         audio.c:  553 rtp_audio_process_capture()] timestamp: expected 128 != actual 0
[I][13:55:49.659099] mod.rtp-sink | [         audio.c:  567 rtp_audio_process_capture()] (re)sync to timestamp:0 seq:23602 ts_offset:0 SSRC:3076146323
[W][13:55:49.661855] mod.rtp-sink | [         audio.c:  553 rtp_audio_process_capture()] timestamp: expected 128 != actual 0
[I][13:55:49.661865] mod.rtp-sink | [         audio.c:  567 rtp_audio_process_capture()] (re)sync to timestamp:0 seq:23604 ts_offset:0 SSRC:3076146323
[W][13:55:49.664606] mod.rtp-sink | [         audio.c:  553 rtp_audio_process_capture()] timestamp: expected 128 != actual 0
[I][13:55:49.664618] mod.rtp-sink | [         audio.c:  567 rtp_audio_process_capture()] (re)sync to timestamp:0 seq:23606 ts_offset:0 SSRC:3076146323
[W][13:55:49.667096] mod.rtp-sink | [         audio.c:  553 rtp_audio_process_capture()] timestamp: expected 128 != actual 0
[I][13:55:49.667106] mod.rtp-sink | [         audio.c:  567 rtp_audio_process_capture()] (re)sync to timestamp:0 seq:23608 ts_offset:0 SSRC:3076146323
[W][13:55:49.669836] mod.rtp-sink | [         audio.c:  553 rtp_audio_process_capture()] timestamp: expected 128 != actual 0
[I][13:55:49.669843] mod.rtp-sink | [         audio.c:  567 rtp_audio_process_capture()] (re)sync to timestamp:0 seq:23610 ts_offset:0 SSRC:3076146323
[W][13:55:49.672585] mod.rtp-sink | [         audio.c:  553 rtp_audio_process_capture()] timestamp: expected 128 != actual 0
[I][13:55:49.672589] mod.rtp-sink | [         audio.c:  567 rtp_audio_process_capture()] (re)sync to timestamp:0 seq:23612 ts_offset:0 SSRC:3076146323
[W][13:55:49.675087] mod.rtp-sink | [         audio.c:  553 rtp_audio_process_capture()] timestamp: expected 128 != actual 0
[I][13:55:49.675092] mod.rtp-sink | [         audio.c:  567 rtp_audio_process_capture()] (re)sync to timestamp:0 seq:23614 ts_offset:0 SSRC:3076146323
[W][13:55:49.677854] mod.rtp-sink | [         audio.c:  553 rtp_audio_process_capture()] timestamp: expected 128 != actual 0
[I][13:55:49.677864] mod.rtp-sink | [         audio.c:  567 rtp_audio_process_capture()] (re)sync to timestamp:0 seq:23616 ts_offset:0 SSRC:3076146323
[W][13:55:49.680596] mod.rtp-sink | [         audio.c:  553 rtp_audio_process_capture()] timestamp: expected 128 != actual 0
[I][13:55:49.680608] mod.rtp-sink | [         audio.c:  567 rtp_audio_process_capture()] (re)sync to timestamp:0 seq:23618 ts_offset:0 SSRC:3076146323
[W][13:55:49.683085] mod.rtp-sink | [         audio.c:  553 rtp_audio_process_capture()] timestamp: expected 128 != actual 0
[I][13:55:49.683095] mod.rtp-sink | [         audio.c:  567 rtp_audio_process_capture()] (re)sync to timestamp:0 seq:23620 ts_offset:0 SSRC:3076146323
[W][13:55:49.685833] mod.rtp-sink | [         audio.c:  553 rtp_audio_process_capture()] timestamp: expected 128 != actual 0
[I][13:55:49.685841] mod.rtp-sink | [         audio.c:  567 rtp_audio_process_capture()] (re)sync to timestamp:0 seq:23622 ts_offset:0 SSRC:3076146323
[W][13:55:49.688582] mod.rtp-sink | [         audio.c:  553 rtp_audio_process_capture()] timestamp: expected 128 != actual 0
[I][13:55:49.688589] mod.rtp-sink | [         audio.c:  567 rtp_audio_process_capture()] (re)sync to timestamp:0 seq:23624 ts_offset:0 SSRC:3076146323
[W][13:55:49.691081] mod.rtp-sink | [         audio.c:  553 rtp_audio_process_capture()] timestamp: expected 128 != actual 0
[I][13:55:49.691088] mod.rtp-sink | [         audio.c:  567 rtp_audio_process_capture()] (re)sync to timestamp:0 seq:23626 ts_offset:0 SSRC:3076146323
[W][13:55:49.693832] mod.rtp-sink | [         audio.c:  553 rtp_audio_process_capture()] timestamp: expected 128 != actual 0
[I][13:55:49.693846] mod.rtp-sink | [         audio.c:  567 rtp_audio_process_capture()] (re)sync to timestamp:0 seq:23628 ts_offset:0 SSRC:3076146323
[W][13:55:49.696595] mod.rtp-sink | [         audio.c:  553 rtp_audio_process_capture()] timestamp: expected 128 != actual 0
[I][13:55:49.696611] mod.rtp-sink | [         audio.c:  567 rtp_audio_process_capture()] (re)sync to timestamp:0 seq:23630 ts_offset:0 SSRC:3076146323
[W][13:55:49.699085] mod.rtp-sink | [         audio.c:  553 rtp_audio_process_capture()] timestamp: expected 128 != actual 0
[I][13:55:49.699098] mod.rtp-sink | [         audio.c:  567 rtp_audio_process_capture()] (re)sync to timestamp:0 seq:23632 ts_offset:0 SSRC:3076146323
[W][13:55:49.701833] mod.rtp-sink | [         audio.c:  553 rtp_audio_process_capture()] timestamp: expected 128 != actual 0
[I][13:55:49.701844] mod.rtp-sink | [         audio.c:  567 rtp_audio_process_capture()] (re)sync to timestamp:0 seq:23634 ts_offset:0 SSRC:3076146323
[W][13:55:49.704574] mod.rtp-sink | [         audio.c:  553 rtp_audio_process_capture()] timestamp: expected 128 != actual 0
[I][13:55:49.704581] mod.rtp-sink | [         audio.c:  567 rtp_audio_process_capture()] (re)sync to timestamp:0 seq:23636 ts_offset:0 SSRC:3076146323
[W][13:55:49.707070] mod.rtp-sink | [         audio.c:  553 rtp_audio_process_capture()] timestamp: expected 128 != actual 0
[I][13:55:49.707077] mod.rtp-sink | [         audio.c:  567 rtp_audio_process_capture()] (re)sync to timestamp:0 seq:23638 ts_offset:0 SSRC:3076146323
[W][13:55:49.709821] mod.rtp-sink | [         audio.c:  553 rtp_audio_process_capture()] timestamp: expected 128 != actual 0
[I][13:55:49.709829] mod.rtp-sink | [         audio.c:  567 rtp_audio_process_capture()] (re)sync to timestamp:0 seq:23640 ts_offset:0 SSRC:3076146323
[W][13:55:49.712576] mod.rtp-sink | [         audio.c:  553 rtp_audio_process_capture()] timestamp: expected 128 != actual 0
[I][13:55:49.712586] mod.rtp-sink | [         audio.c:  567 rtp_audio_process_capture()] (re)sync to timestamp:0 seq:23642 ts_offset:0 SSRC:3076146323
[W][13:55:49.715074] mod.rtp-sink | [         audio.c:  553 rtp_audio_process_capture()] timestamp: expected 128 != actual 0
[I][13:55:49.715086] mod.rtp-sink | [         audio.c:  567 rtp_audio_process_capture()] (re)sync to timestamp:0 seq:23644 ts_offset:0 SSRC:3076146323
[W][13:55:49.717820] mod.rtp-sink | [         audio.c:  553 rtp_audio_process_capture()] timestamp: expected 128 != actual 0
[I][13:55:49.717829] mod.rtp-sink | [         audio.c:  567 rtp_audio_process_capture()] (re)sync to timestamp:0 seq:23646 ts_offset:0 SSRC:3076146323
[W][13:55:49.720568] mod.rtp-sink | [         audio.c:  553 rtp_audio_process_capture()] timestamp: expected 128 != actual 0
[I][13:55:49.720575] mod.rtp-sink | [         audio.c:  567 rtp_audio_process_capture()] (re)sync to timestamp:0 seq:23648 ts_offset:0 SSRC:3076146323
[W][13:55:49.723069] mod.rtp-sink | [         audio.c:  553 rtp_audio_process_capture()] timestamp: expected 128 != actual 0
[I][13:55:49.723076] mod.rtp-sink | [         audio.c:  567 rtp_audio_process_capture()] (re)sync to timestamp:0 seq:23650 ts_offset:0 SSRC:3076146323
[W][13:55:49.725813] mod.rtp-sink | [         audio.c:  553 rtp_audio_process_capture()] timestamp: expected 128 != actual 0
[I][13:55:49.725820] mod.rtp-sink | [         audio.c:  567 rtp_audio_process_capture()] (re)sync to timestamp:0 seq:23652 ts_offset:0 SSRC:3076146323
[W][13:55:49.728572] mod.rtp-sink | [         audio.c:  553 rtp_audio_process_capture()] timestamp: expected 128 != actual 0
[I][13:55:49.728582] mod.rtp-sink | [         audio.c:  567 rtp_audio_process_capture()] (re)sync to timestamp:0 seq:23654 ts_offset:0 SSRC:3076146323
[W][13:55:49.731064] mod.rtp-sink | [         audio.c:  553 rtp_audio_process_capture()] timestamp: expected 128 != actual 0
[I][13:55:49.731077] mod.rtp-sink | [         audio.c:  567 rtp_audio_process_capture()] (re)sync to timestamp:0 seq:23656 ts_offset:0 SSRC:3076146323
[W][13:55:49.733812] mod.rtp-sink | [         audio.c:  553 rtp_audio_process_capture()] timestamp: expected 128 != actual 0
[I][13:55:49.733821] mod.rtp-sink | [         audio.c:  567 rtp_audio_process_capture()] (re)sync to timestamp:0 seq:23658 ts_offset:0 SSRC:3076146323
[W][13:55:49.736557] mod.rtp-sink | [         audio.c:  553 rtp_audio_process_capture()] timestamp: expected 128 != actual 0
[I][13:55:49.736563] mod.rtp-sink | [         audio.c:  567 rtp_audio_process_capture()] (re)sync to timestamp:0 seq:23660 ts_offset:0 SSRC:3076146323
[W][13:55:49.739054] mod.rtp-sink | [         audio.c:  553 rtp_audio_process_capture()] timestamp: expected 128 != actual 0
[I][13:55:49.739061] mod.rtp-sink | [         audio.c:  567 rtp_audio_process_capture()] (re)sync to timestamp:0 seq:23662 ts_offset:0 SSRC:3076146323
[W][13:55:49.741802] mod.rtp-sink | [         audio.c:  553 rtp_audio_process_capture()] timestamp: expected 128 != actual 0
[I][13:55:49.741808] mod.rtp-sink | [         audio.c:  567 rtp_audio_process_capture()] (re)sync to timestamp:0 seq:23664 ts_offset:0 SSRC:3076146323
[W][13:55:49.744570] mod.rtp-sink | [         audio.c:  553 rtp_audio_process_capture()] timestamp: expected 128 != actual 0
[I][13:55:49.744582] mod.rtp-sink | [         audio.c:  567 rtp_audio_process_capture()] (re)sync to timestamp:0 seq:23666 ts_offset:0 SSRC:3076146323
[W][13:55:49.747066] mod.rtp-sink | [         audio.c:  553 rtp_audio_process_capture()] timestamp: expected 128 != actual 0
[I][13:55:49.747077] mod.rtp-sink | [         audio.c:  567 rtp_audio_process_capture()] (re)sync to timestamp:0 seq:23668 ts_offset:0 SSRC:3076146323
[W][13:55:49.749811] mod.rtp-sink | [         audio.c:  553 rtp_audio_process_capture()] timestamp: expected 128 != actual 0
[I][13:55:49.749820] mod.rtp-sink | [         audio.c:  567 rtp_audio_process_capture()] (re)sync to timestamp:0 seq:23670 ts_offset:0 SSRC:3076146323
[W][13:55:49.752552] mod.rtp-sink | [         audio.c:  553 rtp_audio_process_capture()] timestamp: expected 128 != actual 0
[I][13:55:49.752560] mod.rtp-sink | [         audio.c:  567 rtp_audio_process_capture()] (re)sync to timestamp:0 seq:23672 ts_offset:0 SSRC:3076146323
[W][13:55:49.755054] mod.rtp-sink | [         audio.c:  553 rtp_audio_process_capture()] timestamp: expected 128 != actual 0
[I][13:55:49.755061] mod.rtp-sink | [         audio.c:  567 rtp_audio_process_capture()] (re)sync to timestamp:0 seq:23674 ts_offset:0 SSRC:3076146323
[W][13:55:49.757795] mod.rtp-sink | [         audio.c:  553 rtp_audio_process_capture()] timestamp: expected 128 != actual 0
[I][13:55:49.757802] mod.rtp-sink | [         audio.c:  567 rtp_audio_process_capture()] (re)sync to timestamp:0 seq:23676 ts_offset:0 SSRC:3076146323
[W][13:55:49.760562] mod.rtp-sink | [         audio.c:  553 rtp_audio_process_capture()] timestamp: expected 128 != actual 0
[I][13:55:49.760573] mod.rtp-sink | [         audio.c:  567 rtp_audio_process_capture()] (re)sync to timestamp:0 seq:23678 ts_offset:0 SSRC:3076146323
[W][13:55:49.763056] mod.rtp-sink | [         audio.c:  553 rtp_audio_process_capture()] timestamp: expected 128 != actual 0
[I][13:55:49.763067] mod.rtp-sink | [         audio.c:  567 rtp_audio_process_capture()] (re)sync to timestamp:0 seq:23680 ts_offset:0 SSRC:3076146323
[W][13:55:49.765804] mod.rtp-sink | [         audio.c:  553 rtp_audio_process_capture()] timestamp: expected 128 != actual 0
[I][13:55:49.765813] mod.rtp-sink | [         audio.c:  567 rtp_audio_process_capture()] (re)sync to timestamp:0 seq:23682 ts_offset:0 SSRC:3076146323
[W][13:55:49.768543] mod.rtp-sink | [         audio.c:  553 rtp_audio_process_capture()] timestamp: expected 128 != actual 0
[I][13:55:49.768551] mod.rtp-sink | [         audio.c:  567 rtp_audio_process_capture()] (re)sync to timestamp:0 seq:23684 ts_offset:0 SSRC:3076146323
[W][13:55:49.771047] mod.rtp-sink | [         audio.c:  553 rtp_audio_process_capture()] timestamp: expected 128 != actual 0
[I][13:55:49.771055] mod.rtp-sink | [         audio.c:  567 rtp_audio_process_capture()] (re)sync to timestamp:0 seq:23686 ts_offset:0 SSRC:3076146323
[W][13:55:49.773789] mod.rtp-sink | [         audio.c:  553 rtp_audio_process_capture()] timestamp: expected 128 != actual 0
[I][13:55:49.773797] mod.rtp-sink | [         audio.c:  567 rtp_audio_process_capture()] (re)sync to timestamp:0 seq:23688 ts_offset:0 SSRC:3076146323
[W][13:55:49.776550] mod.rtp-sink | [         audio.c:  553 rtp_audio_process_capture()] timestamp: expected 128 != actual 0
[I][13:55:49.776559] mod.rtp-sink | [         audio.c:  567 rtp_audio_process_capture()] (re)sync to timestamp:0 seq:23690 ts_offset:0 SSRC:3076146323
[W][13:55:49.779049] mod.rtp-sink | [         audio.c:  553 rtp_audio_process_capture()] timestamp: expected 128 != actual 0
[I][13:55:49.779059] mod.rtp-sink | [         audio.c:  567 rtp_audio_process_capture()] (re)sync to timestamp:0 seq:23692 ts_offset:0 SSRC:3076146323
[W][13:55:49.781794] mod.rtp-sink | [         audio.c:  553 rtp_audio_process_capture()] timestamp: expected 128 != actual 0
[I][13:55:49.781803] mod.rtp-sink | [         audio.c:  567 rtp_audio_process_capture()] (re)sync to timestamp:0 seq:23694 ts_offset:0 SSRC:3076146323
[W][13:55:49.784536] mod.rtp-sink | [         audio.c:  553 rtp_audio_process_capture()] timestamp: expected 128 != actual 0
[I][13:55:49.784545] mod.rtp-sink | [         audio.c:  567 rtp_audio_process_capture()] (re)sync to timestamp:0 seq:23696 ts_offset:0 SSRC:3076146323
[W][13:55:49.787040] mod.rtp-sink | [         audio.c:  553 rtp_audio_process_capture()] timestamp: expected 128 != actual 0
[I][13:55:49.787049] mod.rtp-sink | [         audio.c:  567 rtp_audio_process_capture()] (re)sync to timestamp:0 seq:23698 ts_offset:0 SSRC:3076146323
[W][13:55:49.789782] mod.rtp-sink | [         audio.c:  553 rtp_audio_process_capture()] timestamp: expected 128 != actual 0
[I][13:55:49.789789] mod.rtp-sink | [         audio.c:  567 rtp_audio_process_capture()] (re)sync to timestamp:0 seq:23700 ts_offset:0 SSRC:3076146323
[W][13:55:49.792533] mod.rtp-sink | [         audio.c:  553 rtp_audio_process_capture()] timestamp: expected 128 != actual 0
[I][13:55:49.792540] mod.rtp-sink | [         audio.c:  567 rtp_audio_process_capture()] (re)sync to timestamp:0 seq:23702 ts_offset:0 SSRC:3076146323
[W][13:55:49.795039] mod.rtp-sink | [         audio.c:  553 rtp_audio_process_capture()] timestamp: expected 128 != actual 0
[I][13:55:49.795049] mod.rtp-sink | [         audio.c:  567 rtp_audio_process_capture()] (re)sync to timestamp:0 seq:23704 ts_offset:0 SSRC:3076146323
[W][13:55:49.797792] mod.rtp-sink | [         audio.c:  553 rtp_audio_process_capture()] timestamp: expected 128 != actual 0
[I][13:55:49.797806] mod.rtp-sink | [         audio.c:  567 rtp_audio_process_capture()] (re)sync to timestamp:0 seq:23706 ts_offset:0 SSRC:3076146323
[W][13:55:49.800531] mod.rtp-sink | [         audio.c:  553 rtp_audio_process_capture()] timestamp: expected 128 != actual 0
[I][13:55:49.800541] mod.rtp-sink | [         audio.c:  567 rtp_audio_process_capture()] (re)sync to timestamp:0 seq:23708 ts_offset:0 SSRC:3076146323
[W][13:55:49.803028] mod.rtp-sink | [         audio.c:  553 rtp_audio_process_capture()] timestamp: expected 128 != actual 0
[I][13:55:49.803035] mod.rtp-sink | [         audio.c:  567 rtp_audio_process_capture()] (re)sync to timestamp:0 seq:23710 ts_offset:0 SSRC:3076146323
[W][13:55:49.805772] mod.rtp-sink | [         audio.c:  553 rtp_audio_process_capture()] timestamp: expected 128 != actual 0
[I][13:55:49.805779] mod.rtp-sink | [         audio.c:  567 rtp_audio_process_capture()] (re)sync to timestamp:0 seq:23712 ts_offset:0 SSRC:3076146323
[W][13:55:49.808526] mod.rtp-sink | [         audio.c:  553 rtp_audio_process_capture()] timestamp: expected 128 != actual 0
[I][13:55:49.808533] mod.rtp-sink | [         audio.c:  567 rtp_audio_process_capture()] (re)sync to timestamp:0 seq:23714 ts_offset:0 SSRC:3076146323
[W][13:55:49.811289] mod.rtp-sink | [         audio.c:  553 rtp_audio_process_capture()] timestamp: expected 128 != actual 0
[I][13:55:49.811298] mod.rtp-sink | [         audio.c:  567 rtp_audio_process_capture()] (re)sync to timestamp:0 seq:23716 ts_offset:0 SSRC:3076146323
[W][13:55:49.813786] mod.rtp-sink | [         audio.c:  553 rtp_audio_process_capture()] timestamp: expected 128 != actual 0
[I][13:55:49.813796] mod.rtp-sink | [         audio.c:  567 rtp_audio_process_capture()] (re)sync to timestamp:0 seq:23718 ts_offset:0 SSRC:3076146323
[W][13:55:49.816522] mod.rtp-sink | [         audio.c:  553 rtp_audio_process_capture()] timestamp: expected 128 != actual 0
[I][13:55:49.816533] mod.rtp-sink | [         audio.c:  567 rtp_audio_process_capture()] (re)sync to timestamp:0 seq:23720 ts_offset:0 SSRC:3076146323
[W][13:55:49.819271] mod.rtp-sink | [         audio.c:  553 rtp_audio_process_capture()] timestamp: expected 128 != actual 0
[I][13:55:49.819280] mod.rtp-sink | [         audio.c:  567 rtp_audio_process_capture()] (re)sync to timestamp:0 seq:23722 ts_offset:0 SSRC:3076146323
[W][13:55:49.821768] mod.rtp-sink | [         audio.c:  553 rtp_audio_process_capture()] timestamp: expected 128 != actual 0
[I][13:55:49.821776] mod.rtp-sink | [         audio.c:  567 rtp_audio_process_capture()] (re)sync to timestamp:0 seq:23724 ts_offset:0 SSRC:3076146323
[W][13:55:49.824514] mod.rtp-sink | [         audio.c:  553 rtp_audio_process_capture()] timestamp: expected 128 != actual 0
[I][13:55:49.824521] mod.rtp-sink | [         audio.c:  567 rtp_audio_process_capture()] (re)sync to timestamp:0 seq:23726 ts_offset:0 SSRC:3076146323
[W][13:55:49.827276] mod.rtp-sink | [         audio.c:  553 rtp_audio_process_capture()] timestamp: expected 128 != actual 0
[I][13:55:49.827285] mod.rtp-sink | [         audio.c:  567 rtp_audio_process_capture()] (re)sync to timestamp:0 seq:23728 ts_offset:0 SSRC:3076146323
[W][13:55:49.829781] mod.rtp-sink | [         audio.c:  553 rtp_audio_process_capture()] timestamp: expected 128 != actual 0
[I][13:55:49.829794] mod.rtp-sink | [         audio.c:  567 rtp_audio_process_capture()] (re)sync to timestamp:0 seq:23730 ts_offset:0 SSRC:3076146323
[W][13:55:49.832517] mod.rtp-sink | [         audio.c:  553 rtp_audio_process_capture()] timestamp: expected 128 != actual 0
[I][13:55:49.832531] mod.rtp-sink | [         audio.c:  567 rtp_audio_process_capture()] (re)sync to timestamp:0 seq:23732 ts_offset:0 SSRC:3076146323
[W][13:55:49.835266] mod.rtp-sink | [         audio.c:  553 rtp_audio_process_capture()] timestamp: expected 128 != actual 0
[I][13:55:49.835275] mod.rtp-sink | [         audio.c:  567 rtp_audio_process_capture()] (re)sync to timestamp:0 seq:23734 ts_offset:0 SSRC:3076146323
[W][13:55:49.837760] mod.rtp-sink | [         audio.c:  553 rtp_audio_process_capture()] timestamp: expected 128 != actual 0
[I][13:55:49.837767] mod.rtp-sink | [         audio.c:  567 rtp_audio_process_capture()] (re)sync to timestamp:0 seq:23736 ts_offset:0 SSRC:3076146323
[W][13:55:49.840508] mod.rtp-sink | [         audio.c:  553 rtp_audio_process_capture()] timestamp: expected 128 != actual 0
[I][13:55:49.840515] mod.rtp-sink | [         audio.c:  567 rtp_audio_process_capture()] (re)sync to timestamp:0 seq:23738 ts_offset:0 SSRC:3076146323
[W][13:55:49.843259] mod.rtp-sink | [         audio.c:  553 rtp_audio_process_capture()] timestamp: expected 128 != actual 0
[I][13:55:49.843267] mod.rtp-sink | [         audio.c:  567 rtp_audio_process_capture()] (re)sync to timestamp:0 seq:23740 ts_offset:0 SSRC:3076146323
[W][13:55:49.845769] mod.rtp-sink | [         audio.c:  553 rtp_audio_process_capture()] timestamp: expected 128 != actual 0
[I][13:55:49.845781] mod.rtp-sink | [         audio.c:  567 rtp_audio_process_capture()] (re)sync to timestamp:0 seq:23742 ts_offset:0 SSRC:3076146323
[W][13:55:49.848511] mod.rtp-sink | [         audio.c:  553 rtp_audio_process_capture()] timestamp: expected 128 != actual 0
[I][13:55:49.848521] mod.rtp-sink | [         audio.c:  567 rtp_audio_process_capture()] (re)sync to timestamp:0 seq:23744 ts_offset:0 SSRC:3076146323
[W][13:55:49.851258] mod.rtp-sink | [         audio.c:  553 rtp_audio_process_capture()] timestamp: expected 128 != actual 0
[I][13:55:49.851268] mod.rtp-sink | [         audio.c:  567 rtp_audio_process_capture()] (re)sync to timestamp:0 seq:23746 ts_offset:0 SSRC:3076146323
[W][13:55:49.853751] mod.rtp-sink | [         audio.c:  553 rtp_audio_process_capture()] timestamp: expected 128 != actual 0
[I][13:55:49.853758] mod.rtp-sink | [         audio.c:  567 rtp_audio_process_capture()] (re)sync to timestamp:0 seq:23748 ts_offset:0 SSRC:3076146323
[W][13:55:49.856498] mod.rtp-sink | [         audio.c:  553 rtp_audio_process_capture()] timestamp: expected 128 != actual 0
[I][13:55:49.856504] mod.rtp-sink | [         audio.c:  567 rtp_audio_process_capture()] (re)sync to timestamp:0 seq:23750 ts_offset:0 SSRC:3076146323
[W][13:55:49.859251] mod.rtp-sink | [         audio.c:  553 rtp_audio_process_capture()] timestamp: expected 128 != actual 0
[I][13:55:49.859258] mod.rtp-sink | [         audio.c:  567 rtp_audio_process_capture()] (re)sync to timestamp:0 seq:23752 ts_offset:0 SSRC:3076146323
[W][13:55:49.861759] mod.rtp-sink | [         audio.c:  553 rtp_audio_process_capture()] timestamp: expected 128 != actual 0
[I][13:55:49.861770] mod.rtp-sink | [         audio.c:  567 rtp_audio_process_capture()] (re)sync to timestamp:0 seq:23754 ts_offset:0 SSRC:3076146323
[W][13:55:49.864502] mod.rtp-sink | [         audio.c:  553 rtp_audio_process_capture()] timestamp: expected 128 != actual 0
[I][13:55:49.864513] mod.rtp-sink | [         audio.c:  567 rtp_audio_process_capture()] (re)sync to timestamp:0 seq:23756 ts_offset:0 SSRC:3076146323
[W][13:55:49.867253] mod.rtp-sink | [         audio.c:  553 rtp_audio_process_capture()] timestamp: expected 128 != actual 0
[I][13:55:49.867263] mod.rtp-sink | [         audio.c:  567 rtp_audio_process_capture()] (re)sync to timestamp:0 seq:23758 ts_offset:0 SSRC:3076146323
[W][13:55:49.869746] mod.rtp-sink | [         audio.c:  553 rtp_audio_process_capture()] timestamp: expected 128 != actual 0
[I][13:55:49.869753] mod.rtp-sink | [         audio.c:  567 rtp_audio_process_capture()] (re)sync to timestamp:0 seq:23760 ts_offset:0 SSRC:3076146323
[W][13:55:49.872496] mod.rtp-sink | [         audio.c:  553 rtp_audio_process_capture()] timestamp: expected 128 != actual 0
[I][13:55:49.872504] mod.rtp-sink | [         audio.c:  567 rtp_audio_process_capture()] (re)sync to timestamp:0 seq:23762 ts_offset:0 SSRC:3076146323
[W][13:55:49.875244] mod.rtp-sink | [         audio.c:  553 rtp_audio_process_capture()] timestamp: expected 128 != actual 0
[I][13:55:49.875252] mod.rtp-sink | [         audio.c:  567 rtp_audio_process_capture()] (re)sync to timestamp:0 seq:23764 ts_offset:0 SSRC:3076146323
[W][13:55:49.877749] mod.rtp-sink | [         audio.c:  553 rtp_audio_process_capture()] timestamp: expected 128 != actual 0
[I][13:55:49.877757] mod.rtp-sink | [         audio.c:  567 rtp_audio_process_capture()] (re)sync to timestamp:0 seq:23766 ts_offset:0 SSRC:3076146323
[W][13:55:49.880501] mod.rtp-sink | [         audio.c:  553 rtp_audio_process_capture()] timestamp: expected 128 != actual 0
[I][13:55:49.880512] mod.rtp-sink | [         audio.c:  567 rtp_audio_process_capture()] (re)sync to timestamp:0 seq:23768 ts_offset:0 SSRC:3076146323
[W][13:55:49.883243] mod.rtp-sink | [         audio.c:  553 rtp_audio_process_capture()] timestamp: expected 128 != actual 0
[I][13:55:49.883252] mod.rtp-sink | [         audio.c:  567 rtp_audio_process_capture()] (re)sync to timestamp:0 seq:23770 ts_offset:0 SSRC:3076146323
[W][13:55:49.885738] mod.rtp-sink | [         audio.c:  553 rtp_audio_process_capture()] timestamp: expected 128 != actual 0
[I][13:55:49.885746] mod.rtp-sink | [         audio.c:  567 rtp_audio_process_capture()] (re)sync to timestamp:0 seq:23772 ts_offset:0 SSRC:3076146323
[W][13:55:49.888486] mod.rtp-sink | [         audio.c:  553 rtp_audio_process_capture()] timestamp: expected 128 != actual 0
[I][13:55:49.888495] mod.rtp-sink | [         audio.c:  567 rtp_audio_process_capture()] (re)sync to timestamp:0 seq:23774 ts_offset:0 SSRC:3076146323
[W][13:55:49.891237] mod.rtp-sink | [         audio.c:  553 rtp_audio_process_capture()] timestamp: expected 128 != actual 0
[I][13:55:49.891243] mod.rtp-sink | [         audio.c:  567 rtp_audio_process_capture()] (re)sync to timestamp:0 seq:23776 ts_offset:0 SSRC:3076146323
[W][13:55:49.893742] mod.rtp-sink | [         audio.c:  553 rtp_audio_process_capture()] timestamp: expected 128 != actual 0
[I][13:55:49.893752] mod.rtp-sink | [         audio.c:  567 rtp_audio_process_capture()] (re)sync to timestamp:0 seq:23778 ts_offset:0 SSRC:3076146323
[W][13:55:49.896495] mod.rtp-sink | [         audio.c:  553 rtp_audio_process_capture()] timestamp: expected 128 != actual 0
[I][13:55:49.896504] mod.rtp-sink | [         audio.c:  567 rtp_audio_process_capture()] (re)sync to timestamp:0 seq:23780 ts_offset:0 SSRC:3076146323
[W][13:55:49.899230] mod.rtp-sink | [         audio.c:  553 rtp_audio_process_capture()] timestamp: expected 128 != actual 0
[I][13:55:49.899239] mod.rtp-sink | [         audio.c:  567 rtp_audio_process_capture()] (re)sync to timestamp:0 seq:23782 ts_offset:0 SSRC:3076146323
[W][13:55:49.901730] mod.rtp-sink | [         audio.c:  553 rtp_audio_process_capture()] timestamp: expected 128 != actual 0
[I][13:55:49.901737] mod.rtp-sink | [         audio.c:  567 rtp_audio_process_capture()] (re)sync to timestamp:0 seq:23784 ts_offset:0 SSRC:3076146323
[W][13:55:49.904476] mod.rtp-sink | [         audio.c:  553 rtp_audio_process_capture()] timestamp: expected 128 != actual 0
[I][13:55:49.904484] mod.rtp-sink | [         audio.c:  567 rtp_audio_process_capture()] (re)sync to timestamp:0 seq:23786 ts_offset:0 SSRC:3076146323
[W][13:55:49.907229] mod.rtp-sink | [         audio.c:  553 rtp_audio_process_capture()] timestamp: expected 128 != actual 0
[I][13:55:49.907235] mod.rtp-sink | [         audio.c:  567 rtp_audio_process_capture()] (re)sync to timestamp:0 seq:23788 ts_offset:0 SSRC:3076146323
[W][13:55:49.909729] mod.rtp-sink | [         audio.c:  553 rtp_audio_process_capture()] timestamp: expected 128 != actual 0
[I][13:55:49.909735] mod.rtp-sink | [         audio.c:  567 rtp_audio_process_capture()] (re)sync to timestamp:0 seq:23790 ts_offset:0 SSRC:3076146323
[W][13:55:49.912482] mod.rtp-sink | [         audio.c:  553 rtp_audio_process_capture()] timestamp: expected 128 != actual 0
[I][13:55:49.912493] mod.rtp-sink | [         audio.c:  567 rtp_audio_process_capture()] (re)sync to timestamp:0 seq:23792 ts_offset:0 SSRC:3076146323
[W][13:55:49.915235] mod.rtp-sink | [         audio.c:  553 rtp_audio_process_capture()] timestamp: expected 128 != actual 0
[I][13:55:49.915248] mod.rtp-sink | [         audio.c:  567 rtp_audio_process_capture()] (re)sync to timestamp:0 seq:23794 ts_offset:0 SSRC:3076146323
[W][13:55:49.917726] mod.rtp-sink | [         audio.c:  553 rtp_audio_process_capture()] timestamp: expected 128 != actual 0
[I][13:55:49.917738] mod.rtp-sink | [         audio.c:  567 rtp_audio_process_capture()] (re)sync to timestamp:0 seq:23796 ts_offset:0 SSRC:3076146323
[W][13:55:49.920469] mod.rtp-sink | [         audio.c:  553 rtp_audio_process_capture()] timestamp: expected 128 != actual 0
[I][13:55:49.920476] mod.rtp-sink | [         audio.c:  567 rtp_audio_process_capture()] (re)sync to timestamp:0 seq:23798 ts_offset:0 SSRC:3076146323
[W][13:55:49.923221] mod.rtp-sink | [         audio.c:  553 rtp_audio_process_capture()] timestamp: expected 128 != actual 0
[I][13:55:49.923227] mod.rtp-sink | [         audio.c:  567 rtp_audio_process_capture()] (re)sync to timestamp:0 seq:23800 ts_offset:0 SSRC:3076146323
[W][13:55:49.925720] mod.rtp-sink | [         audio.c:  553 rtp_audio_process_capture()] timestamp: expected 128 != actual 0
[I][13:55:49.925726] mod.rtp-sink | [         audio.c:  567 rtp_audio_process_capture()] (re)sync to timestamp:0 seq:23802 ts_offset:0 SSRC:3076146323
[W][13:55:49.928473] mod.rtp-sink | [         audio.c:  553 rtp_audio_process_capture()] timestamp: expected 128 != actual 0
[I][13:55:49.928484] mod.rtp-sink | [         audio.c:  567 rtp_audio_process_capture()] (re)sync to timestamp:0 seq:23804 ts_offset:0 SSRC:3076146323
[W][13:55:49.931224] mod.rtp-sink | [         audio.c:  553 rtp_audio_process_capture()] timestamp: expected 128 != actual 0
[I][13:55:49.931235] mod.rtp-sink | [         audio.c:  567 rtp_audio_process_capture()] (re)sync to timestamp:0 seq:23806 ts_offset:0 SSRC:3076146323
[W][13:55:49.933717] mod.rtp-sink | [         audio.c:  553 rtp_audio_process_capture()] timestamp: expected 128 != actual 0
[I][13:55:49.933727] mod.rtp-sink | [         audio.c:  567 rtp_audio_process_capture()] (re)sync to timestamp:0 seq:23808 ts_offset:0 SSRC:3076146323
[W][13:55:49.936466] mod.rtp-sink | [         audio.c:  553 rtp_audio_process_capture()] timestamp: expected 128 != actual 0
[I][13:55:49.936475] mod.rtp-sink | [         audio.c:  567 rtp_audio_process_capture()] (re)sync to timestamp:0 seq:23810 ts_offset:0 SSRC:3076146323
[W][13:55:49.939214] mod.rtp-sink | [         audio.c:  553 rtp_audio_process_capture()] timestamp: expected 128 != actual 0
[I][13:55:49.939221] mod.rtp-sink | [         audio.c:  567 rtp_audio_process_capture()] (re)sync to timestamp:0 seq:23812 ts_offset:0 SSRC:3076146323
[W][13:55:49.941709] mod.rtp-sink | [         audio.c:  553 rtp_audio_process_capture()] timestamp: expected 128 != actual 0
[I][13:55:49.941714] mod.rtp-sink | [         audio.c:  567 rtp_audio_process_capture()] (re)sync to timestamp:0 seq:23814 ts_offset:0 SSRC:3076146323
[W][13:55:49.944476] mod.rtp-sink | [         audio.c:  553 rtp_audio_process_capture()] timestamp: expected 128 != actual 0
[I][13:55:49.944490] mod.rtp-sink | [         audio.c:  567 rtp_audio_process_capture()] (re)sync to timestamp:0 seq:23816 ts_offset:0 SSRC:3076146323
[W][13:55:49.947218] mod.rtp-sink | [         audio.c:  553 rtp_audio_process_capture()] timestamp: expected 128 != actual 0
[I][13:55:49.947229] mod.rtp-sink | [         audio.c:  567 rtp_audio_process_capture()] (re)sync to timestamp:0 seq:23818 ts_offset:0 SSRC:3076146323
[W][13:55:49.949713] mod.rtp-sink | [         audio.c:  553 rtp_audio_process_capture()] timestamp: expected 128 != actual 0
[I][13:55:49.949723] mod.rtp-sink | [         audio.c:  567 rtp_audio_process_capture()] (re)sync to timestamp:0 seq:23820 ts_offset:0 SSRC:3076146323
[W][13:55:49.952455] mod.rtp-sink | [         audio.c:  553 rtp_audio_process_capture()] timestamp: expected 128 != actual 0
[I][13:55:49.952466] mod.rtp-sink | [         audio.c:  567 rtp_audio_process_capture()] (re)sync to timestamp:0 seq:23822 ts_offset:0 SSRC:3076146323
[W][13:55:49.955203] mod.rtp-sink | [         audio.c:  553 rtp_audio_process_capture()] timestamp: expected 128 != actual 0
[I][13:55:49.955210] mod.rtp-sink | [         audio.c:  567 rtp_audio_process_capture()] (re)sync to timestamp:0 seq:23824 ts_offset:0 SSRC:3076146323
[W][13:55:49.957708] mod.rtp-sink | [         audio.c:  553 rtp_audio_process_capture()] timestamp: expected 128 != actual 0
[I][13:55:49.957715] mod.rtp-sink | [         audio.c:  567 rtp_audio_process_capture()] (re)sync to timestamp:0 seq:23826 ts_offset:0 SSRC:3076146323
[W][13:55:49.960462] mod.rtp-sink | [         audio.c:  553 rtp_audio_process_capture()] timestamp: expected 128 != actual 0
[I][13:55:49.960474] mod.rtp-sink | [         audio.c:  567 rtp_audio_process_capture()] (re)sync to timestamp:0 seq:23828 ts_offset:0 SSRC:3076146323
[W][13:55:49.963209] mod.rtp-sink | [         audio.c:  553 rtp_audio_process_capture()] timestamp: expected 128 != actual 0
[I][13:55:49.963218] mod.rtp-sink | [         audio.c:  567 rtp_audio_process_capture()] (re)sync to timestamp:0 seq:23830 ts_offset:0 SSRC:3076146323
[W][13:55:49.965706] mod.rtp-sink | [         audio.c:  553 rtp_audio_process_capture()] timestamp: expected 128 != actual 0
[I][13:55:49.965718] mod.rtp-sink | [         audio.c:  567 rtp_audio_process_capture()] (re)sync to timestamp:0 seq:23832 ts_offset:0 SSRC:3076146323
[W][13:55:49.968449] mod.rtp-sink | [         audio.c:  553 rtp_audio_process_capture()] timestamp: expected 128 != actual 0
[I][13:55:49.968459] mod.rtp-sink | [         audio.c:  567 rtp_audio_process_capture()] (re)sync to timestamp:0 seq:23834 ts_offset:0 SSRC:3076146323
[W][13:55:49.971196] mod.rtp-sink | [         audio.c:  553 rtp_audio_process_capture()] timestamp: expected 128 != actual 0
[I][13:55:49.971203] mod.rtp-sink | [         audio.c:  567 rtp_audio_process_capture()] (re)sync to timestamp:0 seq:23836 ts_offset:0 SSRC:3076146323
[W][13:55:49.973694] mod.rtp-sink | [         audio.c:  553 rtp_audio_process_capture()] timestamp: expected 128 != actual 0
[I][13:55:49.973701] mod.rtp-sink | [         audio.c:  567 rtp_audio_process_capture()] (re)sync to timestamp:0 seq:23838 ts_offset:0 SSRC:3076146323
[W][13:55:49.976452] mod.rtp-sink | [         audio.c:  553 rtp_audio_process_capture()] timestamp: expected 128 != actual 0
[I][13:55:49.976462] mod.rtp-sink | [         audio.c:  567 rtp_audio_process_capture()] (re)sync to timestamp:0 seq:23840 ts_offset:0 SSRC:3076146323
[W][13:55:49.979201] mod.rtp-sink | [         audio.c:  553 rtp_audio_process_capture()] timestamp: expected 128 != actual 0
[I][13:55:49.979211] mod.rtp-sink | [         audio.c:  567 rtp_audio_process_capture()] (re)sync to timestamp:0 seq:23842 ts_offset:0 SSRC:3076146323
[W][13:55:49.981950] mod.rtp-sink | [         audio.c:  553 rtp_audio_process_capture()] timestamp: expected 128 != actual 0
[I][13:55:49.981961] mod.rtp-sink | [         audio.c:  567 rtp_audio_process_capture()] (re)sync to timestamp:0 seq:23844 ts_offset:0 SSRC:3076146323
[W][13:55:49.984444] mod.rtp-sink | [         audio.c:  553 rtp_audio_process_capture()] timestamp: expected 128 != actual 0
[I][13:55:49.984454] mod.rtp-sink | [         audio.c:  567 rtp_audio_process_capture()] (re)sync to timestamp:0 seq:23846 ts_offset:0 SSRC:3076146323
[W][13:55:49.987191] mod.rtp-sink | [         audio.c:  553 rtp_audio_process_capture()] timestamp: expected 128 != actual 0
[I][13:55:49.987199] mod.rtp-sink | [         audio.c:  567 rtp_audio_process_capture()] (re)sync to timestamp:0 seq:23848 ts_offset:0 SSRC:3076146323
[W][13:55:49.989686] mod.rtp-sink | [         audio.c:  553 rtp_audio_process_capture()] timestamp: expected 128 != actual 0
[I][13:55:49.989693] mod.rtp-sink | [         audio.c:  567 rtp_audio_process_capture()] (re)sync to timestamp:0 seq:23850 ts_offset:0 SSRC:3076146323
[W][13:55:49.992441] mod.rtp-sink | [         audio.c:  553 rtp_audio_process_capture()] timestamp: expected 128 != actual 0
[I][13:55:49.992449] mod.rtp-sink | [         audio.c:  567 rtp_audio_process_capture()] (re)sync to timestamp:0 seq:23852 ts_offset:0 SSRC:3076146323
[W][13:55:49.995191] mod.rtp-sink | [         audio.c:  553 rtp_audio_process_capture()] timestamp: expected 128 != actual 0
[I][13:55:49.995199] mod.rtp-sink | [         audio.c:  567 rtp_audio_process_capture()] (re)sync to timestamp:0 seq:23854 ts_offset:0 SSRC:3076146323
[W][13:55:49.997946] mod.rtp-sink | [         audio.c:  553 rtp_audio_process_capture()] timestamp: expected 128 != actual 0
[I][13:55:49.997958] mod.rtp-sink | [         audio.c:  567 rtp_audio_process_capture()] (re)sync to timestamp:0 seq:23856 ts_offset:0 SSRC:3076146323
[W][13:55:50.000442] mod.rtp-sink | [         audio.c:  553 rtp_audio_process_capture()] timestamp: expected 128 != actual 0
[I][13:55:50.000453] mod.rtp-sink | [         audio.c:  567 rtp_audio_process_capture()] (re)sync to timestamp:0 seq:23858 ts_offset:0 SSRC:3076146323
[W][13:55:50.003181] mod.rtp-sink | [         audio.c:  553 rtp_audio_process_capture()] timestamp: expected 128 != actual 0
[I][13:55:50.003188] mod.rtp-sink | [         audio.c:  567 rtp_audio_process_capture()] (re)sync to timestamp:0 seq:23860 ts_offset:0 SSRC:3076146323
[W][13:55:50.005933] mod.rtp-sink | [         audio.c:  553 rtp_audio_process_capture()] timestamp: expected 128 != actual 0
[I][13:55:50.005940] mod.rtp-sink | [         audio.c:  567 rtp_audio_process_capture()] (re)sync to timestamp:0 seq:23862 ts_offset:0 SSRC:3076146323
[W][13:55:50.008430] mod.rtp-sink | [         audio.c:  553 rtp_audio_process_capture()] timestamp: expected 128 != actual 0
[I][13:55:50.008437] mod.rtp-sink | [         audio.c:  567 rtp_audio_process_capture()] (re)sync to timestamp:0 seq:23864 ts_offset:0 SSRC:3076146323
[W][13:55:50.011185] mod.rtp-sink | [         audio.c:  553 rtp_audio_process_capture()] timestamp: expected 128 != actual 0
[I][13:55:50.011195] mod.rtp-sink | [         audio.c:  567 rtp_audio_process_capture()] (re)sync to timestamp:0 seq:23866 ts_offset:0 SSRC:3076146323
[W][13:55:50.013943] mod.rtp-sink | [         audio.c:  553 rtp_audio_process_capture()] timestamp: expected 128 != actual 0
[I][13:55:50.013954] mod.rtp-sink | [         audio.c:  567 rtp_audio_process_capture()] (re)sync to timestamp:0 seq:23868 ts_offset:0 SSRC:3076146323
[W][13:55:50.016431] mod.rtp-sink | [         audio.c:  553 rtp_audio_process_capture()] timestamp: expected 128 != actual 0
[I][13:55:50.016442] mod.rtp-sink | [         audio.c:  567 rtp_audio_process_capture()] (re)sync to timestamp:0 seq:23870 ts_offset:0 SSRC:3076146323
[W][13:55:50.019176] mod.rtp-sink | [         audio.c:  553 rtp_audio_process_capture()] timestamp: expected 128 != actual 0
[I][13:55:50.019184] mod.rtp-sink | [         audio.c:  567 rtp_audio_process_capture()] (re)sync to timestamp:0 seq:23872 ts_offset:0 SSRC:3076146323
[W][13:55:50.021926] mod.rtp-sink | [         audio.c:  553 rtp_audio_process_capture()] timestamp: expected 128 != actual 0
[I][13:55:50.021933] mod.rtp-sink | [         audio.c:  567 rtp_audio_process_capture()] (re)sync to timestamp:0 seq:23874 ts_offset:0 SSRC:3076146323
[W][13:55:50.024424] mod.rtp-sink | [         audio.c:  553 rtp_audio_process_capture()] timestamp: expected 128 != actual 0
[I][13:55:50.024431] mod.rtp-sink | [         audio.c:  567 rtp_audio_process_capture()] (re)sync to timestamp:0 seq:23876 ts_offset:0 SSRC:3076146323
[W][13:55:50.027178] mod.rtp-sink | [         audio.c:  553 rtp_audio_process_capture()] timestamp: expected 128 != actual 0
[I][13:55:50.027188] mod.rtp-sink | [         audio.c:  567 rtp_audio_process_capture()] (re)sync to timestamp:0 seq:23878 ts_offset:0 SSRC:3076146323
[W][13:55:50.029928] mod.rtp-sink | [         audio.c:  553 rtp_audio_process_capture()] timestamp: expected 128 != actual 0
[I][13:55:50.029939] mod.rtp-sink | [         audio.c:  567 rtp_audio_process_capture()] (re)sync to timestamp:0 seq:23880 ts_offset:0 SSRC:3076146323
[W][13:55:50.032423] mod.rtp-sink | [         audio.c:  553 rtp_audio_process_capture()] timestamp: expected 128 != actual 0
[I][13:55:50.032434] mod.rtp-sink | [         audio.c:  567 rtp_audio_process_capture()] (re)sync to timestamp:0 seq:23882 ts_offset:0 SSRC:3076146323
[W][13:55:50.035170] mod.rtp-sink | [         audio.c:  553 rtp_audio_process_capture()] timestamp: expected 128 != actual 0
[I][13:55:50.035179] mod.rtp-sink | [         audio.c:  567 rtp_audio_process_capture()] (re)sync to timestamp:0 seq:23884 ts_offset:0 SSRC:3076146323
[W][13:55:50.037918] mod.rtp-sink | [         audio.c:  553 rtp_audio_process_capture()] timestamp: expected 128 != actual 0
[I][13:55:50.037926] mod.rtp-sink | [         audio.c:  567 rtp_audio_process_capture()] (re)sync to timestamp:0 seq:23886 ts_offset:0 SSRC:3076146323
[W][13:55:50.040417] mod.rtp-sink | [         audio.c:  553 rtp_audio_process_capture()] timestamp: expected 128 != actual 0
[I][13:55:50.040424] mod.rtp-sink | [         audio.c:  567 rtp_audio_process_capture()] (re)sync to timestamp:0 seq:23888 ts_offset:0 SSRC:3076146323
[W][13:55:50.043165] mod.rtp-sink | [         audio.c:  553 rtp_audio_process_capture()] timestamp: expected 128 != actual 0
[I][13:55:50.043172] mod.rtp-sink | [         audio.c:  567 rtp_audio_process_capture()] (re)sync to timestamp:0 seq:23890 ts_offset:0 SSRC:3076146323
[W][13:55:50.045922] mod.rtp-sink | [         audio.c:  553 rtp_audio_process_capture()] timestamp: expected 128 != actual 0
[I][13:55:50.045931] mod.rtp-sink | [         audio.c:  567 rtp_audio_process_capture()] (re)sync to timestamp:0 seq:23892 ts_offset:0 SSRC:3076146323
[W][13:55:50.048416] mod.rtp-sink | [         audio.c:  553 rtp_audio_process_capture()] timestamp: expected 128 != actual 0
[I][13:55:50.048428] mod.rtp-sink | [         audio.c:  567 rtp_audio_process_capture()] (re)sync to timestamp:0 seq:23894 ts_offset:0 SSRC:3076146323
[W][13:55:50.051163] mod.rtp-sink | [         audio.c:  553 rtp_audio_process_capture()] timestamp: expected 128 != actual 0
[I][13:55:50.051172] mod.rtp-sink | [         audio.c:  567 rtp_audio_process_capture()] (re)sync to timestamp:0 seq:23896 ts_offset:0 SSRC:3076146323
[W][13:55:50.053911] mod.rtp-sink | [         audio.c:  553 rtp_audio_process_capture()] timestamp: expected 128 != actual 0
[I][13:55:50.053919] mod.rtp-sink | [         audio.c:  567 rtp_audio_process_capture()] (re)sync to timestamp:0 seq:23898 ts_offset:0 SSRC:3076146323
[W][13:55:50.056408] mod.rtp-sink | [         audio.c:  553 rtp_audio_process_capture()] timestamp: expected 128 != actual 0
[I][13:55:50.056415] mod.rtp-sink | [         audio.c:  567 rtp_audio_process_capture()] (re)sync to timestamp:0 seq:23900 ts_offset:0 SSRC:3076146323
[W][13:55:50.059159] mod.rtp-sink | [         audio.c:  553 rtp_audio_process_capture()] timestamp: expected 128 != actual 0
[I][13:55:50.059164] mod.rtp-sink | [         audio.c:  567 rtp_audio_process_capture()] (re)sync to timestamp:0 seq:23902 ts_offset:0 SSRC:3076146323
[W][13:55:50.061912] mod.rtp-sink | [         audio.c:  553 rtp_audio_process_capture()] timestamp: expected 128 != actual 0
[I][13:55:50.061922] mod.rtp-sink | [         audio.c:  567 rtp_audio_process_capture()] (re)sync to timestamp:0 seq:23904 ts_offset:0 SSRC:3076146323
[W][13:55:50.064412] mod.rtp-sink | [         audio.c:  553 rtp_audio_process_capture()] timestamp: expected 128 != actual 0
[I][13:55:50.064425] mod.rtp-sink | [         audio.c:  567 rtp_audio_process_capture()] (re)sync to timestamp:0 seq:23906 ts_offset:0 SSRC:3076146323
[W][13:55:50.067166] mod.rtp-sink | [         audio.c:  553 rtp_audio_process_capture()] timestamp: expected 128 != actual 0
[I][13:55:50.067176] mod.rtp-sink | [         audio.c:  567 rtp_audio_process_capture()] (re)sync to timestamp:0 seq:23908 ts_offset:0 SSRC:3076146323
[W][13:55:50.069898] mod.rtp-sink | [         audio.c:  553 rtp_audio_process_capture()] timestamp: expected 128 != actual 0
[I][13:55:50.069905] mod.rtp-sink | [         audio.c:  567 rtp_audio_process_capture()] (re)sync to timestamp:0 seq:23910 ts_offset:0 SSRC:3076146323
[W][13:55:50.072402] mod.rtp-sink | [         audio.c:  553 rtp_audio_process_capture()] timestamp: expected 128 != actual 0
[I][13:55:50.072410] mod.rtp-sink | [         audio.c:  567 rtp_audio_process_capture()] (re)sync to timestamp:0 seq:23912 ts_offset:0 SSRC:3076146323
[W][13:55:50.075152] mod.rtp-sink | [         audio.c:  553 rtp_audio_process_capture()] timestamp: expected 128 != actual 0
[I][13:55:50.075158] mod.rtp-sink | [         audio.c:  567 rtp_audio_process_capture()] (re)sync to timestamp:0 seq:23914 ts_offset:0 SSRC:3076146323
[W][13:55:50.077906] mod.rtp-sink | [         audio.c:  553 rtp_audio_process_capture()] timestamp: expected 128 != actual 0
[I][13:55:50.077916] mod.rtp-sink | [         audio.c:  567 rtp_audio_process_capture()] (re)sync to timestamp:0 seq:23916 ts_offset:0 SSRC:3076146323
[W][13:55:50.080410] mod.rtp-sink | [         audio.c:  553 rtp_audio_process_capture()] timestamp: expected 128 != actual 0
[I][13:55:50.080421] mod.rtp-sink | [         audio.c:  567 rtp_audio_process_capture()] (re)sync to timestamp:0 seq:23918 ts_offset:0 SSRC:3076146323
[W][13:55:50.083185] mod.rtp-sink | [         audio.c:  553 rtp_audio_process_capture()] timestamp: expected 128 != actual 0
[I][13:55:50.083196] mod.rtp-sink | [         audio.c:  567 rtp_audio_process_capture()] (re)sync to timestamp:0 seq:23920 ts_offset:0 SSRC:3076146323
[W][13:55:50.085894] mod.rtp-sink | [         audio.c:  553 rtp_audio_process_capture()] timestamp: expected 128 != actual 0
[I][13:55:50.085903] mod.rtp-sink | [         audio.c:  567 rtp_audio_process_capture()] (re)sync to timestamp:0 seq:23922 ts_offset:0 SSRC:3076146323
[W][13:55:50.088394] mod.rtp-sink | [         audio.c:  553 rtp_audio_process_capture()] timestamp: expected 128 != actual 0
[I][13:55:50.088402] mod.rtp-sink | [         audio.c:  567 rtp_audio_process_capture()] (re)sync to timestamp:0 seq:23924 ts_offset:0 SSRC:3076146323
[W][13:55:50.091150] mod.rtp-sink | [         audio.c:  553 rtp_audio_process_capture()] timestamp: expected 128 != actual 0
[I][13:55:50.091158] mod.rtp-sink | [         audio.c:  567 rtp_audio_process_capture()] (re)sync to timestamp:0 seq:23926 ts_offset:0 SSRC:3076146323
[W][13:55:50.093893] mod.rtp-sink | [         audio.c:  553 rtp_audio_process_capture()] timestamp: expected 128 != actual 0
[I][13:55:50.093902] mod.rtp-sink | [         audio.c:  567 rtp_audio_process_capture()] (re)sync to timestamp:0 seq:23928 ts_offset:0 SSRC:3076146323
[W][13:55:50.096399] mod.rtp-sink | [         audio.c:  553 rtp_audio_process_capture()] timestamp: expected 128 != actual 0
[I][13:55:50.096410] mod.rtp-sink | [         audio.c:  567 rtp_audio_process_capture()] (re)sync to timestamp:0 seq:23930 ts_offset:0 SSRC:3076146323
[W][13:55:50.099153] mod.rtp-sink | [         audio.c:  553 rtp_audio_process_capture()] timestamp: expected 128 != actual 0
[I][13:55:50.099165] mod.rtp-sink | [         audio.c:  567 rtp_audio_process_capture()] (re)sync to timestamp:0 seq:23932 ts_offset:0 SSRC:3076146323
[W][13:55:50.101886] mod.rtp-sink | [         audio.c:  553 rtp_audio_process_capture()] timestamp: expected 128 != actual 0
[I][13:55:50.101895] mod.rtp-sink | [         audio.c:  567 rtp_audio_process_capture()] (re)sync to timestamp:0 seq:23934 ts_offset:0 SSRC:3076146323
[W][13:55:50.104387] mod.rtp-sink | [         audio.c:  553 rtp_audio_process_capture()] timestamp: expected 128 != actual 0
[I][13:55:50.104393] mod.rtp-sink | [         audio.c:  567 rtp_audio_process_capture()] (re)sync to timestamp:0 seq:23936 ts_offset:0 SSRC:3076146323
[W][13:55:50.107143] mod.rtp-sink | [         audio.c:  553 rtp_audio_process_capture()] timestamp: expected 128 != actual 0
[I][13:55:50.107150] mod.rtp-sink | [         audio.c:  567 rtp_audio_process_capture()] (re)sync to timestamp:0 seq:23938 ts_offset:0 SSRC:3076146323
[W][13:55:50.109910] mod.rtp-sink | [         audio.c:  553 rtp_audio_process_capture()] timestamp: expected 128 != actual 0
[I][13:55:50.109921] mod.rtp-sink | [         audio.c:  567 rtp_audio_process_capture()] (re)sync to timestamp:0 seq:23940 ts_offset:0 SSRC:3076146323
[W][13:55:50.112385] mod.rtp-sink | [         audio.c:  553 rtp_audio_process_capture()] timestamp: expected 128 != actual 0
[I][13:55:50.112395] mod.rtp-sink | [         audio.c:  567 rtp_audio_process_capture()] (re)sync to timestamp:0 seq:23942 ts_offset:0 SSRC:3076146323
[W][13:55:50.115145] mod.rtp-sink | [         audio.c:  553 rtp_audio_process_capture()] timestamp: expected 128 != actual 0
[I][13:55:50.115159] mod.rtp-sink | [         audio.c:  567 rtp_audio_process_capture()] (re)sync to timestamp:0 seq:23944 ts_offset:0 SSRC:3076146323
[W][13:55:50.117877] mod.rtp-sink | [         audio.c:  553 rtp_audio_process_capture()] timestamp: expected 128 != actual 0
[I][13:55:50.117885] mod.rtp-sink | [         audio.c:  567 rtp_audio_process_capture()] (re)sync to timestamp:0 seq:23946 ts_offset:0 SSRC:3076146323
[W][13:55:50.120378] mod.rtp-sink | [         audio.c:  553 rtp_audio_process_capture()] timestamp: expected 128 != actual 0
[I][13:55:50.120384] mod.rtp-sink | [         audio.c:  567 rtp_audio_process_capture()] (re)sync to timestamp:0 seq:23948 ts_offset:0 SSRC:3076146323
[W][13:55:50.123125] mod.rtp-sink | [         audio.c:  553 rtp_audio_process_capture()] timestamp: expected 128 != actual 0
[I][13:55:50.123131] mod.rtp-sink | [         audio.c:  567 rtp_audio_process_capture()] (re)sync to timestamp:0 seq:23950 ts_offset:0 SSRC:3076146323
[W][13:55:50.125875] mod.rtp-sink | [         audio.c:  553 rtp_audio_process_capture()] timestamp: expected 128 != actual 0
[I][13:55:50.125881] mod.rtp-sink | [         audio.c:  567 rtp_audio_process_capture()] (re)sync to timestamp:0 seq:23952 ts_offset:0 SSRC:3076146323
[W][13:55:50.128383] mod.rtp-sink | [         audio.c:  553 rtp_audio_process_capture()] timestamp: expected 128 != actual 0
[I][13:55:50.128393] mod.rtp-sink | [         audio.c:  567 rtp_audio_process_capture()] (re)sync to timestamp:0 seq:23954 ts_offset:0 SSRC:3076146323
[W][13:55:50.131129] mod.rtp-sink | [         audio.c:  553 rtp_audio_process_capture()] timestamp: expected 128 != actual 0
[I][13:55:50.131147] mod.rtp-sink | [         audio.c:  567 rtp_audio_process_capture()] (re)sync to timestamp:0 seq:23956 ts_offset:0 SSRC:3076146323
[W][13:55:50.133874] mod.rtp-sink | [         audio.c:  553 rtp_audio_process_capture()] timestamp: expected 128 != actual 0
[I][13:55:50.133883] mod.rtp-sink | [         audio.c:  567 rtp_audio_process_capture()] (re)sync to timestamp:0 seq:23958 ts_offset:0 SSRC:3076146323
[W][13:55:50.136372] mod.rtp-sink | [         audio.c:  553 rtp_audio_process_capture()] timestamp: expected 128 != actual 0
[I][13:55:50.136380] mod.rtp-sink | [         audio.c:  567 rtp_audio_process_capture()] (re)sync to timestamp:0 seq:23960 ts_offset:0 SSRC:3076146323
[W][13:55:50.139115] mod.rtp-sink | [         audio.c:  553 rtp_audio_process_capture()] timestamp: expected 128 != actual 0
[I][13:55:50.139121] mod.rtp-sink | [         audio.c:  567 rtp_audio_process_capture()] (re)sync to timestamp:0 seq:23962 ts_offset:0 SSRC:3076146323
[W][13:55:50.141863] mod.rtp-sink | [         audio.c:  553 rtp_audio_process_capture()] timestamp: expected 128 != actual 0
[I][13:55:50.141869] mod.rtp-sink | [         audio.c:  567 rtp_audio_process_capture()] (re)sync to timestamp:0 seq:23964 ts_offset:0 SSRC:3076146323
[W][13:55:50.144380] mod.rtp-sink | [         audio.c:  553 rtp_audio_process_capture()] timestamp: expected 128 != actual 0
[I][13:55:50.144391] mod.rtp-sink | [         audio.c:  567 rtp_audio_process_capture()] (re)sync to timestamp:0 seq:23966 ts_offset:0 SSRC:3076146323
[W][13:55:50.147121] mod.rtp-sink | [         audio.c:  553 rtp_audio_process_capture()] timestamp: expected 128 != actual 0
[I][13:55:50.147133] mod.rtp-sink | [         audio.c:  567 rtp_audio_process_capture()] (re)sync to timestamp:0 seq:23968 ts_offset:0 SSRC:3076146323
[W][13:55:50.149868] mod.rtp-sink | [         audio.c:  553 rtp_audio_process_capture()] timestamp: expected 128 != actual 0
[I][13:55:50.149876] mod.rtp-sink | [         audio.c:  567 rtp_audio_process_capture()] (re)sync to timestamp:0 seq:23970 ts_offset:0 SSRC:3076146323
[W][13:55:50.152362] mod.rtp-sink | [         audio.c:  553 rtp_audio_process_capture()] timestamp: expected 128 != actual 0
[I][13:55:50.152371] mod.rtp-sink | [         audio.c:  567 rtp_audio_process_capture()] (re)sync to timestamp:0 seq:23972 ts_offset:0 SSRC:3076146323
[W][13:55:50.155107] mod.rtp-sink | [         audio.c:  553 rtp_audio_process_capture()] timestamp: expected 128 != actual 0
[I][13:55:50.155114] mod.rtp-sink | [         audio.c:  567 rtp_audio_process_capture()] (re)sync to timestamp:0 seq:23974 ts_offset:0 SSRC:3076146323
[W][13:55:50.157858] mod.rtp-sink | [         audio.c:  553 rtp_audio_process_capture()] timestamp: expected 128 != actual 0
[I][13:55:50.157864] mod.rtp-sink | [         audio.c:  567 rtp_audio_process_capture()] (re)sync to timestamp:0 seq:23976 ts_offset:0 SSRC:3076146323
[W][13:55:50.160370] mod.rtp-sink | [         audio.c:  553 rtp_audio_process_capture()] timestamp: expected 128 != actual 0
[I][13:55:50.160381] mod.rtp-sink | [         audio.c:  567 rtp_audio_process_capture()] (re)sync to timestamp:0 seq:23978 ts_offset:0 SSRC:3076146323
[W][13:55:50.163130] mod.rtp-sink | [         audio.c:  553 rtp_audio_process_capture()] timestamp: expected 128 != actual 0
[I][13:55:50.163155] mod.rtp-sink | [         audio.c:  567 rtp_audio_process_capture()] (re)sync to timestamp:0 seq:23980 ts_offset:0 SSRC:3076146323
[W][13:55:50.165857] mod.rtp-sink | [         audio.c:  553 rtp_audio_process_capture()] timestamp: expected 128 != actual 0
[I][13:55:50.165867] mod.rtp-sink | [         audio.c:  567 rtp_audio_process_capture()] (re)sync to timestamp:0 seq:23982 ts_offset:0 SSRC:3076146323
[W][13:55:50.168606] mod.rtp-sink | [         audio.c:  553 rtp_audio_process_capture()] timestamp: expected 128 != actual 0
[I][13:55:50.168614] mod.rtp-sink | [         audio.c:  567 rtp_audio_process_capture()] (re)sync to timestamp:0 seq:23984 ts_offset:0 SSRC:3076146323
[W][13:55:50.171105] mod.rtp-sink | [         audio.c:  553 rtp_audio_process_capture()] timestamp: expected 128 != actual 0
[I][13:55:50.171112] mod.rtp-sink | [         audio.c:  567 rtp_audio_process_capture()] (re)sync to timestamp:0 seq:23986 ts_offset:0 SSRC:3076146323
[W][13:55:50.173851] mod.rtp-sink | [         audio.c:  553 rtp_audio_process_capture()] timestamp: expected 128 != actual 0
[I][13:55:50.173857] mod.rtp-sink | [         audio.c:  567 rtp_audio_process_capture()] (re)sync to timestamp:0 seq:23988 ts_offset:0 SSRC:3076146323
[W][13:55:50.176616] mod.rtp-sink | [         audio.c:  553 rtp_audio_process_capture()] timestamp: expected 128 != actual 0
[I][13:55:50.176628] mod.rtp-sink | [         audio.c:  567 rtp_audio_process_capture()] (re)sync to timestamp:0 seq:23990 ts_offset:0 SSRC:3076146323
[W][13:55:50.179107] mod.rtp-sink | [         audio.c:  553 rtp_audio_process_capture()] timestamp: expected 128 != actual 0
[I][13:55:50.179118] mod.rtp-sink | [         audio.c:  567 rtp_audio_process_capture()] (re)sync to timestamp:0 seq:23992 ts_offset:0 SSRC:3076146323
[W][13:55:50.181852] mod.rtp-sink | [         audio.c:  553 rtp_audio_process_capture()] timestamp: expected 128 != actual 0
[I][13:55:50.181864] mod.rtp-sink | [         audio.c:  567 rtp_audio_process_capture()] (re)sync to timestamp:0 seq:23994 ts_offset:0 SSRC:3076146323
[W][13:55:50.184599] mod.rtp-sink | [         audio.c:  553 rtp_audio_process_capture()] timestamp: expected 128 != actual 0
[I][13:55:50.184608] mod.rtp-sink | [         audio.c:  567 rtp_audio_process_capture()] (re)sync to timestamp:0 seq:23996 ts_offset:0 SSRC:3076146323
[W][13:55:50.187097] mod.rtp-sink | [         audio.c:  553 rtp_audio_process_capture()] timestamp: expected 128 != actual 0
[I][13:55:50.187105] mod.rtp-sink | [         audio.c:  567 rtp_audio_process_capture()] (re)sync to timestamp:0 seq:23998 ts_offset:0 SSRC:3076146323
[W][13:55:50.189842] mod.rtp-sink | [         audio.c:  553 rtp_audio_process_capture()] timestamp: expected 128 != actual 0
[I][13:55:50.189849] mod.rtp-sink | [         audio.c:  567 rtp_audio_process_capture()] (re)sync to timestamp:0 seq:24000 ts_offset:0 SSRC:3076146323
[W][13:55:50.192598] mod.rtp-sink | [         audio.c:  553 rtp_audio_process_capture()] timestamp: expected 128 != actual 0
[I][13:55:50.192607] mod.rtp-sink | [         audio.c:  567 rtp_audio_process_capture()] (re)sync to timestamp:0 seq:24002 ts_offset:0 SSRC:3076146323
[W][13:55:50.195099] mod.rtp-sink | [         audio.c:  553 rtp_audio_process_capture()] timestamp: expected 128 != actual 0
[I][13:55:50.195109] mod.rtp-sink | [         audio.c:  567 rtp_audio_process_capture()] (re)sync to timestamp:0 seq:24004 ts_offset:0 SSRC:3076146323
[W][13:55:50.197847] mod.rtp-sink | [         audio.c:  553 rtp_audio_process_capture()] timestamp: expected 128 != actual 0
[I][13:55:50.197855] mod.rtp-sink | [         audio.c:  567 rtp_audio_process_capture()] (re)sync to timestamp:0 seq:24006 ts_offset:0 SSRC:3076146323
[W][13:55:50.200594] mod.rtp-sink | [         audio.c:  553 rtp_audio_process_capture()] timestamp: expected 128 != actual 0
[I][13:55:50.200603] mod.rtp-sink | [         audio.c:  567 rtp_audio_process_capture()] (re)sync to timestamp:0 seq:24008 ts_offset:0 SSRC:3076146323
[W][13:55:50.203088] mod.rtp-sink | [         audio.c:  553 rtp_audio_process_capture()] timestamp: expected 128 != actual 0
[I][13:55:50.203095] mod.rtp-sink | [         audio.c:  567 rtp_audio_process_capture()] (re)sync to timestamp:0 seq:24010 ts_offset:0 SSRC:3076146323
[W][13:55:50.205833] mod.rtp-sink | [         audio.c:  553 rtp_audio_process_capture()] timestamp: expected 128 != actual 0
[I][13:55:50.205840] mod.rtp-sink | [         audio.c:  567 rtp_audio_process_capture()] (re)sync to timestamp:0 seq:24012 ts_offset:0 SSRC:3076146323
[W][13:55:50.208584] mod.rtp-sink | [         audio.c:  553 rtp_audio_process_capture()] timestamp: expected 128 != actual 0
[I][13:55:50.208589] mod.rtp-sink | [         audio.c:  567 rtp_audio_process_capture()] (re)sync to timestamp:0 seq:24014 ts_offset:0 SSRC:3076146323
[W][13:55:50.211089] mod.rtp-sink | [         audio.c:  553 rtp_audio_process_capture()] timestamp: expected 128 != actual 0
[I][13:55:50.211101] mod.rtp-sink | [         audio.c:  567 rtp_audio_process_capture()] (re)sync to timestamp:0 seq:24016 ts_offset:0 SSRC:3076146323
[W][13:55:50.213838] mod.rtp-sink | [         audio.c:  553 rtp_audio_process_capture()] timestamp: expected 128 != actual 0
[I][13:55:50.213848] mod.rtp-sink | [         audio.c:  567 rtp_audio_process_capture()] (re)sync to timestamp:0 seq:24018 ts_offset:0 SSRC:3076146323
[W][13:55:50.216592] mod.rtp-sink | [         audio.c:  553 rtp_audio_process_capture()] timestamp: expected 128 != actual 0
[I][13:55:50.216601] mod.rtp-sink | [         audio.c:  567 rtp_audio_process_capture()] (re)sync to timestamp:0 seq:24020 ts_offset:0 SSRC:3076146323
[W][13:55:50.219081] mod.rtp-sink | [         audio.c:  553 rtp_audio_process_capture()] timestamp: expected 128 != actual 0
[I][13:55:50.219088] mod.rtp-sink | [         audio.c:  567 rtp_audio_process_capture()] (re)sync to timestamp:0 seq:24022 ts_offset:0 SSRC:3076146323
[W][13:55:50.221826] mod.rtp-sink | [         audio.c:  553 rtp_audio_process_capture()] timestamp: expected 128 != actual 0
[I][13:55:50.221832] mod.rtp-sink | [         audio.c:  567 rtp_audio_process_capture()] (re)sync to timestamp:0 seq:24024 ts_offset:0 SSRC:3076146323
[W][13:55:50.224578] mod.rtp-sink | [         audio.c:  553 rtp_audio_process_capture()] timestamp: expected 128 != actual 0
[I][13:55:50.224583] mod.rtp-sink | [         audio.c:  567 rtp_audio_process_capture()] (re)sync to timestamp:0 seq:24026 ts_offset:0 SSRC:3076146323
[W][13:55:50.227093] mod.rtp-sink | [         audio.c:  553 rtp_audio_process_capture()] timestamp: expected 128 != actual 0
[I][13:55:50.227104] mod.rtp-sink | [         audio.c:  567 rtp_audio_process_capture()] (re)sync to timestamp:0 seq:24028 ts_offset:0 SSRC:3076146323
[W][13:55:50.229839] mod.rtp-sink | [         audio.c:  553 rtp_audio_process_capture()] timestamp: expected 128 != actual 0
[I][13:55:50.229851] mod.rtp-sink | [         audio.c:  567 rtp_audio_process_capture()] (re)sync to timestamp:0 seq:24030 ts_offset:0 SSRC:3076146323
[W][13:55:50.232581] mod.rtp-sink | [         audio.c:  553 rtp_audio_process_capture()] timestamp: expected 128 != actual 0
[I][13:55:50.232591] mod.rtp-sink | [         audio.c:  567 rtp_audio_process_capture()] (re)sync to timestamp:0 seq:24032 ts_offset:0 SSRC:3076146323
[W][13:55:50.235077] mod.rtp-sink | [         audio.c:  553 rtp_audio_process_capture()] timestamp: expected 128 != actual 0
[I][13:55:50.235086] mod.rtp-sink | [         audio.c:  567 rtp_audio_process_capture()] (re)sync to timestamp:0 seq:24034 ts_offset:0 SSRC:3076146323
[W][13:55:50.237823] mod.rtp-sink | [         audio.c:  553 rtp_audio_process_capture()] timestamp: expected 128 != actual 0
[I][13:55:50.237831] mod.rtp-sink | [         audio.c:  567 rtp_audio_process_capture()] (re)sync to timestamp:0 seq:24036 ts_offset:0 SSRC:3076146323
[W][13:55:50.240573] mod.rtp-sink | [         audio.c:  553 rtp_audio_process_capture()] timestamp: expected 128 != actual 0
[I][13:55:50.240579] mod.rtp-sink | [         audio.c:  567 rtp_audio_process_capture()] (re)sync to timestamp:0 seq:24038 ts_offset:0 SSRC:3076146323
[W][13:55:50.243071] mod.rtp-sink | [         audio.c:  553 rtp_audio_process_capture()] timestamp: expected 128 != actual 0
[I][13:55:50.243078] mod.rtp-sink | [         audio.c:  567 rtp_audio_process_capture()] (re)sync to timestamp:0 seq:24040 ts_offset:0 SSRC:3076146323
[W][13:55:50.245826] mod.rtp-sink | [         audio.c:  553 rtp_audio_process_capture()] timestamp: expected 128 != actual 0
[I][13:55:50.245835] mod.rtp-sink | [         audio.c:  567 rtp_audio_process_capture()] (re)sync to timestamp:0 seq:24042 ts_offset:0 SSRC:3076146323
[W][13:55:50.248570] mod.rtp-sink | [         audio.c:  553 rtp_audio_process_capture()] timestamp: expected 128 != actual 0
[I][13:55:50.248580] mod.rtp-sink | [         audio.c:  567 rtp_audio_process_capture()] (re)sync to timestamp:0 seq:24044 ts_offset:0 SSRC:3076146323
[W][13:55:50.251071] mod.rtp-sink | [         audio.c:  553 rtp_audio_process_capture()] timestamp: expected 128 != actual 0
[I][13:55:50.251080] mod.rtp-sink | [         audio.c:  567 rtp_audio_process_capture()] (re)sync to timestamp:0 seq:24046 ts_offset:0 SSRC:3076146323
[W][13:55:50.253810] mod.rtp-sink | [         audio.c:  553 rtp_audio_process_capture()] timestamp: expected 128 != actual 0
[I][13:55:50.253818] mod.rtp-sink | [         audio.c:  567 rtp_audio_process_capture()] (re)sync to timestamp:0 seq:24048 ts_offset:0 SSRC:3076146323
[W][13:55:50.256568] mod.rtp-sink | [         audio.c:  553 rtp_audio_process_capture()] timestamp: expected 128 != actual 0
[I][13:55:50.256576] mod.rtp-sink | [         audio.c:  567 rtp_audio_process_capture()] (re)sync to timestamp:0 seq:24050 ts_offset:0 SSRC:3076146323
[W][13:55:50.259064] mod.rtp-sink | [         audio.c:  553 rtp_audio_process_capture()] timestamp: expected 128 != actual 0
[I][13:55:50.259073] mod.rtp-sink | [         audio.c:  567 rtp_audio_process_capture()] (re)sync to timestamp:0 seq:24052 ts_offset:0 SSRC:3076146323
[W][13:55:50.261821] mod.rtp-sink | [         audio.c:  553 rtp_audio_process_capture()] timestamp: expected 128 != actual 0
[I][13:55:50.261830] mod.rtp-sink | [         audio.c:  567 rtp_audio_process_capture()] (re)sync to timestamp:0 seq:24054 ts_offset:0 SSRC:3076146323
[W][13:55:50.264566] mod.rtp-sink | [         audio.c:  553 rtp_audio_process_capture()] timestamp: expected 128 != actual 0
[I][13:55:50.264577] mod.rtp-sink | [         audio.c:  567 rtp_audio_process_capture()] (re)sync to timestamp:0 seq:24056 ts_offset:0 SSRC:3076146323
[W][13:55:50.267062] mod.rtp-sink | [         audio.c:  553 rtp_audio_process_capture()] timestamp: expected 128 != actual 0
[I][13:55:50.267072] mod.rtp-sink | [         audio.c:  567 rtp_audio_process_capture()] (re)sync to timestamp:0 seq:24058 ts_offset:0 SSRC:3076146323
[W][13:55:50.269806] mod.rtp-sink | [         audio.c:  553 rtp_audio_process_capture()] timestamp: expected 128 != actual 0
[I][13:55:50.269813] mod.rtp-sink | [         audio.c:  567 rtp_audio_process_capture()] (re)sync to timestamp:0 seq:24060 ts_offset:0 SSRC:3076146323
[W][13:55:50.272557] mod.rtp-sink | [         audio.c:  553 rtp_audio_process_capture()] timestamp: expected 128 != actual 0
[I][13:55:50.272563] mod.rtp-sink | [         audio.c:  567 rtp_audio_process_capture()] (re)sync to timestamp:0 seq:24062 ts_offset:0 SSRC:3076146323
[W][13:55:50.275054] mod.rtp-sink | [         audio.c:  553 rtp_audio_process_capture()] timestamp: expected 128 != actual 0
[I][13:55:50.275060] mod.rtp-sink | [         audio.c:  567 rtp_audio_process_capture()] (re)sync to timestamp:0 seq:24064 ts_offset:0 SSRC:3076146323
[W][13:55:50.277812] mod.rtp-sink | [         audio.c:  553 rtp_audio_process_capture()] timestamp: expected 128 != actual 0
[I][13:55:50.277822] mod.rtp-sink | [         audio.c:  567 rtp_audio_process_capture()] (re)sync to timestamp:0 seq:24066 ts_offset:0 SSRC:3076146323
[W][13:55:50.280559] mod.rtp-sink | [         audio.c:  553 rtp_audio_process_capture()] timestamp: expected 128 != actual 0
[I][13:55:50.280570] mod.rtp-sink | [         audio.c:  567 rtp_audio_process_capture()] (re)sync to timestamp:0 seq:24068 ts_offset:0 SSRC:3076146323
[W][13:55:50.283059] mod.rtp-sink | [         audio.c:  553 rtp_audio_process_capture()] timestamp: expected 128 != actual 0
[I][13:55:50.283069] mod.rtp-sink | [         audio.c:  567 rtp_audio_process_capture()] (re)sync to timestamp:0 seq:24070 ts_offset:0 SSRC:3076146323
[W][13:55:50.285796] mod.rtp-sink | [         audio.c:  553 rtp_audio_process_capture()] timestamp: expected 128 != actual 0
[I][13:55:50.285803] mod.rtp-sink | [         audio.c:  567 rtp_audio_process_capture()] (re)sync to timestamp:0 seq:24072 ts_offset:0 SSRC:3076146323
[W][13:55:50.288551] mod.rtp-sink | [         audio.c:  553 rtp_audio_process_capture()] timestamp: expected 128 != actual 0
[I][13:55:50.288559] mod.rtp-sink | [         audio.c:  567 rtp_audio_process_capture()] (re)sync to timestamp:0 seq:24074 ts_offset:0 SSRC:3076146323
[W][13:55:50.291047] mod.rtp-sink | [         audio.c:  553 rtp_audio_process_capture()] timestamp: expected 128 != actual 0
[I][13:55:50.291054] mod.rtp-sink | [         audio.c:  567 rtp_audio_process_capture()] (re)sync to timestamp:0 seq:24076 ts_offset:0 SSRC:3076146323
[W][13:55:50.293804] mod.rtp-sink | [         audio.c:  553 rtp_audio_process_capture()] timestamp: expected 128 != actual 0
[I][13:55:50.293814] mod.rtp-sink | [         audio.c:  567 rtp_audio_process_capture()] (re)sync to timestamp:0 seq:24078 ts_offset:0 SSRC:3076146323
[W][13:55:50.296561] mod.rtp-sink | [         audio.c:  553 rtp_audio_process_capture()] timestamp: expected 128 != actual 0
[I][13:55:50.296574] mod.rtp-sink | [         audio.c:  567 rtp_audio_process_capture()] (re)sync to timestamp:0 seq:24080 ts_offset:0 SSRC:3076146323
[W][13:55:50.299050] mod.rtp-sink | [         audio.c:  553 rtp_audio_process_capture()] timestamp: expected 128 != actual 0
[I][13:55:50.299061] mod.rtp-sink | [         audio.c:  567 rtp_audio_process_capture()] (re)sync to timestamp:0 seq:24082 ts_offset:0 SSRC:3076146323
[W][13:55:50.301791] mod.rtp-sink | [         audio.c:  553 rtp_audio_process_capture()] timestamp: expected 128 != actual 0
[I][13:55:50.301799] mod.rtp-sink | [         audio.c:  567 rtp_audio_process_capture()] (re)sync to timestamp:0 seq:24084 ts_offset:0 SSRC:3076146323
[W][13:55:50.304556] mod.rtp-sink | [         audio.c:  553 rtp_audio_process_capture()] timestamp: expected 128 != actual 0
[I][13:55:50.304566] mod.rtp-sink | [         audio.c:  567 rtp_audio_process_capture()] (re)sync to timestamp:0 seq:24086 ts_offset:0 SSRC:3076146323
[W][13:55:50.307040] mod.rtp-sink | [         audio.c:  553 rtp_audio_process_capture()] timestamp: expected 128 != actual 0
[I][13:55:50.307048] mod.rtp-sink | [         audio.c:  567 rtp_audio_process_capture()] (re)sync to timestamp:0 seq:24088 ts_offset:0 SSRC:3076146323
[W][13:55:50.309797] mod.rtp-sink | [         audio.c:  553 rtp_audio_process_capture()] timestamp: expected 128 != actual 0
[I][13:55:50.309809] mod.rtp-sink | [         audio.c:  567 rtp_audio_process_capture()] (re)sync to timestamp:0 seq:24090 ts_offset:0 SSRC:3076146323
[W][13:55:50.312546] mod.rtp-sink | [         audio.c:  553 rtp_audio_process_capture()] timestamp: expected 128 != actual 0
[I][13:55:50.312558] mod.rtp-sink | [         audio.c:  567 rtp_audio_process_capture()] (re)sync to timestamp:0 seq:24092 ts_offset:0 SSRC:3076146323
[W][13:55:50.315042] mod.rtp-sink | [         audio.c:  553 rtp_audio_process_capture()] timestamp: expected 128 != actual 0
[I][13:55:50.315053] mod.rtp-sink | [         audio.c:  567 rtp_audio_process_capture()] (re)sync to timestamp:0 seq:24094 ts_offset:0 SSRC:3076146323
[W][13:55:50.317785] mod.rtp-sink | [         audio.c:  553 rtp_audio_process_capture()] timestamp: expected 128 != actual 0
[I][13:55:50.317793] mod.rtp-sink | [         audio.c:  567 rtp_audio_process_capture()] (re)sync to timestamp:0 seq:24096 ts_offset:0 SSRC:3076146323
[W][13:55:50.320533] mod.rtp-sink | [         audio.c:  553 rtp_audio_process_capture()] timestamp: expected 128 != actual 0
[I][13:55:50.320538] mod.rtp-sink | [         audio.c:  567 rtp_audio_process_capture()] (re)sync to timestamp:0 seq:24098 ts_offset:0 SSRC:3076146323
[W][13:55:50.323031] mod.rtp-sink | [         audio.c:  553 rtp_audio_process_capture()] timestamp: expected 128 != actual 0
[I][13:55:50.323036] mod.rtp-sink | [         audio.c:  567 rtp_audio_process_capture()] (re)sync to timestamp:0 seq:24100 ts_offset:0 SSRC:3076146323
[W][13:55:50.325783] mod.rtp-sink | [         audio.c:  553 rtp_audio_process_capture()] timestamp: expected 128 != actual 0
[I][13:55:50.325790] mod.rtp-sink | [         audio.c:  567 rtp_audio_process_capture()] (re)sync to timestamp:0 seq:24102 ts_offset:0 SSRC:3076146323
[W][13:55:50.328537] mod.rtp-sink | [         audio.c:  553 rtp_audio_process_capture()] timestamp: expected 128 != actual 0
[I][13:55:50.328547] mod.rtp-sink | [         audio.c:  567 rtp_audio_process_capture()] (re)sync to timestamp:0 seq:24104 ts_offset:0 SSRC:3076146323
[W][13:55:50.331031] mod.rtp-sink | [         audio.c:  553 rtp_audio_process_capture()] timestamp: expected 128 != actual 0
[I][13:55:50.331041] mod.rtp-sink | [         audio.c:  567 rtp_audio_process_capture()] (re)sync to timestamp:0 seq:24106 ts_offset:0 SSRC:3076146323
[W][13:55:50.333780] mod.rtp-sink | [         audio.c:  553 rtp_audio_process_capture()] timestamp: expected 128 != actual 0
[I][13:55:50.333790] mod.rtp-sink | [         audio.c:  567 rtp_audio_process_capture()] (re)sync to timestamp:0 seq:24108 ts_offset:0 SSRC:3076146323
[W][13:55:50.336530] mod.rtp-sink | [         audio.c:  553 rtp_audio_process_capture()] timestamp: expected 128 != actual 0
[I][13:55:50.336542] mod.rtp-sink | [         audio.c:  567 rtp_audio_process_capture()] (re)sync to timestamp:0 seq:24110 ts_offset:0 SSRC:3076146323
[W][13:55:50.339028] mod.rtp-sink | [         audio.c:  553 rtp_audio_process_capture()] timestamp: expected 128 != actual 0
[I][13:55:50.339036] mod.rtp-sink | [         audio.c:  567 rtp_audio_process_capture()] (re)sync to timestamp:0 seq:24112 ts_offset:0 SSRC:3076146323
[W][13:55:50.341773] mod.rtp-sink | [         audio.c:  553 rtp_audio_process_capture()] timestamp: expected 128 != actual 0
[I][13:55:50.341780] mod.rtp-sink | [         audio.c:  567 rtp_audio_process_capture()] (re)sync to timestamp:0 seq:24114 ts_offset:0 SSRC:3076146323
[W][13:55:50.344530] mod.rtp-sink | [         audio.c:  553 rtp_audio_process_capture()] timestamp: expected 128 != actual 0
[I][13:55:50.344540] mod.rtp-sink | [         audio.c:  567 rtp_audio_process_capture()] (re)sync to timestamp:0 seq:24116 ts_offset:0 SSRC:3076146323
[W][13:55:50.347285] mod.rtp-sink | [         audio.c:  553 rtp_audio_process_capture()] timestamp: expected 128 != actual 0
[I][13:55:50.347299] mod.rtp-sink | [         audio.c:  567 rtp_audio_process_capture()] (re)sync to timestamp:0 seq:24118 ts_offset:0 SSRC:3076146323
[W][13:55:50.349781] mod.rtp-sink | [         audio.c:  553 rtp_audio_process_capture()] timestamp: expected 128 != actual 0
[I][13:55:50.349795] mod.rtp-sink | [         audio.c:  567 rtp_audio_process_capture()] (re)sync to timestamp:0 seq:24120 ts_offset:0 SSRC:3076146323
[W][13:55:50.352524] mod.rtp-sink | [         audio.c:  553 rtp_audio_process_capture()] timestamp: expected 128 != actual 0
[I][13:55:50.352533] mod.rtp-sink | [         audio.c:  567 rtp_audio_process_capture()] (re)sync to timestamp:0 seq:24122 ts_offset:0 SSRC:3076146323
[W][13:55:50.355272] mod.rtp-sink | [         audio.c:  553 rtp_audio_process_capture()] timestamp: expected 128 != actual 0
[I][13:55:50.355280] mod.rtp-sink | [         audio.c:  567 rtp_audio_process_capture()] (re)sync to timestamp:0 seq:24124 ts_offset:0 SSRC:3076146323
[W][13:55:50.357764] mod.rtp-sink | [         audio.c:  553 rtp_audio_process_capture()] timestamp: expected 128 != actual 0
[I][13:55:50.357770] mod.rtp-sink | [         audio.c:  567 rtp_audio_process_capture()] (re)sync to timestamp:0 seq:24126 ts_offset:0 SSRC:3076146323
[W][13:55:50.360521] mod.rtp-sink | [         audio.c:  553 rtp_audio_process_capture()] timestamp: expected 128 != actual 0
[I][13:55:50.360531] mod.rtp-sink | [         audio.c:  567 rtp_audio_process_capture()] (re)sync to timestamp:0 seq:24128 ts_offset:0 SSRC:3076146323
[W][13:55:50.363271] mod.rtp-sink | [         audio.c:  553 rtp_audio_process_capture()] timestamp: expected 128 != actual 0
[I][13:55:50.363282] mod.rtp-sink | [         audio.c:  567 rtp_audio_process_capture()] (re)sync to timestamp:0 seq:24130 ts_offset:0 SSRC:3076146323
[W][13:55:50.365767] mod.rtp-sink | [         audio.c:  553 rtp_audio_process_capture()] timestamp: expected 128 != actual 0
[I][13:55:50.365777] mod.rtp-sink | [         audio.c:  567 rtp_audio_process_capture()] (re)sync to timestamp:0 seq:24132 ts_offset:0 SSRC:3076146323
[W][13:55:50.368511] mod.rtp-sink | [         audio.c:  553 rtp_audio_process_capture()] timestamp: expected 128 != actual 0
[I][13:55:50.368520] mod.rtp-sink | [         audio.c:  567 rtp_audio_process_capture()] (re)sync to timestamp:0 seq:24134 ts_offset:0 SSRC:3076146323
[W][13:55:50.371258] mod.rtp-sink | [         audio.c:  553 rtp_audio_process_capture()] timestamp: expected 128 != actual 0
[I][13:55:50.371265] mod.rtp-sink | [         audio.c:  567 rtp_audio_process_capture()] (re)sync to timestamp:0 seq:24136 ts_offset:0 SSRC:3076146323
[W][13:55:50.373757] mod.rtp-sink | [         audio.c:  553 rtp_audio_process_capture()] timestamp: expected 128 != actual 0
[I][13:55:50.373763] mod.rtp-sink | [         audio.c:  567 rtp_audio_process_capture()] (re)sync to timestamp:0 seq:24138 ts_offset:0 SSRC:3076146323
[W][13:55:50.376508] mod.rtp-sink | [         audio.c:  553 rtp_audio_process_capture()] timestamp: expected 128 != actual 0
[I][13:55:50.376514] mod.rtp-sink | [         audio.c:  567 rtp_audio_process_capture()] (re)sync to timestamp:0 seq:24140 ts_offset:0 SSRC:3076146323
[W][13:55:50.379264] mod.rtp-sink | [         audio.c:  553 rtp_audio_process_capture()] timestamp: expected 128 != actual 0
[I][13:55:50.379273] mod.rtp-sink | [         audio.c:  567 rtp_audio_process_capture()] (re)sync to timestamp:0 seq:24142 ts_offset:0 SSRC:3076146323
[W][13:55:50.381760] mod.rtp-sink | [         audio.c:  553 rtp_audio_process_capture()] timestamp: expected 128 != actual 0
[I][13:55:50.381770] mod.rtp-sink | [         audio.c:  567 rtp_audio_process_capture()] (re)sync to timestamp:0 seq:24144 ts_offset:0 SSRC:3076146323
[W][13:55:50.384507] mod.rtp-sink | [         audio.c:  553 rtp_audio_process_capture()] timestamp: expected 128 != actual 0
[I][13:55:50.384518] mod.rtp-sink | [         audio.c:  567 rtp_audio_process_capture()] (re)sync to timestamp:0 seq:24146 ts_offset:0 SSRC:3076146323
[W][13:55:50.387250] mod.rtp-sink | [         audio.c:  553 rtp_audio_process_capture()] timestamp: expected 128 != actual 0
[I][13:55:50.387257] mod.rtp-sink | [         audio.c:  567 rtp_audio_process_capture()] (re)sync to timestamp:0 seq:24148 ts_offset:0 SSRC:3076146323
[W][13:55:50.389750] mod.rtp-sink | [         audio.c:  553 rtp_audio_process_capture()] timestamp: expected 128 != actual 0
[I][13:55:50.389756] mod.rtp-sink | [         audio.c:  567 rtp_audio_process_capture()] (re)sync to timestamp:0 seq:24150 ts_offset:0 SSRC:3076146323
[W][13:55:50.392499] mod.rtp-sink | [         audio.c:  553 rtp_audio_process_capture()] timestamp: expected 128 != actual 0
[I][13:55:50.392506] mod.rtp-sink | [         audio.c:  567 rtp_audio_process_capture()] (re)sync to timestamp:0 seq:24152 ts_offset:0 SSRC:3076146323
[W][13:55:50.395259] mod.rtp-sink | [         audio.c:  553 rtp_audio_process_capture()] timestamp: expected 128 != actual 0
[I][13:55:50.395268] mod.rtp-sink | [         audio.c:  567 rtp_audio_process_capture()] (re)sync to timestamp:0 seq:24154 ts_offset:0 SSRC:3076146323
[W][13:55:50.397752] mod.rtp-sink | [         audio.c:  553 rtp_audio_process_capture()] timestamp: expected 128 != actual 0
[I][13:55:50.397762] mod.rtp-sink | [         audio.c:  567 rtp_audio_process_capture()] (re)sync to timestamp:0 seq:24156 ts_offset:0 SSRC:3076146323
[W][13:55:50.400500] mod.rtp-sink | [         audio.c:  553 rtp_audio_process_capture()] timestamp: expected 128 != actual 0
[I][13:55:50.400510] mod.rtp-sink | [         audio.c:  567 rtp_audio_process_capture()] (re)sync to timestamp:0 seq:24158 ts_offset:0 SSRC:3076146323
[W][13:55:50.403245] mod.rtp-sink | [         audio.c:  553 rtp_audio_process_capture()] timestamp: expected 128 != actual 0
[I][13:55:50.403252] mod.rtp-sink | [         audio.c:  567 rtp_audio_process_capture()] (re)sync to timestamp:0 seq:24160 ts_offset:0 SSRC:3076146323
[W][13:55:50.405745] mod.rtp-sink | [         audio.c:  553 rtp_audio_process_capture()] timestamp: expected 128 != actual 0
[I][13:55:50.405752] mod.rtp-sink | [         audio.c:  567 rtp_audio_process_capture()] (re)sync to timestamp:0 seq:24162 ts_offset:0 SSRC:3076146323
[W][13:55:50.408489] mod.rtp-sink | [         audio.c:  553 rtp_audio_process_capture()] timestamp: expected 128 != actual 0
[I][13:55:50.408495] mod.rtp-sink | [         audio.c:  567 rtp_audio_process_capture()] (re)sync to timestamp:0 seq:24164 ts_offset:0 SSRC:3076146323
[W][13:55:50.411251] mod.rtp-sink | [         audio.c:  553 rtp_audio_process_capture()] timestamp: expected 128 != actual 0
[I][13:55:50.411262] mod.rtp-sink | [         audio.c:  567 rtp_audio_process_capture()] (re)sync to timestamp:0 seq:24166 ts_offset:0 SSRC:3076146323
[W][13:55:50.413746] mod.rtp-sink | [         audio.c:  553 rtp_audio_process_capture()] timestamp: expected 128 != actual 0
[I][13:55:50.413759] mod.rtp-sink | [         audio.c:  567 rtp_audio_process_capture()] (re)sync to timestamp:0 seq:24168 ts_offset:0 SSRC:3076146323
[W][13:55:50.416488] mod.rtp-sink | [         audio.c:  553 rtp_audio_process_capture()] timestamp: expected 128 != actual 0
[I][13:55:50.416497] mod.rtp-sink | [         audio.c:  567 rtp_audio_process_capture()] (re)sync to timestamp:0 seq:24170 ts_offset:0 SSRC:3076146323
[W][13:55:50.419237] mod.rtp-sink | [         audio.c:  553 rtp_audio_process_capture()] timestamp: expected 128 != actual 0
[I][13:55:50.419243] mod.rtp-sink | [         audio.c:  567 rtp_audio_process_capture()] (re)sync to timestamp:0 seq:24172 ts_offset:0 SSRC:3076146323
[W][13:55:50.421733] mod.rtp-sink | [         audio.c:  553 rtp_audio_process_capture()] timestamp: expected 128 != actual 0
[I][13:55:50.421738] mod.rtp-sink | [         audio.c:  567 rtp_audio_process_capture()] (re)sync to timestamp:0 seq:24174 ts_offset:0 SSRC:3076146323
[W][13:55:50.424483] mod.rtp-sink | [         audio.c:  553 rtp_audio_process_capture()] timestamp: expected 128 != actual 0
[I][13:55:50.424489] mod.rtp-sink | [         audio.c:  567 rtp_audio_process_capture()] (re)sync to timestamp:0 seq:24176 ts_offset:0 SSRC:3076146323
[W][13:55:50.427246] mod.rtp-sink | [         audio.c:  553 rtp_audio_process_capture()] timestamp: expected 128 != actual 0
[I][13:55:50.427258] mod.rtp-sink | [         audio.c:  567 rtp_audio_process_capture()] (re)sync to timestamp:0 seq:24178 ts_offset:0 SSRC:3076146323
[W][13:55:50.429739] mod.rtp-sink | [         audio.c:  553 rtp_audio_process_capture()] timestamp: expected 128 != actual 0
[I][13:55:50.429749] mod.rtp-sink | [         audio.c:  567 rtp_audio_process_capture()] (re)sync to timestamp:0 seq:24180 ts_offset:0 SSRC:3076146323
[W][13:55:50.432489] mod.rtp-sink | [         audio.c:  553 rtp_audio_process_capture()] timestamp: expected 128 != actual 0
[I][13:55:50.432502] mod.rtp-sink | [         audio.c:  567 rtp_audio_process_capture()] (re)sync to timestamp:0 seq:24182 ts_offset:0 SSRC:3076146323
[W][13:55:50.435231] mod.rtp-sink | [         audio.c:  553 rtp_audio_process_capture()] timestamp: expected 128 != actual 0
[I][13:55:50.435241] mod.rtp-sink | [         audio.c:  567 rtp_audio_process_capture()] (re)sync to timestamp:0 seq:24184 ts_offset:0 SSRC:3076146323
[W][13:55:50.437726] mod.rtp-sink | [         audio.c:  553 rtp_audio_process_capture()] timestamp: expected 128 != actual 0
[I][13:55:50.437734] mod.rtp-sink | [         audio.c:  567 rtp_audio_process_capture()] (re)sync to timestamp:0 seq:24186 ts_offset:0 SSRC:3076146323
[W][13:55:50.440475] mod.rtp-sink | [         audio.c:  553 rtp_audio_process_capture()] timestamp: expected 128 != actual 0
[I][13:55:50.440480] mod.rtp-sink | [         audio.c:  567 rtp_audio_process_capture()] (re)sync to timestamp:0 seq:24188 ts_offset:0 SSRC:3076146323
[W][13:55:50.443234] mod.rtp-sink | [         audio.c:  553 rtp_audio_process_capture()] timestamp: expected 128 != actual 0
[I][13:55:50.443245] mod.rtp-sink | [         audio.c:  567 rtp_audio_process_capture()] (re)sync to timestamp:0 seq:24190 ts_offset:0 SSRC:3076146323
[W][13:55:50.445734] mod.rtp-sink | [         audio.c:  553 rtp_audio_process_capture()] timestamp: expected 128 != actual 0
[I][13:55:50.445745] mod.rtp-sink | [         audio.c:  567 rtp_audio_process_capture()] (re)sync to timestamp:0 seq:24192 ts_offset:0 SSRC:3076146323
[W][13:55:50.448480] mod.rtp-sink | [         audio.c:  553 rtp_audio_process_capture()] timestamp: expected 128 != actual 0
[I][13:55:50.448490] mod.rtp-sink | [         audio.c:  567 rtp_audio_process_capture()] (re)sync to timestamp:0 seq:24194 ts_offset:0 SSRC:3076146323
[W][13:55:50.451226] mod.rtp-sink | [         audio.c:  553 rtp_audio_process_capture()] timestamp: expected 128 != actual 0
[I][13:55:50.451235] mod.rtp-sink | [         audio.c:  567 rtp_audio_process_capture()] (re)sync to timestamp:0 seq:24196 ts_offset:0 SSRC:3076146323
[W][13:55:50.453720] mod.rtp-sink | [         audio.c:  553 rtp_audio_process_capture()] timestamp: expected 128 != actual 0
[I][13:55:50.453726] mod.rtp-sink | [         audio.c:  567 rtp_audio_process_capture()] (re)sync to timestamp:0 seq:24198 ts_offset:0 SSRC:3076146323
[W][13:55:50.456466] mod.rtp-sink | [         audio.c:  553 rtp_audio_process_capture()] timestamp: expected 128 != actual 0
[I][13:55:50.456472] mod.rtp-sink | [         audio.c:  567 rtp_audio_process_capture()] (re)sync to timestamp:0 seq:24200 ts_offset:0 SSRC:3076146323
[W][13:55:50.459216] mod.rtp-sink | [         audio.c:  553 rtp_audio_process_capture()] timestamp: expected 128 != actual 0
[I][13:55:50.459221] mod.rtp-sink | [         audio.c:  567 rtp_audio_process_capture()] (re)sync to timestamp:0 seq:24202 ts_offset:0 SSRC:3076146323
[W][13:55:50.461727] mod.rtp-sink | [         audio.c:  553 rtp_audio_process_capture()] timestamp: expected 128 != actual 0
[I][13:55:50.461736] mod.rtp-sink | [         audio.c:  567 rtp_audio_process_capture()] (re)sync to timestamp:0 seq:24204 ts_offset:0 SSRC:3076146323
[W][13:55:50.464470] mod.rtp-sink | [         audio.c:  553 rtp_audio_process_capture()] timestamp: expected 128 != actual 0
[I][13:55:50.464480] mod.rtp-sink | [         audio.c:  567 rtp_audio_process_capture()] (re)sync to timestamp:0 seq:24206 ts_offset:0 SSRC:3076146323
[W][13:55:50.467218] mod.rtp-sink | [         audio.c:  553 rtp_audio_process_capture()] timestamp: expected 128 != actual 0
[I][13:55:50.467228] mod.rtp-sink | [         audio.c:  567 rtp_audio_process_capture()] (re)sync to timestamp:0 seq:24208 ts_offset:0 SSRC:3076146323
[W][13:55:50.469715] mod.rtp-sink | [         audio.c:  553 rtp_audio_process_capture()] timestamp: expected 128 != actual 0
[I][13:55:50.469723] mod.rtp-sink | [         audio.c:  567 rtp_audio_process_capture()] (re)sync to timestamp:0 seq:24210 ts_offset:0 SSRC:3076146323
[W][13:55:50.472459] mod.rtp-sink | [         audio.c:  553 rtp_audio_process_capture()] timestamp: expected 128 != actual 0
[I][13:55:50.472466] mod.rtp-sink | [         audio.c:  567 rtp_audio_process_capture()] (re)sync to timestamp:0 seq:24212 ts_offset:0 SSRC:3076146323
[W][13:55:50.475211] mod.rtp-sink | [         audio.c:  553 rtp_audio_process_capture()] timestamp: expected 128 != actual 0
[I][13:55:50.475217] mod.rtp-sink | [         audio.c:  567 rtp_audio_process_capture()] (re)sync to timestamp:0 seq:24214 ts_offset:0 SSRC:3076146323
[W][13:55:50.477972] mod.rtp-sink | [         audio.c:  553 rtp_audio_process_capture()] timestamp: expected 128 != actual 0
[I][13:55:50.477981] mod.rtp-sink | [         audio.c:  567 rtp_audio_process_capture()] (re)sync to timestamp:0 seq:24216 ts_offset:0 SSRC:3076146323
[W][13:55:50.480467] mod.rtp-sink | [         audio.c:  553 rtp_audio_process_capture()] timestamp: expected 128 != actual 0
[I][13:55:50.480480] mod.rtp-sink | [         audio.c:  567 rtp_audio_process_capture()] (re)sync to timestamp:0 seq:24218 ts_offset:0 SSRC:3076146323
[W][13:55:50.483211] mod.rtp-sink | [         audio.c:  553 rtp_audio_process_capture()] timestamp: expected 128 != actual 0
[I][13:55:50.483218] mod.rtp-sink | [         audio.c:  567 rtp_audio_process_capture()] (re)sync to timestamp:0 seq:24220 ts_offset:0 SSRC:3076146323
[W][13:55:50.485706] mod.rtp-sink | [         audio.c:  553 rtp_audio_process_capture()] timestamp: expected 128 != actual 0
[I][13:55:50.485712] mod.rtp-sink | [         audio.c:  567 rtp_audio_process_capture()] (re)sync to timestamp:0 seq:24222 ts_offset:0 SSRC:3076146323
[W][13:55:50.488457] mod.rtp-sink | [         audio.c:  553 rtp_audio_process_capture()] timestamp: expected 128 != actual 0
[I][13:55:50.488464] mod.rtp-sink | [         audio.c:  567 rtp_audio_process_capture()] (re)sync to timestamp:0 seq:24224 ts_offset:0 SSRC:3076146323
[W][13:55:50.491206] mod.rtp-sink | [         audio.c:  553 rtp_audio_process_capture()] timestamp: expected 128 != actual 0
[I][13:55:50.491213] mod.rtp-sink | [         audio.c:  567 rtp_audio_process_capture()] (re)sync to timestamp:0 seq:24226 ts_offset:0 SSRC:3076146323
[W][13:55:50.493713] mod.rtp-sink | [         audio.c:  553 rtp_audio_process_capture()] timestamp: expected 128 != actual 0
[I][13:55:50.493719] mod.rtp-sink | [         audio.c:  567 rtp_audio_process_capture()] (re)sync to timestamp:0 seq:24228 ts_offset:0 SSRC:3076146323
[W][13:55:50.496460] mod.rtp-sink | [         audio.c:  553 rtp_audio_process_capture()] timestamp: expected 128 != actual 0
[I][13:55:50.496470] mod.rtp-sink | [         audio.c:  567 rtp_audio_process_capture()] (re)sync to timestamp:0 seq:24230 ts_offset:0 SSRC:3076146323
[W][13:55:50.499211] mod.rtp-sink | [         audio.c:  553 rtp_audio_process_capture()] timestamp: expected 128 != actual 0
[I][13:55:50.499222] mod.rtp-sink | [         audio.c:  567 rtp_audio_process_capture()] (re)sync to timestamp:0 seq:24232 ts_offset:0 SSRC:3076146323
[W][13:55:50.501700] mod.rtp-sink | [         audio.c:  553 rtp_audio_process_capture()] timestamp: expected 128 != actual 0
[I][13:55:50.501707] mod.rtp-sink | [         audio.c:  567 rtp_audio_process_capture()] (re)sync to timestamp:0 seq:24234 ts_offset:0 SSRC:3076146323
[W][13:55:50.504443] mod.rtp-sink | [         audio.c:  553 rtp_audio_process_capture()] timestamp: expected 128 != actual 0
[I][13:55:50.504449] mod.rtp-sink | [         audio.c:  567 rtp_audio_process_capture()] (re)sync to timestamp:0 seq:24236 ts_offset:0 SSRC:3076146323
[W][13:55:50.507196] mod.rtp-sink | [         audio.c:  553 rtp_audio_process_capture()] timestamp: expected 128 != actual 0
[I][13:55:50.507202] mod.rtp-sink | [         audio.c:  567 rtp_audio_process_capture()] (re)sync to timestamp:0 seq:24238 ts_offset:0 SSRC:3076146323
[W][13:55:50.509946] mod.rtp-sink | [         audio.c:  553 rtp_audio_process_capture()] timestamp: expected 128 != actual 0
[I][13:55:50.509953] mod.rtp-sink | [         audio.c:  567 rtp_audio_process_capture()] (re)sync to timestamp:0 seq:24240 ts_offset:0 SSRC:3076146323
[W][13:55:50.512456] mod.rtp-sink | [         audio.c:  553 rtp_audio_process_capture()] timestamp: expected 128 != actual 0
[I][13:55:50.512471] mod.rtp-sink | [         audio.c:  567 rtp_audio_process_capture()] (re)sync to timestamp:0 seq:24242 ts_offset:0 SSRC:3076146323
[W][13:55:50.515194] mod.rtp-sink | [         audio.c:  553 rtp_audio_process_capture()] timestamp: expected 128 != actual 0
[I][13:55:50.515204] mod.rtp-sink | [         audio.c:  567 rtp_audio_process_capture()] (re)sync to timestamp:0 seq:24244 ts_offset:0 SSRC:3076146323
[W][13:55:50.517694] mod.rtp-sink | [         audio.c:  553 rtp_audio_process_capture()] timestamp: expected 128 != actual 0
[I][13:55:50.517702] mod.rtp-sink | [         audio.c:  567 rtp_audio_process_capture()] (re)sync to timestamp:0 seq:24246 ts_offset:0 SSRC:3076146323
[W][13:55:50.520439] mod.rtp-sink | [         audio.c:  553 rtp_audio_process_capture()] timestamp: expected 128 != actual 0
[I][13:55:50.520446] mod.rtp-sink | [         audio.c:  567 rtp_audio_process_capture()] (re)sync to timestamp:0 seq:24248 ts_offset:0 SSRC:3076146323
[W][13:55:50.523186] mod.rtp-sink | [         audio.c:  553 rtp_audio_process_capture()] timestamp: expected 128 != actual 0
[I][13:55:50.523192] mod.rtp-sink | [         audio.c:  567 rtp_audio_process_capture()] (re)sync to timestamp:0 seq:24250 ts_offset:0 SSRC:3076146323
[W][13:55:50.525941] mod.rtp-sink | [         audio.c:  553 rtp_audio_process_capture()] timestamp: expected 128 != actual 0
[I][13:55:50.525947] mod.rtp-sink | [         audio.c:  567 rtp_audio_process_capture()] (re)sync to timestamp:0 seq:24252 ts_offset:0 SSRC:3076146323
[W][13:55:50.528443] mod.rtp-sink | [         audio.c:  553 rtp_audio_process_capture()] timestamp: expected 128 != actual 0
[I][13:55:50.528450] mod.rtp-sink | [         audio.c:  567 rtp_audio_process_capture()] (re)sync to timestamp:0 seq:24254 ts_offset:0 SSRC:3076146323
[W][13:55:50.531197] mod.rtp-sink | [         audio.c:  553 rtp_audio_process_capture()] timestamp: expected 128 != actual 0
[I][13:55:50.531208] mod.rtp-sink | [         audio.c:  567 rtp_audio_process_capture()] (re)sync to timestamp:0 seq:24256 ts_offset:0 SSRC:3076146323
[W][13:55:50.533940] mod.rtp-sink | [         audio.c:  553 rtp_audio_process_capture()] timestamp: expected 128 != actual 0
[I][13:55:50.533951] mod.rtp-sink | [         audio.c:  567 rtp_audio_process_capture()] (re)sync to timestamp:0 seq:24258 ts_offset:0 SSRC:3076146323
[W][13:55:50.536437] mod.rtp-sink | [         audio.c:  553 rtp_audio_process_capture()] timestamp: expected 128 != actual 0
[I][13:55:50.536446] mod.rtp-sink | [         audio.c:  567 rtp_audio_process_capture()] (re)sync to timestamp:0 seq:24260 ts_offset:0 SSRC:3076146323
[W][13:55:50.539180] mod.rtp-sink | [         audio.c:  553 rtp_audio_process_capture()] timestamp: expected 128 != actual 0
[I][13:55:50.539188] mod.rtp-sink | [         audio.c:  567 rtp_audio_process_capture()] (re)sync to timestamp:0 seq:24262 ts_offset:0 SSRC:3076146323
[W][13:55:50.541928] mod.rtp-sink | [         audio.c:  553 rtp_audio_process_capture()] timestamp: expected 128 != actual 0
[I][13:55:50.541935] mod.rtp-sink | [         audio.c:  567 rtp_audio_process_capture()] (re)sync to timestamp:0 seq:24264 ts_offset:0 SSRC:3076146323
[W][13:55:50.544446] mod.rtp-sink | [         audio.c:  553 rtp_audio_process_capture()] timestamp: expected 128 != actual 0
[I][13:55:50.544457] mod.rtp-sink | [         audio.c:  567 rtp_audio_process_capture()] (re)sync to timestamp:0 seq:24266 ts_offset:0 SSRC:3076146323
[W][13:55:50.547185] mod.rtp-sink | [         audio.c:  553 rtp_audio_process_capture()] timestamp: expected 128 != actual 0
[I][13:55:50.547202] mod.rtp-sink | [         audio.c:  567 rtp_audio_process_capture()] (re)sync to timestamp:0 seq:24268 ts_offset:0 SSRC:3076146323
[W][13:55:50.549926] mod.rtp-sink | [         audio.c:  553 rtp_audio_process_capture()] timestamp: expected 128 != actual 0
[I][13:55:50.549937] mod.rtp-sink | [         audio.c:  567 rtp_audio_process_capture()] (re)sync to timestamp:0 seq:24270 ts_offset:0 SSRC:3076146323
[W][13:55:50.552429] mod.rtp-sink | [         audio.c:  553 rtp_audio_process_capture()] timestamp: expected 128 != actual 0
[I][13:55:50.552437] mod.rtp-sink | [         audio.c:  567 rtp_audio_process_capture()] (re)sync to timestamp:0 seq:24272 ts_offset:0 SSRC:3076146323
[W][13:55:50.555171] mod.rtp-sink | [         audio.c:  553 rtp_audio_process_capture()] timestamp: expected 128 != actual 0
[I][13:55:50.555179] mod.rtp-sink | [         audio.c:  567 rtp_audio_process_capture()] (re)sync to timestamp:0 seq:24274 ts_offset:0 SSRC:3076146323
[W][13:55:50.557921] mod.rtp-sink | [         audio.c:  553 rtp_audio_process_capture()] timestamp: expected 128 != actual 0
[I][13:55:50.557928] mod.rtp-sink | [         audio.c:  567 rtp_audio_process_capture()] (re)sync to timestamp:0 seq:24276 ts_offset:0 SSRC:3076146323
[W][13:55:50.560437] mod.rtp-sink | [         audio.c:  553 rtp_audio_process_capture()] timestamp: expected 128 != actual 0
[I][13:55:50.560449] mod.rtp-sink | [         audio.c:  567 rtp_audio_process_capture()] (re)sync to timestamp:0 seq:24278 ts_offset:0 SSRC:3076146323
[W][13:55:50.563193] mod.rtp-sink | [         audio.c:  553 rtp_audio_process_capture()] timestamp: expected 128 != actual 0
[I][13:55:50.563207] mod.rtp-sink | [         audio.c:  567 rtp_audio_process_capture()] (re)sync to timestamp:0 seq:24280 ts_offset:0 SSRC:3076146323
[W][13:55:50.565922] mod.rtp-sink | [         audio.c:  553 rtp_audio_process_capture()] timestamp: expected 128 != actual 0
[I][13:55:50.565934] mod.rtp-sink | [         audio.c:  567 rtp_audio_process_capture()] (re)sync to timestamp:0 seq:24282 ts_offset:0 SSRC:3076146323
[W][13:55:50.568420] mod.rtp-sink | [         audio.c:  553 rtp_audio_process_capture()] timestamp: expected 128 != actual 0
[I][13:55:50.568430] mod.rtp-sink | [         audio.c:  567 rtp_audio_process_capture()] (re)sync to timestamp:0 seq:24284 ts_offset:0 SSRC:3076146323
[W][13:55:50.571165] mod.rtp-sink | [         audio.c:  553 rtp_audio_process_capture()] timestamp: expected 128 != actual 0
[I][13:55:50.571172] mod.rtp-sink | [         audio.c:  567 rtp_audio_process_capture()] (re)sync to timestamp:0 seq:24286 ts_offset:0 SSRC:3076146323
[W][13:55:50.573914] mod.rtp-sink | [         audio.c:  553 rtp_audio_process_capture()] timestamp: expected 128 != actual 0
[I][13:55:50.573921] mod.rtp-sink | [         audio.c:  567 rtp_audio_process_capture()] (re)sync to timestamp:0 seq:24288 ts_offset:0 SSRC:3076146323
[W][13:55:50.576414] mod.rtp-sink | [         audio.c:  553 rtp_audio_process_capture()] timestamp: expected 128 != actual 0
[I][13:55:50.576421] mod.rtp-sink | [         audio.c:  567 rtp_audio_process_capture()] (re)sync to timestamp:0 seq:24290 ts_offset:0 SSRC:3076146323
[W][13:55:50.579181] mod.rtp-sink | [         audio.c:  553 rtp_audio_process_capture()] timestamp: expected 128 != actual 0
[I][13:55:50.579192] mod.rtp-sink | [         audio.c:  567 rtp_audio_process_capture()] (re)sync to timestamp:0 seq:24292 ts_offset:0 SSRC:3076146323
[W][13:55:50.581919] mod.rtp-sink | [         audio.c:  553 rtp_audio_process_capture()] timestamp: expected 128 != actual 0
[I][13:55:50.581931] mod.rtp-sink | [         audio.c:  567 rtp_audio_process_capture()] (re)sync to timestamp:0 seq:24294 ts_offset:0 SSRC:3076146323
[W][13:55:50.584413] mod.rtp-sink | [         audio.c:  553 rtp_audio_process_capture()] timestamp: expected 128 != actual 0
[I][13:55:50.584421] mod.rtp-sink | [         audio.c:  567 rtp_audio_process_capture()] (re)sync to timestamp:0 seq:24296 ts_offset:0 SSRC:3076146323
[W][13:55:50.587167] mod.rtp-sink | [         audio.c:  553 rtp_audio_process_capture()] timestamp: expected 128 != actual 0
[I][13:55:50.587175] mod.rtp-sink | [         audio.c:  567 rtp_audio_process_capture()] (re)sync to timestamp:0 seq:24298 ts_offset:0 SSRC:3076146323
[W][13:55:50.589906] mod.rtp-sink | [         audio.c:  553 rtp_audio_process_capture()] timestamp: expected 128 != actual 0
[I][13:55:50.589912] mod.rtp-sink | [         audio.c:  567 rtp_audio_process_capture()] (re)sync to timestamp:0 seq:24300 ts_offset:0 SSRC:3076146323
[W][13:55:50.592410] mod.rtp-sink | [         audio.c:  553 rtp_audio_process_capture()] timestamp: expected 128 != actual 0
[I][13:55:50.592418] mod.rtp-sink | [         audio.c:  567 rtp_audio_process_capture()] (re)sync to timestamp:0 seq:24302 ts_offset:0 SSRC:3076146323
[W][13:55:50.595187] mod.rtp-sink | [         audio.c:  553 rtp_audio_process_capture()] timestamp: expected 128 != actual 0
[I][13:55:50.595196] mod.rtp-sink | [         audio.c:  567 rtp_audio_process_capture()] (re)sync to timestamp:0 seq:24304 ts_offset:0 SSRC:3076146323
[W][13:55:50.597914] mod.rtp-sink | [         audio.c:  553 rtp_audio_process_capture()] timestamp: expected 128 != actual 0
[I][13:55:50.597924] mod.rtp-sink | [         audio.c:  567 rtp_audio_process_capture()] (re)sync to timestamp:0 seq:24306 ts_offset:0 SSRC:3076146323
[W][13:55:50.600426] mod.rtp-sink | [         audio.c:  553 rtp_audio_process_capture()] timestamp: expected 128 != actual 0
[I][13:55:50.600446] mod.rtp-sink | [         audio.c:  567 rtp_audio_process_capture()] (re)sync to timestamp:0 seq:24308 ts_offset:0 SSRC:3076146323
[W][13:55:50.603173] mod.rtp-sink | [         audio.c:  553 rtp_audio_process_capture()] timestamp: expected 128 != actual 0
[I][13:55:50.603189] mod.rtp-sink | [         audio.c:  567 rtp_audio_process_capture()] (re)sync to timestamp:0 seq:24310 ts_offset:0 SSRC:3076146323
[W][13:55:50.605921] mod.rtp-sink | [         audio.c:  553 rtp_audio_process_capture()] timestamp: expected 128 != actual 0
[I][13:55:50.605938] mod.rtp-sink | [         audio.c:  567 rtp_audio_process_capture()] (re)sync to timestamp:0 seq:24312 ts_offset:0 SSRC:3076146323
[W][13:55:50.608415] mod.rtp-sink | [         audio.c:  553 rtp_audio_process_capture()] timestamp: expected 128 != actual 0
[I][13:55:50.608429] mod.rtp-sink | [         audio.c:  567 rtp_audio_process_capture()] (re)sync to timestamp:0 seq:24314 ts_offset:0 SSRC:3076146323
[W][13:55:50.611177] mod.rtp-sink | [         audio.c:  553 rtp_audio_process_capture()] timestamp: expected 128 != actual 0
[I][13:55:50.611192] mod.rtp-sink | [         audio.c:  567 rtp_audio_process_capture()] (re)sync to timestamp:0 seq:24316 ts_offset:0 SSRC:3076146323
[W][13:55:50.613914] mod.rtp-sink | [         audio.c:  553 rtp_audio_process_capture()] timestamp: expected 128 != actual 0
[I][13:55:50.613930] mod.rtp-sink | [         audio.c:  567 rtp_audio_process_capture()] (re)sync to timestamp:0 seq:24318 ts_offset:0 SSRC:3076146323
[W][13:55:50.616411] mod.rtp-sink | [         audio.c:  553 rtp_audio_process_capture()] timestamp: expected 128 != actual 0
[I][13:55:50.616424] mod.rtp-sink | [         audio.c:  567 rtp_audio_process_capture()] (re)sync to timestamp:0 seq:24320 ts_offset:0 SSRC:3076146323
[W][13:55:50.619167] mod.rtp-sink | [         audio.c:  553 rtp_audio_process_capture()] timestamp: expected 128 != actual 0
[I][13:55:50.619180] mod.rtp-sink | [         audio.c:  567 rtp_audio_process_capture()] (re)sync to timestamp:0 seq:24322 ts_offset:0 SSRC:3076146323
[W][13:55:50.621907] mod.rtp-sink | [         audio.c:  553 rtp_audio_process_capture()] timestamp: expected 128 != actual 0
[I][13:55:50.621919] mod.rtp-sink | [         audio.c:  567 rtp_audio_process_capture()] (re)sync to timestamp:0 seq:24324 ts_offset:0 SSRC:3076146323
[W][13:55:50.624399] mod.rtp-sink | [         audio.c:  553 rtp_audio_process_capture()] timestamp: expected 128 != actual 0
[I][13:55:50.624412] mod.rtp-sink | [         audio.c:  567 rtp_audio_process_capture()] (re)sync to timestamp:0 seq:24326 ts_offset:0 SSRC:3076146323
[W][13:55:50.627155] mod.rtp-sink | [         audio.c:  553 rtp_audio_process_capture()] timestamp: expected 128 != actual 0
[I][13:55:50.627167] mod.rtp-sink | [         audio.c:  567 rtp_audio_process_capture()] (re)sync to timestamp:0 seq:24328 ts_offset:0 SSRC:3076146323
[W][13:55:50.629896] mod.rtp-sink | [         audio.c:  553 rtp_audio_process_capture()] timestamp: expected 128 != actual 0
[I][13:55:50.629907] mod.rtp-sink | [         audio.c:  567 rtp_audio_process_capture()] (re)sync to timestamp:0 seq:24330 ts_offset:0 SSRC:3076146323
[W][13:55:50.632405] mod.rtp-sink | [         audio.c:  553 rtp_audio_process_capture()] timestamp: expected 128 != actual 0
[I][13:55:50.632424] mod.rtp-sink | [         audio.c:  567 rtp_audio_process_capture()] (re)sync to timestamp:0 seq:24332 ts_offset:0 SSRC:3076146323
[W][13:55:50.635164] mod.rtp-sink | [         audio.c:  553 rtp_audio_process_capture()] timestamp: expected 128 != actual 0
[I][13:55:50.635187] mod.rtp-sink | [         audio.c:  567 rtp_audio_process_capture()] (re)sync to timestamp:0 seq:24334 ts_offset:0 SSRC:3076146323
[W][13:55:50.637900] mod.rtp-sink | [         audio.c:  553 rtp_audio_process_capture()] timestamp: expected 128 != actual 0
[I][13:55:50.637913] mod.rtp-sink | [         audio.c:  567 rtp_audio_process_capture()] (re)sync to timestamp:0 seq:24336 ts_offset:0 SSRC:3076146323
[W][13:55:50.640393] mod.rtp-sink | [         audio.c:  553 rtp_audio_process_capture()] timestamp: expected 128 != actual 0
[I][13:55:50.640413] mod.rtp-sink | [         audio.c:  567 rtp_audio_process_capture()] (re)sync to timestamp:0 seq:24338 ts_offset:0 SSRC:3076146323
[W][13:55:50.643183] mod.rtp-sink | [         audio.c:  553 rtp_audio_process_capture()] timestamp: expected 128 != actual 0
[I][13:55:50.643207] mod.rtp-sink | [         audio.c:  567 rtp_audio_process_capture()] (re)sync to timestamp:0 seq:24340 ts_offset:0 SSRC:3076146323
[W][13:55:50.645887] mod.rtp-sink | [         audio.c:  553 rtp_audio_process_capture()] timestamp: expected 128 != actual 0
[I][13:55:50.645900] mod.rtp-sink | [         audio.c:  567 rtp_audio_process_capture()] (re)sync to timestamp:0 seq:24342 ts_offset:0 SSRC:3076146323
[W][13:55:50.648384] mod.rtp-sink | [         audio.c:  553 rtp_audio_process_capture()] timestamp: expected 128 != actual 0
[I][13:55:50.648392] mod.rtp-sink | [         audio.c:  567 rtp_audio_process_capture()] (re)sync to timestamp:0 seq:24344 ts_offset:0 SSRC:3076146323
[W][13:55:50.651146] mod.rtp-sink | [         audio.c:  553 rtp_audio_process_capture()] timestamp: expected 128 != actual 0
[I][13:55:50.651158] mod.rtp-sink | [         audio.c:  567 rtp_audio_process_capture()] (re)sync to timestamp:0 seq:24346 ts_offset:0 SSRC:3076146323
[W][13:55:50.653895] mod.rtp-sink | [         audio.c:  553 rtp_audio_process_capture()] timestamp: expected 128 != actual 0
[I][13:55:50.653915] mod.rtp-sink | [         audio.c:  567 rtp_audio_process_capture()] (re)sync to timestamp:0 seq:24348 ts_offset:0 SSRC:3076146323
[W][13:55:50.656382] mod.rtp-sink | [         audio.c:  553 rtp_audio_process_capture()] timestamp: expected 128 != actual 0
[I][13:55:50.656401] mod.rtp-sink | [         audio.c:  567 rtp_audio_process_capture()] (re)sync to timestamp:0 seq:24350 ts_offset:0 SSRC:3076146323
[W][13:55:50.659132] mod.rtp-sink | [         audio.c:  553 rtp_audio_process_capture()] timestamp: expected 128 != actual 0
[I][13:55:50.659160] mod.rtp-sink | [         audio.c:  567 rtp_audio_process_capture()] (re)sync to timestamp:0 seq:24352 ts_offset:0 SSRC:3076146323
[W][13:55:50.661879] mod.rtp-sink | [         audio.c:  553 rtp_audio_process_capture()] timestamp: expected 128 != actual 0
[I][13:55:50.661889] mod.rtp-sink | [         audio.c:  567 rtp_audio_process_capture()] (re)sync to timestamp:0 seq:24354 ts_offset:0 SSRC:3076146323
[W][13:55:50.664377] mod.rtp-sink | [         audio.c:  553 rtp_audio_process_capture()] timestamp: expected 128 != actual 0
[I][13:55:50.664388] mod.rtp-sink | [         audio.c:  567 rtp_audio_process_capture()] (re)sync to timestamp:0 seq:24356 ts_offset:0 SSRC:3076146323
[W][13:55:50.667119] mod.rtp-sink | [         audio.c:  553 rtp_audio_process_capture()] timestamp: expected 128 != actual 0
[I][13:55:50.667129] mod.rtp-sink | [         audio.c:  567 rtp_audio_process_capture()] (re)sync to timestamp:0 seq:24358 ts_offset:0 SSRC:3076146323
[W][13:55:50.669867] mod.rtp-sink | [         audio.c:  553 rtp_audio_process_capture()] timestamp: expected 128 != actual 0
[I][13:55:50.669873] mod.rtp-sink | [         audio.c:  567 rtp_audio_process_capture()] (re)sync to timestamp:0 seq:24360 ts_offset:0 SSRC:3076146323
[W][13:55:50.672369] mod.rtp-sink | [         audio.c:  553 rtp_audio_process_capture()] timestamp: expected 128 != actual 0
[I][13:55:50.672374] mod.rtp-sink | [         audio.c:  567 rtp_audio_process_capture()] (re)sync to timestamp:0 seq:24362 ts_offset:0 SSRC:3076146323
[W][13:55:50.675115] mod.rtp-sink | [         audio.c:  553 rtp_audio_process_capture()] timestamp: expected 128 != actual 0
[I][13:55:50.675120] mod.rtp-sink | [         audio.c:  567 rtp_audio_process_capture()] (re)sync to timestamp:0 seq:24364 ts_offset:0 SSRC:3076146323
[W][13:55:50.677878] mod.rtp-sink | [         audio.c:  553 rtp_audio_process_capture()] timestamp: expected 128 != actual 0
[I][13:55:50.677888] mod.rtp-sink | [         audio.c:  567 rtp_audio_process_capture()] (re)sync to timestamp:0 seq:24366 ts_offset:0 SSRC:3076146323
[W][13:55:50.680372] mod.rtp-sink | [         audio.c:  553 rtp_audio_process_capture()] timestamp: expected 128 != actual 0
[I][13:55:50.680388] mod.rtp-sink | [         audio.c:  567 rtp_audio_process_capture()] (re)sync to timestamp:0 seq:24368 ts_offset:0 SSRC:3076146323
[W][13:55:50.683118] mod.rtp-sink | [         audio.c:  553 rtp_audio_process_capture()] timestamp: expected 128 != actual 0
[I][13:55:50.683128] mod.rtp-sink | [         audio.c:  567 rtp_audio_process_capture()] (re)sync to timestamp:0 seq:24370 ts_offset:0 SSRC:3076146323
[W][13:55:50.685860] mod.rtp-sink | [         audio.c:  553 rtp_audio_process_capture()] timestamp: expected 128 != actual 0
[I][13:55:50.685867] mod.rtp-sink | [         audio.c:  567 rtp_audio_process_capture()] (re)sync to timestamp:0 seq:24372 ts_offset:0 SSRC:3076146323
[W][13:55:50.688361] mod.rtp-sink | [         audio.c:  553 rtp_audio_process_capture()] timestamp: expected 128 != actual 0
[I][13:55:50.688369] mod.rtp-sink | [         audio.c:  567 rtp_audio_process_capture()] (re)sync to timestamp:0 seq:24374 ts_offset:0 SSRC:3076146323
[W][13:55:50.691105] mod.rtp-sink | [         audio.c:  553 rtp_audio_process_capture()] timestamp: expected 128 != actual 0
[I][13:55:50.691112] mod.rtp-sink | [         audio.c:  567 rtp_audio_process_capture()] (re)sync to timestamp:0 seq:24376 ts_offset:0 SSRC:3076146323
[W][13:55:50.693870] mod.rtp-sink | [         audio.c:  553 rtp_audio_process_capture()] timestamp: expected 128 != actual 0
[I][13:55:50.693896] mod.rtp-sink | [         audio.c:  567 rtp_audio_process_capture()] (re)sync to timestamp:0 seq:24378 ts_offset:0 SSRC:3076146323
[W][13:55:50.696617] mod.rtp-sink | [         audio.c:  553 rtp_audio_process_capture()] timestamp: expected 128 != actual 0
[I][13:55:50.696630] mod.rtp-sink | [         audio.c:  567 rtp_audio_process_capture()] (re)sync to timestamp:0 seq:24380 ts_offset:0 SSRC:3076146323
[W][13:55:50.699110] mod.rtp-sink | [         audio.c:  553 rtp_audio_process_capture()] timestamp: expected 128 != actual 0
[I][13:55:50.699121] mod.rtp-sink | [         audio.c:  567 rtp_audio_process_capture()] (re)sync to timestamp:0 seq:24382 ts_offset:0 SSRC:3076146323
[W][13:55:50.701851] mod.rtp-sink | [         audio.c:  553 rtp_audio_process_capture()] timestamp: expected 128 != actual 0
[I][13:55:50.701860] mod.rtp-sink | [         audio.c:  567 rtp_audio_process_capture()] (re)sync to timestamp:0 seq:24384 ts_offset:0 SSRC:3076146323
[W][13:55:50.704604] mod.rtp-sink | [         audio.c:  553 rtp_audio_process_capture()] timestamp: expected 128 != actual 0
[I][13:55:50.704612] mod.rtp-sink | [         audio.c:  567 rtp_audio_process_capture()] (re)sync to timestamp:0 seq:24386 ts_offset:0 SSRC:3076146323
[W][13:55:50.707102] mod.rtp-sink | [         audio.c:  553 rtp_audio_process_capture()] timestamp: expected 128 != actual 0
[I][13:55:50.707109] mod.rtp-sink | [         audio.c:  567 rtp_audio_process_capture()] (re)sync to timestamp:0 seq:24388 ts_offset:0 SSRC:3076146323
[W][13:55:50.709847] mod.rtp-sink | [         audio.c:  553 rtp_audio_process_capture()] timestamp: expected 128 != actual 0
[I][13:55:50.709854] mod.rtp-sink | [         audio.c:  567 rtp_audio_process_capture()] (re)sync to timestamp:0 seq:24390 ts_offset:0 SSRC:3076146323
[W][13:55:50.712609] mod.rtp-sink | [         audio.c:  553 rtp_audio_process_capture()] timestamp: expected 128 != actual 0
[I][13:55:50.712619] mod.rtp-sink | [         audio.c:  567 rtp_audio_process_capture()] (re)sync to timestamp:0 seq:24392 ts_offset:0 SSRC:3076146323
[W][13:55:50.715101] mod.rtp-sink | [         audio.c:  553 rtp_audio_process_capture()] timestamp: expected 128 != actual 0
[I][13:55:50.715112] mod.rtp-sink | [         audio.c:  567 rtp_audio_process_capture()] (re)sync to timestamp:0 seq:24394 ts_offset:0 SSRC:3076146323
[W][13:55:50.717845] mod.rtp-sink | [         audio.c:  553 rtp_audio_process_capture()] timestamp: expected 128 != actual 0
[I][13:55:50.717855] mod.rtp-sink | [         audio.c:  567 rtp_audio_process_capture()] (re)sync to timestamp:0 seq:24396 ts_offset:0 SSRC:3076146323
[W][13:55:50.720594] mod.rtp-sink | [         audio.c:  553 rtp_audio_process_capture()] timestamp: expected 128 != actual 0
[I][13:55:50.720600] mod.rtp-sink | [         audio.c:  567 rtp_audio_process_capture()] (re)sync to timestamp:0 seq:24398 ts_offset:0 SSRC:3076146323
[W][13:55:50.723094] mod.rtp-sink | [         audio.c:  553 rtp_audio_process_capture()] timestamp: expected 128 != actual 0
[I][13:55:50.723100] mod.rtp-sink | [         audio.c:  567 rtp_audio_process_capture()] (re)sync to timestamp:0 seq:24400 ts_offset:0 SSRC:3076146323
[W][13:55:50.725844] mod.rtp-sink | [         audio.c:  553 rtp_audio_process_capture()] timestamp: expected 128 != actual 0
[I][13:55:50.725852] mod.rtp-sink | [         audio.c:  567 rtp_audio_process_capture()] (re)sync to timestamp:0 seq:24402 ts_offset:0 SSRC:3076146323
[W][13:55:50.728602] mod.rtp-sink | [         audio.c:  553 rtp_audio_process_capture()] timestamp: expected 128 != actual 0
[I][13:55:50.728614] mod.rtp-sink | [         audio.c:  567 rtp_audio_process_capture()] (re)sync to timestamp:0 seq:24404 ts_offset:0 SSRC:3076146323
[W][13:55:50.731100] mod.rtp-sink | [         audio.c:  553 rtp_audio_process_capture()] timestamp: expected 128 != actual 0
[I][13:55:50.731111] mod.rtp-sink | [         audio.c:  567 rtp_audio_process_capture()] (re)sync to timestamp:0 seq:24406 ts_offset:0 SSRC:3076146323
[W][13:55:50.733843] mod.rtp-sink | [         audio.c:  553 rtp_audio_process_capture()] timestamp: expected 128 != actual 0
[I][13:55:50.733852] mod.rtp-sink | [         audio.c:  567 rtp_audio_process_capture()] (re)sync to timestamp:0 seq:24408 ts_offset:0 SSRC:3076146323
[W][13:55:50.736588] mod.rtp-sink | [         audio.c:  553 rtp_audio_process_capture()] timestamp: expected 128 != actual 0
[I][13:55:50.736594] mod.rtp-sink | [         audio.c:  567 rtp_audio_process_capture()] (re)sync to timestamp:0 seq:24410 ts_offset:0 SSRC:3076146323
[W][13:55:50.739086] mod.rtp-sink | [         audio.c:  553 rtp_audio_process_capture()] timestamp: expected 128 != actual 0
[I][13:55:50.739093] mod.rtp-sink | [         audio.c:  567 rtp_audio_process_capture()] (re)sync to timestamp:0 seq:24412 ts_offset:0 SSRC:3076146323
[W][13:55:50.741832] mod.rtp-sink | [         audio.c:  553 rtp_audio_process_capture()] timestamp: expected 128 != actual 0
[I][13:55:50.741838] mod.rtp-sink | [         audio.c:  567 rtp_audio_process_capture()] (re)sync to timestamp:0 seq:24414 ts_offset:0 SSRC:3076146323
[W][13:55:50.744598] mod.rtp-sink | [         audio.c:  553 rtp_audio_process_capture()] timestamp: expected 128 != actual 0
[I][13:55:50.744610] mod.rtp-sink | [         audio.c:  567 rtp_audio_process_capture()] (re)sync to timestamp:0 seq:24416 ts_offset:0 SSRC:3076146323
[W][13:55:50.747093] mod.rtp-sink | [         audio.c:  553 rtp_audio_process_capture()] timestamp: expected 128 != actual 0
[I][13:55:50.747106] mod.rtp-sink | [         audio.c:  567 rtp_audio_process_capture()] (re)sync to timestamp:0 seq:24418 ts_offset:0 SSRC:3076146323
[W][13:55:50.749836] mod.rtp-sink | [         audio.c:  553 rtp_audio_process_capture()] timestamp: expected 128 != actual 0
[I][13:55:50.749846] mod.rtp-sink | [         audio.c:  567 rtp_audio_process_capture()] (re)sync to timestamp:0 seq:24420 ts_offset:0 SSRC:3076146323
[W][13:55:50.752582] mod.rtp-sink | [         audio.c:  553 rtp_audio_process_capture()] timestamp: expected 128 != actual 0
[I][13:55:50.752589] mod.rtp-sink | [         audio.c:  567 rtp_audio_process_capture()] (re)sync to timestamp:0 seq:24422 ts_offset:0 SSRC:3076146323
[W][13:55:50.755078] mod.rtp-sink | [         audio.c:  553 rtp_audio_process_capture()] timestamp: expected 128 != actual 0
[I][13:55:50.755084] mod.rtp-sink | [         audio.c:  567 rtp_audio_process_capture()] (re)sync to timestamp:0 seq:24424 ts_offset:0 SSRC:3076146323
[W][13:55:50.757825] mod.rtp-sink | [         audio.c:  553 rtp_audio_process_capture()] timestamp: expected 128 != actual 0
[I][13:55:50.757830] mod.rtp-sink | [         audio.c:  567 rtp_audio_process_capture()] (re)sync to timestamp:0 seq:24426 ts_offset:0 SSRC:3076146323
[W][13:55:50.760586] mod.rtp-sink | [         audio.c:  553 rtp_audio_process_capture()] timestamp: expected 128 != actual 0
[I][13:55:50.760596] mod.rtp-sink | [         audio.c:  567 rtp_audio_process_capture()] (re)sync to timestamp:0 seq:24428 ts_offset:0 SSRC:3076146323
[W][13:55:50.763089] mod.rtp-sink | [         audio.c:  553 rtp_audio_process_capture()] timestamp: expected 128 != actual 0
[I][13:55:50.763101] mod.rtp-sink | [         audio.c:  567 rtp_audio_process_capture()] (re)sync to timestamp:0 seq:24430 ts_offset:0 SSRC:3076146323
[W][13:55:50.765832] mod.rtp-sink | [         audio.c:  553 rtp_audio_process_capture()] timestamp: expected 128 != actual 0
[I][13:55:50.765842] mod.rtp-sink | [         audio.c:  567 rtp_audio_process_capture()] (re)sync to timestamp:0 seq:24432 ts_offset:0 SSRC:3076146323
[W][13:55:50.768581] mod.rtp-sink | [         audio.c:  553 rtp_audio_process_capture()] timestamp: expected 128 != actual 0
[I][13:55:50.768591] mod.rtp-sink | [         audio.c:  567 rtp_audio_process_capture()] (re)sync to timestamp:0 seq:24434 ts_offset:0 SSRC:3076146323
[W][13:55:50.771073] mod.rtp-sink | [         audio.c:  553 rtp_audio_process_capture()] timestamp: expected 128 != actual 0
[I][13:55:50.771080] mod.rtp-sink | [         audio.c:  567 rtp_audio_process_capture()] (re)sync to timestamp:0 seq:24436 ts_offset:0 SSRC:3076146323
[W][13:55:50.773817] mod.rtp-sink | [         audio.c:  553 rtp_audio_process_capture()] timestamp: expected 128 != actual 0
[I][13:55:50.773823] mod.rtp-sink | [         audio.c:  567 rtp_audio_process_capture()] (re)sync to timestamp:0 seq:24438 ts_offset:0 SSRC:3076146323
[W][13:55:50.776579] mod.rtp-sink | [         audio.c:  553 rtp_audio_process_capture()] timestamp: expected 128 != actual 0
[I][13:55:50.776588] mod.rtp-sink | [         audio.c:  567 rtp_audio_process_capture()] (re)sync to timestamp:0 seq:24440 ts_offset:0 SSRC:3076146323
[W][13:55:50.779076] mod.rtp-sink | [         audio.c:  553 rtp_audio_process_capture()] timestamp: expected 128 != actual 0
[I][13:55:50.779086] mod.rtp-sink | [         audio.c:  567 rtp_audio_process_capture()] (re)sync to timestamp:0 seq:24442 ts_offset:0 SSRC:3076146323
[W][13:55:50.781820] mod.rtp-sink | [         audio.c:  553 rtp_audio_process_capture()] timestamp: expected 128 != actual 0
[I][13:55:50.781831] mod.rtp-sink | [         audio.c:  567 rtp_audio_process_capture()] (re)sync to timestamp:0 seq:24444 ts_offset:0 SSRC:3076146323
[W][13:55:50.784569] mod.rtp-sink | [         audio.c:  553 rtp_audio_process_capture()] timestamp: expected 128 != actual 0
[I][13:55:50.784577] mod.rtp-sink | [         audio.c:  567 rtp_audio_process_capture()] (re)sync to timestamp:0 seq:24446 ts_offset:0 SSRC:3076146323
[W][13:55:50.787071] mod.rtp-sink | [         audio.c:  553 rtp_audio_process_capture()] timestamp: expected 128 != actual 0
[I][13:55:50.787078] mod.rtp-sink | [         audio.c:  567 rtp_audio_process_capture()] (re)sync to timestamp:0 seq:24448 ts_offset:0 SSRC:3076146323
[W][13:55:50.789809] mod.rtp-sink | [         audio.c:  553 rtp_audio_process_capture()] timestamp: expected 128 != actual 0
[I][13:55:50.789817] mod.rtp-sink | [         audio.c:  567 rtp_audio_process_capture()] (re)sync to timestamp:0 seq:24450 ts_offset:0 SSRC:3076146323
[W][13:55:50.792563] mod.rtp-sink | [         audio.c:  553 rtp_audio_process_capture()] timestamp: expected 128 != actual 0
[I][13:55:50.792571] mod.rtp-sink | [         audio.c:  567 rtp_audio_process_capture()] (re)sync to timestamp:0 seq:24452 ts_offset:0 SSRC:3076146323
[W][13:55:50.795067] mod.rtp-sink | [         audio.c:  553 rtp_audio_process_capture()] timestamp: expected 128 != actual 0
[I][13:55:50.795077] mod.rtp-sink | [         audio.c:  567 rtp_audio_process_capture()] (re)sync to timestamp:0 seq:24454 ts_offset:0 SSRC:3076146323
[W][13:55:50.797810] mod.rtp-sink | [         audio.c:  553 rtp_audio_process_capture()] timestamp: expected 128 != actual 0
[I][13:55:50.797822] mod.rtp-sink | [         audio.c:  567 rtp_audio_process_capture()] (re)sync to timestamp:0 seq:24456 ts_offset:0 SSRC:3076146323
[W][13:55:50.800559] mod.rtp-sink | [         audio.c:  553 rtp_audio_process_capture()] timestamp: expected 128 != actual 0
[I][13:55:50.800568] mod.rtp-sink | [         audio.c:  567 rtp_audio_process_capture()] (re)sync to timestamp:0 seq:24458 ts_offset:0 SSRC:3076146323
[W][13:55:50.803056] mod.rtp-sink | [         audio.c:  553 rtp_audio_process_capture()] timestamp: expected 128 != actual 0
[I][13:55:50.803063] mod.rtp-sink | [         audio.c:  567 rtp_audio_process_capture()] (re)sync to timestamp:0 seq:24460 ts_offset:0 SSRC:3076146323
[W][13:55:50.805803] mod.rtp-sink | [         audio.c:  553 rtp_audio_process_capture()] timestamp: expected 128 != actual 0
[I][13:55:50.805810] mod.rtp-sink | [         audio.c:  567 rtp_audio_process_capture()] (re)sync to timestamp:0 seq:24462 ts_offset:0 SSRC:3076146323
[W][13:55:50.808553] mod.rtp-sink | [         audio.c:  553 rtp_audio_process_capture()] timestamp: expected 128 != actual 0
[I][13:55:50.808560] mod.rtp-sink | [         audio.c:  567 rtp_audio_process_capture()] (re)sync to timestamp:0 seq:24464 ts_offset:0 SSRC:3076146323
[W][13:55:50.811063] mod.rtp-sink | [         audio.c:  553 rtp_audio_process_capture()] timestamp: expected 128 != actual 0
[I][13:55:50.811073] mod.rtp-sink | [         audio.c:  567 rtp_audio_process_capture()] (re)sync to timestamp:0 seq:24466 ts_offset:0 SSRC:3076146323
[W][13:55:50.813809] mod.rtp-sink | [         audio.c:  553 rtp_audio_process_capture()] timestamp: expected 128 != actual 0
[I][13:55:50.813822] mod.rtp-sink | [         audio.c:  567 rtp_audio_process_capture()] (re)sync to timestamp:0 seq:24468 ts_offset:0 SSRC:3076146323
[W][13:55:50.816555] mod.rtp-sink | [         audio.c:  553 rtp_audio_process_capture()] timestamp: expected 128 != actual 0
[I][13:55:50.816564] mod.rtp-sink | [         audio.c:  567 rtp_audio_process_capture()] (re)sync to timestamp:0 seq:24470 ts_offset:0 SSRC:3076146323
[W][13:55:50.819046] mod.rtp-sink | [         audio.c:  553 rtp_audio_process_capture()] timestamp: expected 128 != actual 0
[I][13:55:50.819053] mod.rtp-sink | [         audio.c:  567 rtp_audio_process_capture()] (re)sync to timestamp:0 seq:24472 ts_offset:0 SSRC:3076146323
[W][13:55:50.821799] mod.rtp-sink | [         audio.c:  553 rtp_audio_process_capture()] timestamp: expected 128 != actual 0
[I][13:55:50.821805] mod.rtp-sink | [         audio.c:  567 rtp_audio_process_capture()] (re)sync to timestamp:0 seq:24474 ts_offset:0 SSRC:3076146323
[W][13:55:50.824547] mod.rtp-sink | [         audio.c:  553 rtp_audio_process_capture()] timestamp: expected 128 != actual 0
[I][13:55:50.824553] mod.rtp-sink | [         audio.c:  567 rtp_audio_process_capture()] (re)sync to timestamp:0 seq:24476 ts_offset:0 SSRC:3076146323
[W][13:55:50.827048] mod.rtp-sink | [         audio.c:  553 rtp_audio_process_capture()] timestamp: expected 128 != actual 0
[I][13:55:50.827055] mod.rtp-sink | [         audio.c:  567 rtp_audio_process_capture()] (re)sync to timestamp:0 seq:24478 ts_offset:0 SSRC:3076146323
[W][13:55:50.829810] mod.rtp-sink | [         audio.c:  553 rtp_audio_process_capture()] timestamp: expected 128 != actual 0
[I][13:55:50.829822] mod.rtp-sink | [         audio.c:  567 rtp_audio_process_capture()] (re)sync to timestamp:0 seq:24480 ts_offset:0 SSRC:3076146323
[W][13:55:50.832545] mod.rtp-sink | [         audio.c:  553 rtp_audio_process_capture()] timestamp: expected 128 != actual 0
[I][13:55:50.832554] mod.rtp-sink | [         audio.c:  567 rtp_audio_process_capture()] (re)sync to timestamp:0 seq:24482 ts_offset:0 SSRC:3076146323
[W][13:55:50.835044] mod.rtp-sink | [         audio.c:  553 rtp_audio_process_capture()] timestamp: expected 128 != actual 0
[I][13:55:50.835053] mod.rtp-sink | [         audio.c:  567 rtp_audio_process_capture()] (re)sync to timestamp:0 seq:24484 ts_offset:0 SSRC:3076146323
[W][13:55:50.837787] mod.rtp-sink | [         audio.c:  553 rtp_audio_process_capture()] timestamp: expected 128 != actual 0
[I][13:55:50.837793] mod.rtp-sink | [         audio.c:  567 rtp_audio_process_capture()] (re)sync to timestamp:0 seq:24486 ts_offset:0 SSRC:3076146323
[W][13:55:50.840538] mod.rtp-sink | [         audio.c:  553 rtp_audio_process_capture()] timestamp: expected 128 != actual 0
[I][13:55:50.840544] mod.rtp-sink | [         audio.c:  567 rtp_audio_process_capture()] (re)sync to timestamp:0 seq:24488 ts_offset:0 SSRC:3076146323
[W][13:55:50.843042] mod.rtp-sink | [         audio.c:  553 rtp_audio_process_capture()] timestamp: expected 128 != actual 0
[I][13:55:50.843049] mod.rtp-sink | [         audio.c:  567 rtp_audio_process_capture()] (re)sync to timestamp:0 seq:24490 ts_offset:0 SSRC:3076146323
[W][13:55:50.845787] mod.rtp-sink | [         audio.c:  553 rtp_audio_process_capture()] timestamp: expected 128 != actual 0
[I][13:55:50.845795] mod.rtp-sink | [         audio.c:  567 rtp_audio_process_capture()] (re)sync to timestamp:0 seq:24492 ts_offset:0 SSRC:3076146323
[W][13:55:50.848542] mod.rtp-sink | [         audio.c:  553 rtp_audio_process_capture()] timestamp: expected 128 != actual 0
[I][13:55:50.848551] mod.rtp-sink | [         audio.c:  567 rtp_audio_process_capture()] (re)sync to timestamp:0 seq:24494 ts_offset:0 SSRC:3076146323
[W][13:55:50.851038] mod.rtp-sink | [         audio.c:  553 rtp_audio_process_capture()] timestamp: expected 128 != actual 0
[I][13:55:50.851047] mod.rtp-sink | [         audio.c:  567 rtp_audio_process_capture()] (re)sync to timestamp:0 seq:24496 ts_offset:0 SSRC:3076146323
[W][13:55:50.853782] mod.rtp-sink | [         audio.c:  553 rtp_audio_process_capture()] timestamp: expected 128 != actual 0
[I][13:55:50.853789] mod.rtp-sink | [         audio.c:  567 rtp_audio_process_capture()] (re)sync to timestamp:0 seq:24498 ts_offset:0 SSRC:3076146323
[W][13:55:50.856529] mod.rtp-sink | [         audio.c:  553 rtp_audio_process_capture()] timestamp: expected 128 != actual 0
[I][13:55:50.856535] mod.rtp-sink | [         audio.c:  567 rtp_audio_process_capture()] (re)sync to timestamp:0 seq:24500 ts_offset:0 SSRC:3076146323
[W][13:55:50.859028] mod.rtp-sink | [         audio.c:  553 rtp_audio_process_capture()] timestamp: expected 128 != actual 0
[I][13:55:50.859034] mod.rtp-sink | [         audio.c:  567 rtp_audio_process_capture()] (re)sync to timestamp:0 seq:24502 ts_offset:0 SSRC:3076146323
[W][13:55:50.861782] mod.rtp-sink | [         audio.c:  553 rtp_audio_process_capture()] timestamp: expected 128 != actual 0
[I][13:55:50.861791] mod.rtp-sink | [         audio.c:  567 rtp_audio_process_capture()] (re)sync to timestamp:0 seq:24504 ts_offset:0 SSRC:3076146323
[W][13:55:50.864534] mod.rtp-sink | [         audio.c:  553 rtp_audio_process_capture()] timestamp: expected 128 != actual 0
[I][13:55:50.864545] mod.rtp-sink | [         audio.c:  567 rtp_audio_process_capture()] (re)sync to timestamp:0 seq:24506 ts_offset:0 SSRC:3076146323
[W][13:55:50.867031] mod.rtp-sink | [         audio.c:  553 rtp_audio_process_capture()] timestamp: expected 128 != actual 0
[I][13:55:50.867040] mod.rtp-sink | [         audio.c:  567 rtp_audio_process_capture()] (re)sync to timestamp:0 seq:24508 ts_offset:0 SSRC:3076146323
[W][13:55:50.869773] mod.rtp-sink | [         audio.c:  553 rtp_audio_process_capture()] timestamp: expected 128 != actual 0
[I][13:55:50.869780] mod.rtp-sink | [         audio.c:  567 rtp_audio_process_capture()] (re)sync to timestamp:0 seq:24510 ts_offset:0 SSRC:3076146323
[W][13:55:50.872525] mod.rtp-sink | [         audio.c:  553 rtp_audio_process_capture()] timestamp: expected 128 != actual 0
[I][13:55:50.872532] mod.rtp-sink | [         audio.c:  567 rtp_audio_process_capture()] (re)sync to timestamp:0 seq:24512 ts_offset:0 SSRC:3076146323
[W][13:55:50.875024] mod.rtp-sink | [         audio.c:  553 rtp_audio_process_capture()] timestamp: expected 128 != actual 0
[I][13:55:50.875033] mod.rtp-sink | [         audio.c:  567 rtp_audio_process_capture()] (re)sync to timestamp:0 seq:24514 ts_offset:0 SSRC:3076146323
[W][13:55:50.877800] mod.rtp-sink | [         audio.c:  553 rtp_audio_process_capture()] timestamp: expected 128 != actual 0
[I][13:55:50.877812] mod.rtp-sink | [         audio.c:  567 rtp_audio_process_capture()] (re)sync to timestamp:0 seq:24516 ts_offset:0 SSRC:3076146323
[W][13:55:50.880529] mod.rtp-sink | [         audio.c:  553 rtp_audio_process_capture()] timestamp: expected 128 != actual 0
[I][13:55:50.880540] mod.rtp-sink | [         audio.c:  567 rtp_audio_process_capture()] (re)sync to timestamp:0 seq:24518 ts_offset:0 SSRC:3076146323
[W][13:55:50.883277] mod.rtp-sink | [         audio.c:  553 rtp_audio_process_capture()] timestamp: expected 128 != actual 0
[I][13:55:50.883287] mod.rtp-sink | [         audio.c:  567 rtp_audio_process_capture()] (re)sync to timestamp:0 seq:24520 ts_offset:0 SSRC:3076146323
[W][13:55:50.885765] mod.rtp-sink | [         audio.c:  553 rtp_audio_process_capture()] timestamp: expected 128 != actual 0
[I][13:55:50.885773] mod.rtp-sink | [         audio.c:  567 rtp_audio_process_capture()] (re)sync to timestamp:0 seq:24522 ts_offset:0 SSRC:3076146323
[W][13:55:50.888514] mod.rtp-sink | [         audio.c:  553 rtp_audio_process_capture()] timestamp: expected 128 != actual 0
[I][13:55:50.888520] mod.rtp-sink | [         audio.c:  567 rtp_audio_process_capture()] (re)sync to timestamp:0 seq:24524 ts_offset:0 SSRC:3076146323
[W][13:55:50.891264] mod.rtp-sink | [         audio.c:  553 rtp_audio_process_capture()] timestamp: expected 128 != actual 0
[I][13:55:50.891270] mod.rtp-sink | [         audio.c:  567 rtp_audio_process_capture()] (re)sync to timestamp:0 seq:24526 ts_offset:0 SSRC:3076146323
[W][13:55:50.893768] mod.rtp-sink | [         audio.c:  553 rtp_audio_process_capture()] timestamp: expected 128 != actual 0
[I][13:55:50.893779] mod.rtp-sink | [         audio.c:  567 rtp_audio_process_capture()] (re)sync to timestamp:0 seq:24528 ts_offset:0 SSRC:3076146323
[W][13:55:50.896525] mod.rtp-sink | [         audio.c:  553 rtp_audio_process_capture()] timestamp: expected 128 != actual 0
[I][13:55:50.896542] mod.rtp-sink | [         audio.c:  567 rtp_audio_process_capture()] (re)sync to timestamp:0 seq:24530 ts_offset:0 SSRC:3076146323
[W][13:55:50.899269] mod.rtp-sink | [         audio.c:  553 rtp_audio_process_capture()] timestamp: expected 128 != actual 0
[I][13:55:50.899279] mod.rtp-sink | [         audio.c:  567 rtp_audio_process_capture()] (re)sync to timestamp:0 seq:24532 ts_offset:0 SSRC:3076146323
[W][13:55:50.901761] mod.rtp-sink | [         audio.c:  553 rtp_audio_process_capture()] timestamp: expected 128 != actual 0
[I][13:55:50.901770] mod.rtp-sink | [         audio.c:  567 rtp_audio_process_capture()] (re)sync to timestamp:0 seq:24534 ts_offset:0 SSRC:3076146323
[W][13:55:50.904508] mod.rtp-sink | [         audio.c:  553 rtp_audio_process_capture()] timestamp: expected 128 != actual 0
[I][13:55:50.904514] mod.rtp-sink | [         audio.c:  567 rtp_audio_process_capture()] (re)sync to timestamp:0 seq:24536 ts_offset:0 SSRC:3076146323
[W][13:55:50.907256] mod.rtp-sink | [         audio.c:  553 rtp_audio_process_capture()] timestamp: expected 128 != actual 0
[I][13:55:50.907261] mod.rtp-sink | [         audio.c:  567 rtp_audio_process_capture()] (re)sync to timestamp:0 seq:24538 ts_offset:0 SSRC:3076146323
[W][13:55:50.909772] mod.rtp-sink | [         audio.c:  553 rtp_audio_process_capture()] timestamp: expected 128 != actual 0
[I][13:55:50.909782] mod.rtp-sink | [         audio.c:  567 rtp_audio_process_capture()] (re)sync to timestamp:0 seq:24540 ts_offset:0 SSRC:3076146323
[W][13:55:50.912514] mod.rtp-sink | [         audio.c:  553 rtp_audio_process_capture()] timestamp: expected 128 != actual 0
[I][13:55:50.912524] mod.rtp-sink | [         audio.c:  567 rtp_audio_process_capture()] (re)sync to timestamp:0 seq:24542 ts_offset:0 SSRC:3076146323
[W][13:55:50.915262] mod.rtp-sink | [         audio.c:  553 rtp_audio_process_capture()] timestamp: expected 128 != actual 0
[I][13:55:50.915272] mod.rtp-sink | [         audio.c:  567 rtp_audio_process_capture()] (re)sync to timestamp:0 seq:24544 ts_offset:0 SSRC:3076146323
[W][13:55:50.917755] mod.rtp-sink | [         audio.c:  553 rtp_audio_process_capture()] timestamp: expected 128 != actual 0
[I][13:55:50.917765] mod.rtp-sink | [         audio.c:  567 rtp_audio_process_capture()] (re)sync to timestamp:0 seq:24546 ts_offset:0 SSRC:3076146323
[W][13:55:50.920503] mod.rtp-sink | [         audio.c:  553 rtp_audio_process_capture()] timestamp: expected 128 != actual 0
[I][13:55:50.920510] mod.rtp-sink | [         audio.c:  567 rtp_audio_process_capture()] (re)sync to timestamp:0 seq:24548 ts_offset:0 SSRC:3076146323
[W][13:55:50.923249] mod.rtp-sink | [         audio.c:  553 rtp_audio_process_capture()] timestamp: expected 128 != actual 0
[I][13:55:50.923255] mod.rtp-sink | [         audio.c:  567 rtp_audio_process_capture()] (re)sync to timestamp:0 seq:24550 ts_offset:0 SSRC:3076146323
[W][13:55:50.925750] mod.rtp-sink | [         audio.c:  553 rtp_audio_process_capture()] timestamp: expected 128 != actual 0
[I][13:55:50.925756] mod.rtp-sink | [         audio.c:  567 rtp_audio_process_capture()] (re)sync to timestamp:0 seq:24552 ts_offset:0 SSRC:3076146323
[W][13:55:50.928505] mod.rtp-sink | [         audio.c:  553 rtp_audio_process_capture()] timestamp: expected 128 != actual 0
[I][13:55:50.928517] mod.rtp-sink | [         audio.c:  567 rtp_audio_process_capture()] (re)sync to timestamp:0 seq:24554 ts_offset:0 SSRC:3076146323
[W][13:55:50.931253] mod.rtp-sink | [         audio.c:  553 rtp_audio_process_capture()] timestamp: expected 128 != actual 0
[I][13:55:50.931265] mod.rtp-sink | [         audio.c:  567 rtp_audio_process_capture()] (re)sync to timestamp:0 seq:24556 ts_offset:0 SSRC:3076146323
[W][13:55:50.933750] mod.rtp-sink | [         audio.c:  553 rtp_audio_process_capture()] timestamp: expected 128 != actual 0
[I][13:55:50.933759] mod.rtp-sink | [         audio.c:  567 rtp_audio_process_capture()] (re)sync to timestamp:0 seq:24558 ts_offset:0 SSRC:3076146323
[W][13:55:50.936493] mod.rtp-sink | [         audio.c:  553 rtp_audio_process_capture()] timestamp: expected 128 != actual 0
[I][13:55:50.936501] mod.rtp-sink | [         audio.c:  567 rtp_audio_process_capture()] (re)sync to timestamp:0 seq:24560 ts_offset:0 SSRC:3076146323
[W][13:55:50.939245] mod.rtp-sink | [         audio.c:  553 rtp_audio_process_capture()] timestamp: expected 128 != actual 0
[I][13:55:50.939252] mod.rtp-sink | [         audio.c:  567 rtp_audio_process_capture()] (re)sync to timestamp:0 seq:24562 ts_offset:0 SSRC:3076146323
[W][13:55:50.941742] mod.rtp-sink | [         audio.c:  553 rtp_audio_process_capture()] timestamp: expected 128 != actual 0
[I][13:55:50.941749] mod.rtp-sink | [         audio.c:  567 rtp_audio_process_capture()] (re)sync to timestamp:0 seq:24564 ts_offset:0 SSRC:3076146323
[W][13:55:50.944496] mod.rtp-sink | [         audio.c:  553 rtp_audio_process_capture()] timestamp: expected 128 != actual 0
[I][13:55:50.944506] mod.rtp-sink | [         audio.c:  567 rtp_audio_process_capture()] (re)sync to timestamp:0 seq:24566 ts_offset:0 SSRC:3076146323
[W][13:55:50.947253] mod.rtp-sink | [         audio.c:  553 rtp_audio_process_capture()] timestamp: expected 128 != actual 0
[I][13:55:50.947263] mod.rtp-sink | [         audio.c:  567 rtp_audio_process_capture()] (re)sync to timestamp:0 seq:24568 ts_offset:0 SSRC:3076146323
[W][13:55:50.949746] mod.rtp-sink | [         audio.c:  553 rtp_audio_process_capture()] timestamp: expected 128 != actual 0
[I][13:55:50.949755] mod.rtp-sink | [         audio.c:  567 rtp_audio_process_capture()] (re)sync to timestamp:0 seq:24570 ts_offset:0 SSRC:3076146323
[W][13:55:50.952485] mod.rtp-sink | [         audio.c:  553 rtp_audio_process_capture()] timestamp: expected 128 != actual 0
[I][13:55:50.952492] mod.rtp-sink | [         audio.c:  567 rtp_audio_process_capture()] (re)sync to timestamp:0 seq:24572 ts_offset:0 SSRC:3076146323
[W][13:55:50.955236] mod.rtp-sink | [         audio.c:  553 rtp_audio_process_capture()] timestamp: expected 128 != actual 0
[I][13:55:50.955242] mod.rtp-sink | [         audio.c:  567 rtp_audio_process_capture()] (re)sync to timestamp:0 seq:24574 ts_offset:0 SSRC:3076146323
[W][13:55:50.957735] mod.rtp-sink | [         audio.c:  553 rtp_audio_process_capture()] timestamp: expected 128 != actual 0
[I][13:55:50.957741] mod.rtp-sink | [         audio.c:  567 rtp_audio_process_capture()] (re)sync to timestamp:0 seq:24576 ts_offset:0 SSRC:3076146323
[W][13:55:50.960490] mod.rtp-sink | [         audio.c:  553 rtp_audio_process_capture()] timestamp: expected 128 != actual 0
[I][13:55:50.960501] mod.rtp-sink | [         audio.c:  567 rtp_audio_process_capture()] (re)sync to timestamp:0 seq:24578 ts_offset:0 SSRC:3076146323
[W][13:55:50.963244] mod.rtp-sink | [         audio.c:  553 rtp_audio_process_capture()] timestamp: expected 128 != actual 0
[I][13:55:50.963255] mod.rtp-sink | [         audio.c:  567 rtp_audio_process_capture()] (re)sync to timestamp:0 seq:24580 ts_offset:0 SSRC:3076146323
[W][13:55:50.965736] mod.rtp-sink | [         audio.c:  553 rtp_audio_process_capture()] timestamp: expected 128 != actual 0
[I][13:55:50.965747] mod.rtp-sink | [         audio.c:  567 rtp_audio_process_capture()] (re)sync to timestamp:0 seq:24582 ts_offset:0 SSRC:3076146323
[W][13:55:50.968479] mod.rtp-sink | [         audio.c:  553 rtp_audio_process_capture()] timestamp: expected 128 != actual 0
[I][13:55:50.968486] mod.rtp-sink | [         audio.c:  567 rtp_audio_process_capture()] (re)sync to timestamp:0 seq:24584 ts_offset:0 SSRC:3076146323
[W][13:55:50.971228] mod.rtp-sink | [         audio.c:  553 rtp_audio_process_capture()] timestamp: expected 128 != actual 0
[I][13:55:50.971236] mod.rtp-sink | [         audio.c:  567 rtp_audio_process_capture()] (re)sync to timestamp:0 seq:24586 ts_offset:0 SSRC:3076146323
[W][13:55:50.973727] mod.rtp-sink | [         audio.c:  553 rtp_audio_process_capture()] timestamp: expected 128 != actual 0
[I][13:55:50.973734] mod.rtp-sink | [         audio.c:  567 rtp_audio_process_capture()] (re)sync to timestamp:0 seq:24588 ts_offset:0 SSRC:3076146323
[W][13:55:50.976481] mod.rtp-sink | [         audio.c:  553 rtp_audio_process_capture()] timestamp: expected 128 != actual 0
[I][13:55:50.976493] mod.rtp-sink | [         audio.c:  567 rtp_audio_process_capture()] (re)sync to timestamp:0 seq:24590 ts_offset:0 SSRC:3076146323
[W][13:55:50.979234] mod.rtp-sink | [         audio.c:  553 rtp_audio_process_capture()] timestamp: expected 128 != actual 0
[I][13:55:50.979244] mod.rtp-sink | [         audio.c:  567 rtp_audio_process_capture()] (re)sync to timestamp:0 seq:24592 ts_offset:0 SSRC:3076146323
[W][13:55:50.981734] mod.rtp-sink | [         audio.c:  553 rtp_audio_process_capture()] timestamp: expected 128 != actual 0
[I][13:55:50.981745] mod.rtp-sink | [         audio.c:  567 rtp_audio_process_capture()] (re)sync to timestamp:0 seq:24594 ts_offset:0 SSRC:3076146323
[W][13:55:50.984472] mod.rtp-sink | [         audio.c:  553 rtp_audio_process_capture()] timestamp: expected 128 != actual 0
[I][13:55:50.984481] mod.rtp-sink | [         audio.c:  567 rtp_audio_process_capture()] (re)sync to timestamp:0 seq:24596 ts_offset:0 SSRC:3076146323
[W][13:55:50.987219] mod.rtp-sink | [         audio.c:  553 rtp_audio_process_capture()] timestamp: expected 128 != actual 0
[I][13:55:50.987226] mod.rtp-sink | [         audio.c:  567 rtp_audio_process_capture()] (re)sync to timestamp:0 seq:24598 ts_offset:0 SSRC:3076146323
[W][13:55:50.989719] mod.rtp-sink | [         audio.c:  553 rtp_audio_process_capture()] timestamp: expected 128 != actual 0
[I][13:55:50.989725] mod.rtp-sink | [         audio.c:  567 rtp_audio_process_capture()] (re)sync to timestamp:0 seq:24600 ts_offset:0 SSRC:3076146323
[W][13:55:50.992467] mod.rtp-sink | [         audio.c:  553 rtp_audio_process_capture()] timestamp: expected 128 != actual 0
[I][13:55:50.992475] mod.rtp-sink | [         audio.c:  567 rtp_audio_process_capture()] (re)sync to timestamp:0 seq:24602 ts_offset:0 SSRC:3076146323
[W][13:55:50.995226] mod.rtp-sink | [         audio.c:  553 rtp_audio_process_capture()] timestamp: expected 128 != actual 0
[I][13:55:50.995236] mod.rtp-sink | [         audio.c:  567 rtp_audio_process_capture()] (re)sync to timestamp:0 seq:24604 ts_offset:0 SSRC:3076146323
[W][13:55:50.997724] mod.rtp-sink | [         audio.c:  553 rtp_audio_process_capture()] timestamp: expected 128 != actual 0
[I][13:55:50.997734] mod.rtp-sink | [         audio.c:  567 rtp_audio_process_capture()] (re)sync to timestamp:0 seq:24606 ts_offset:0 SSRC:3076146323
[W][13:55:51.000469] mod.rtp-sink | [         audio.c:  553 rtp_audio_process_capture()] timestamp: expected 128 != actual 0
[I][13:55:51.000478] mod.rtp-sink | [         audio.c:  567 rtp_audio_process_capture()] (re)sync to timestamp:0 seq:24608 ts_offset:0 SSRC:3076146323
[W][13:55:51.003215] mod.rtp-sink | [         audio.c:  553 rtp_audio_process_capture()] timestamp: expected 128 != actual 0
[I][13:55:51.003223] mod.rtp-sink | [         audio.c:  567 rtp_audio_process_capture()] (re)sync to timestamp:0 seq:24610 ts_offset:0 SSRC:3076146323
[W][13:55:51.005710] mod.rtp-sink | [         audio.c:  553 rtp_audio_process_capture()] timestamp: expected 128 != actual 0
[I][13:55:51.005716] mod.rtp-sink | [         audio.c:  567 rtp_audio_process_capture()] (re)sync to timestamp:0 seq:24612 ts_offset:0 SSRC:3076146323
[W][13:55:51.008458] mod.rtp-sink | [         audio.c:  553 rtp_audio_process_capture()] timestamp: expected 128 != actual 0
[I][13:55:51.008464] mod.rtp-sink | [         audio.c:  567 rtp_audio_process_capture()] (re)sync to timestamp:0 seq:24614 ts_offset:0 SSRC:3076146323
[W][13:55:51.011211] mod.rtp-sink | [         audio.c:  553 rtp_audio_process_capture()] timestamp: expected 128 != actual 0
[I][13:55:51.011220] mod.rtp-sink | [         audio.c:  567 rtp_audio_process_capture()] (re)sync to timestamp:0 seq:24616 ts_offset:0 SSRC:3076146323
[W][13:55:51.013713] mod.rtp-sink | [         audio.c:  553 rtp_audio_process_capture()] timestamp: expected 128 != actual 0
[I][13:55:51.013723] mod.rtp-sink | [         audio.c:  567 rtp_audio_process_capture()] (re)sync to timestamp:0 seq:24618 ts_offset:0 SSRC:3076146323
[W][13:55:51.016458] mod.rtp-sink | [         audio.c:  553 rtp_audio_process_capture()] timestamp: expected 128 != actual 0
[I][13:55:51.016466] mod.rtp-sink | [         audio.c:  567 rtp_audio_process_capture()] (re)sync to timestamp:0 seq:24620 ts_offset:0 SSRC:3076146323
[W][13:55:51.019204] mod.rtp-sink | [         audio.c:  553 rtp_audio_process_capture()] timestamp: expected 128 != actual 0
[I][13:55:51.019209] mod.rtp-sink | [         audio.c:  567 rtp_audio_process_capture()] (re)sync to timestamp:0 seq:24622 ts_offset:0 SSRC:3076146323
[W][13:55:51.021706] mod.rtp-sink | [         audio.c:  553 rtp_audio_process_capture()] timestamp: expected 128 != actual 0
[I][13:55:51.021711] mod.rtp-sink | [         audio.c:  567 rtp_audio_process_capture()] (re)sync to timestamp:0 seq:24624 ts_offset:0 SSRC:3076146323
[W][13:55:51.024454] mod.rtp-sink | [         audio.c:  553 rtp_audio_process_capture()] timestamp: expected 128 != actual 0
[I][13:55:51.024461] mod.rtp-sink | [         audio.c:  567 rtp_audio_process_capture()] (re)sync to timestamp:0 seq:24626 ts_offset:0 SSRC:3076146323
[W][13:55:51.027209] mod.rtp-sink | [         audio.c:  553 rtp_audio_process_capture()] timestamp: expected 128 != actual 0
[I][13:55:51.027219] mod.rtp-sink | [         audio.c:  567 rtp_audio_process_capture()] (re)sync to timestamp:0 seq:24628 ts_offset:0 SSRC:3076146323
[W][13:55:51.029964] mod.rtp-sink | [         audio.c:  553 rtp_audio_process_capture()] timestamp: expected 128 != actual 0
[I][13:55:51.029976] mod.rtp-sink | [         audio.c:  567 rtp_audio_process_capture()] (re)sync to timestamp:0 seq:24630 ts_offset:0 SSRC:3076146323
[W][13:55:51.032451] mod.rtp-sink | [         audio.c:  553 rtp_audio_process_capture()] timestamp: expected 128 != actual 0
[I][13:55:51.032461] mod.rtp-sink | [         audio.c:  567 rtp_audio_process_capture()] (re)sync to timestamp:0 seq:24632 ts_offset:0 SSRC:3076146323
[W][13:55:51.035197] mod.rtp-sink | [         audio.c:  553 rtp_audio_process_capture()] timestamp: expected 128 != actual 0
[I][13:55:51.035203] mod.rtp-sink | [         audio.c:  567 rtp_audio_process_capture()] (re)sync to timestamp:0 seq:24634 ts_offset:0 SSRC:3076146323
[W][13:55:51.037694] mod.rtp-sink | [         audio.c:  553 rtp_audio_process_capture()] timestamp: expected 128 != actual 0
[I][13:55:51.037700] mod.rtp-sink | [         audio.c:  567 rtp_audio_process_capture()] (re)sync to timestamp:0 seq:24636 ts_offset:0 SSRC:3076146323
[W][13:55:51.040441] mod.rtp-sink | [         audio.c:  553 rtp_audio_process_capture()] timestamp: expected 128 != actual 0
[I][13:55:51.040446] mod.rtp-sink | [         audio.c:  567 rtp_audio_process_capture()] (re)sync to timestamp:0 seq:24638 ts_offset:0 SSRC:3076146323
[W][13:55:51.043200] mod.rtp-sink | [         audio.c:  553 rtp_audio_process_capture()] timestamp: expected 128 != actual 0
[I][13:55:51.043209] mod.rtp-sink | [         audio.c:  567 rtp_audio_process_capture()] (re)sync to timestamp:0 seq:24640 ts_offset:0 SSRC:3076146323
[W][13:55:51.045699] mod.rtp-sink | [         audio.c:  553 rtp_audio_process_capture()] timestamp: expected 128 != actual 0
[I][13:55:51.045710] mod.rtp-sink | [         audio.c:  567 rtp_audio_process_capture()] (re)sync to timestamp:0 seq:24642 ts_offset:0 SSRC:3076146323
[W][13:55:51.048443] mod.rtp-sink | [         audio.c:  553 rtp_audio_process_capture()] timestamp: expected 128 != actual 0
[I][13:55:51.048452] mod.rtp-sink | [         audio.c:  567 rtp_audio_process_capture()] (re)sync to timestamp:0 seq:24644 ts_offset:0 SSRC:3076146323
[W][13:55:51.051191] mod.rtp-sink | [         audio.c:  553 rtp_audio_process_capture()] timestamp: expected 128 != actual 0
[I][13:55:51.051199] mod.rtp-sink | [         audio.c:  567 rtp_audio_process_capture()] (re)sync to timestamp:0 seq:24646 ts_offset:0 SSRC:3076146323
[W][13:55:51.053687] mod.rtp-sink | [         audio.c:  553 rtp_audio_process_capture()] timestamp: expected 128 != actual 0
[I][13:55:51.053693] mod.rtp-sink | [         audio.c:  567 rtp_audio_process_capture()] (re)sync to timestamp:0 seq:24648 ts_offset:0 SSRC:3076146323
[W][13:55:51.056433] mod.rtp-sink | [         audio.c:  553 rtp_audio_process_capture()] timestamp: expected 128 != actual 0
[I][13:55:51.056440] mod.rtp-sink | [         audio.c:  567 rtp_audio_process_capture()] (re)sync to timestamp:0 seq:24650 ts_offset:0 SSRC:3076146323
[W][13:55:51.059184] mod.rtp-sink | [         audio.c:  553 rtp_audio_process_capture()] timestamp: expected 128 != actual 0
[I][13:55:51.059190] mod.rtp-sink | [         audio.c:  567 rtp_audio_process_capture()] (re)sync to timestamp:0 seq:24652 ts_offset:0 SSRC:3076146323
[W][13:55:51.061939] mod.rtp-sink | [         audio.c:  553 rtp_audio_process_capture()] timestamp: expected 128 != actual 0
[I][13:55:51.061948] mod.rtp-sink | [         audio.c:  567 rtp_audio_process_capture()] (re)sync to timestamp:0 seq:24654 ts_offset:0 SSRC:3076146323
[W][13:55:51.064439] mod.rtp-sink | [         audio.c:  553 rtp_audio_process_capture()] timestamp: expected 128 != actual 0
[I][13:55:51.064451] mod.rtp-sink | [         audio.c:  567 rtp_audio_process_capture()] (re)sync to timestamp:0 seq:24656 ts_offset:0 SSRC:3076146323
[W][13:55:51.067186] mod.rtp-sink | [         audio.c:  553 rtp_audio_process_capture()] timestamp: expected 128 != actual 0
[I][13:55:51.067195] mod.rtp-sink | [         audio.c:  567 rtp_audio_process_capture()] (re)sync to timestamp:0 seq:24658 ts_offset:0 SSRC:3076146323
[W][13:55:51.069932] mod.rtp-sink | [         audio.c:  553 rtp_audio_process_capture()] timestamp: expected 128 != actual 0
[I][13:55:51.069939] mod.rtp-sink | [         audio.c:  567 rtp_audio_process_capture()] (re)sync to timestamp:0 seq:24660 ts_offset:0 SSRC:3076146323
[W][13:55:51.072431] mod.rtp-sink | [         audio.c:  553 rtp_audio_process_capture()] timestamp: expected 128 != actual 0
[I][13:55:51.072438] mod.rtp-sink | [         audio.c:  567 rtp_audio_process_capture()] (re)sync to timestamp:0 seq:24662 ts_offset:0 SSRC:3076146323
[W][13:55:51.075176] mod.rtp-sink | [         audio.c:  553 rtp_audio_process_capture()] timestamp: expected 128 != actual 0
[I][13:55:51.075182] mod.rtp-sink | [         audio.c:  567 rtp_audio_process_capture()] (re)sync to timestamp:0 seq:24664 ts_offset:0 SSRC:3076146323
[W][13:55:51.077945] mod.rtp-sink | [         audio.c:  553 rtp_audio_process_capture()] timestamp: expected 128 != actual 0
[I][13:55:51.077956] mod.rtp-sink | [         audio.c:  567 rtp_audio_process_capture()] (re)sync to timestamp:0 seq:24666 ts_offset:0 SSRC:3076146323
[W][13:55:51.080435] mod.rtp-sink | [         audio.c:  553 rtp_audio_process_capture()] timestamp: expected 128 != actual 0
[I][13:55:51.080446] mod.rtp-sink | [         audio.c:  567 rtp_audio_process_capture()] (re)sync to timestamp:0 seq:24668 ts_offset:0 SSRC:3076146323
[W][13:55:51.083185] mod.rtp-sink | [         audio.c:  553 rtp_audio_process_capture()] timestamp: expected 128 != actual 0
[I][13:55:51.083193] mod.rtp-sink | [         audio.c:  567 rtp_audio_process_capture()] (re)sync to timestamp:0 seq:24670 ts_offset:0 SSRC:3076146323
[W][13:55:51.085924] mod.rtp-sink | [         audio.c:  553 rtp_audio_process_capture()] timestamp: expected 128 != actual 0
[I][13:55:51.085931] mod.rtp-sink | [         audio.c:  567 rtp_audio_process_capture()] (re)sync to timestamp:0 seq:24672 ts_offset:0 SSRC:3076146323
[W][13:55:51.088424] mod.rtp-sink | [         audio.c:  553 rtp_audio_process_capture()] timestamp: expected 128 != actual 0
[I][13:55:51.088430] mod.rtp-sink | [         audio.c:  567 rtp_audio_process_capture()] (re)sync to timestamp:0 seq:24674 ts_offset:0 SSRC:3076146323
[W][13:55:51.091169] mod.rtp-sink | [         audio.c:  553 rtp_audio_process_capture()] timestamp: expected 128 != actual 0
[I][13:55:51.091173] mod.rtp-sink | [         audio.c:  567 rtp_audio_process_capture()] (re)sync to timestamp:0 seq:24676 ts_offset:0 SSRC:3076146323
[W][13:55:51.093921] mod.rtp-sink | [         audio.c:  553 rtp_audio_process_capture()] timestamp: expected 128 != actual 0
[I][13:55:51.093928] mod.rtp-sink | [         audio.c:  567 rtp_audio_process_capture()] (re)sync to timestamp:0 seq:24678 ts_offset:0 SSRC:3076146323
[W][13:55:51.096428] mod.rtp-sink | [         audio.c:  553 rtp_audio_process_capture()] timestamp: expected 128 != actual 0
[I][13:55:51.096438] mod.rtp-sink | [         audio.c:  567 rtp_audio_process_capture()] (re)sync to timestamp:0 seq:24680 ts_offset:0 SSRC:3076146323
[W][13:55:51.099175] mod.rtp-sink | [         audio.c:  553 rtp_audio_process_capture()] timestamp: expected 128 != actual 0
[I][13:55:51.099187] mod.rtp-sink | [         audio.c:  567 rtp_audio_process_capture()] (re)sync to timestamp:0 seq:24682 ts_offset:0 SSRC:3076146323
[W][13:55:51.101922] mod.rtp-sink | [         audio.c:  553 rtp_audio_process_capture()] timestamp: expected 128 != actual 0
[I][13:55:51.101931] mod.rtp-sink | [         audio.c:  567 rtp_audio_process_capture()] (re)sync to timestamp:0 seq:24684 ts_offset:0 SSRC:3076146323
[W][13:55:51.104415] mod.rtp-sink | [         audio.c:  553 rtp_audio_process_capture()] timestamp: expected 128 != actual 0
[I][13:55:51.104422] mod.rtp-sink | [         audio.c:  567 rtp_audio_process_capture()] (re)sync to timestamp:0 seq:24686 ts_offset:0 SSRC:3076146323
[W][13:55:51.107161] mod.rtp-sink | [         audio.c:  553 rtp_audio_process_capture()] timestamp: expected 128 != actual 0
[I][13:55:51.107167] mod.rtp-sink | [         audio.c:  567 rtp_audio_process_capture()] (re)sync to timestamp:0 seq:24688 ts_offset:0 SSRC:3076146323
[W][13:55:51.109918] mod.rtp-sink | [         audio.c:  553 rtp_audio_process_capture()] timestamp: expected 128 != actual 0
[I][13:55:51.109929] mod.rtp-sink | [         audio.c:  567 rtp_audio_process_capture()] (re)sync to timestamp:0 seq:24690 ts_offset:0 SSRC:3076146323
[W][13:55:51.112421] mod.rtp-sink | [         audio.c:  553 rtp_audio_process_capture()] timestamp: expected 128 != actual 0
[I][13:55:51.112431] mod.rtp-sink | [         audio.c:  567 rtp_audio_process_capture()] (re)sync to timestamp:0 seq:24692 ts_offset:0 SSRC:3076146323
[W][13:55:51.115165] mod.rtp-sink | [         audio.c:  553 rtp_audio_process_capture()] timestamp: expected 128 != actual 0
[I][13:55:51.115175] mod.rtp-sink | [         audio.c:  567 rtp_audio_process_capture()] (re)sync to timestamp:0 seq:24694 ts_offset:0 SSRC:3076146323
[W][13:55:51.117911] mod.rtp-sink | [         audio.c:  553 rtp_audio_process_capture()] timestamp: expected 128 != actual 0
[I][13:55:51.117919] mod.rtp-sink | [         audio.c:  567 rtp_audio_process_capture()] (re)sync to timestamp:0 seq:24696 ts_offset:0 SSRC:3076146323
[W][13:55:51.120405] mod.rtp-sink | [         audio.c:  553 rtp_audio_process_capture()] timestamp: expected 128 != actual 0
[I][13:55:51.120410] mod.rtp-sink | [         audio.c:  567 rtp_audio_process_capture()] (re)sync to timestamp:0 seq:24698 ts_offset:0 SSRC:3076146323
[W][13:55:51.123160] mod.rtp-sink | [         audio.c:  553 rtp_audio_process_capture()] timestamp: expected 128 != actual 0
[I][13:55:51.123166] mod.rtp-sink | [         audio.c:  567 rtp_audio_process_capture()] (re)sync to timestamp:0 seq:24700 ts_offset:0 SSRC:3076146323
[W][13:55:51.125906] mod.rtp-sink | [         audio.c:  553 rtp_audio_process_capture()] timestamp: expected 128 != actual 0
[I][13:55:51.125911] mod.rtp-sink | [         audio.c:  567 rtp_audio_process_capture()] (re)sync to timestamp:0 seq:24702 ts_offset:0 SSRC:3076146323
[W][13:55:51.128408] mod.rtp-sink | [         audio.c:  553 rtp_audio_process_capture()] timestamp: expected 128 != actual 0
[I][13:55:51.128416] mod.rtp-sink | [         audio.c:  567 rtp_audio_process_capture()] (re)sync to timestamp:0 seq:24704 ts_offset:0 SSRC:3076146323
[W][13:55:51.131173] mod.rtp-sink | [         audio.c:  553 rtp_audio_process_capture()] timestamp: expected 128 != actual 0
[I][13:55:51.131184] mod.rtp-sink | [         audio.c:  567 rtp_audio_process_capture()] (re)sync to timestamp:0 seq:24706 ts_offset:0 SSRC:3076146323
[W][13:55:51.133902] mod.rtp-sink | [         audio.c:  553 rtp_audio_process_capture()] timestamp: expected 128 != actual 0
[I][13:55:51.133909] mod.rtp-sink | [         audio.c:  567 rtp_audio_process_capture()] (re)sync to timestamp:0 seq:24708 ts_offset:0 SSRC:3076146323
[W][13:55:51.136400] mod.rtp-sink | [         audio.c:  553 rtp_audio_process_capture()] timestamp: expected 128 != actual 0
[I][13:55:51.136406] mod.rtp-sink | [         audio.c:  567 rtp_audio_process_capture()] (re)sync to timestamp:0 seq:24710 ts_offset:0 SSRC:3076146323
[W][13:55:51.139161] mod.rtp-sink | [         audio.c:  553 rtp_audio_process_capture()] timestamp: expected 128 != actual 0
[I][13:55:51.139167] mod.rtp-sink | [         audio.c:  567 rtp_audio_process_capture()] (re)sync to timestamp:0 seq:24712 ts_offset:0 SSRC:3076146323
[W][13:55:51.141900] mod.rtp-sink | [         audio.c:  553 rtp_audio_process_capture()] timestamp: expected 128 != actual 0
[I][13:55:51.141908] mod.rtp-sink | [         audio.c:  567 rtp_audio_process_capture()] (re)sync to timestamp:0 seq:24714 ts_offset:0 SSRC:3076146323
[W][13:55:51.144408] mod.rtp-sink | [         audio.c:  553 rtp_audio_process_capture()] timestamp: expected 128 != actual 0
[I][13:55:51.144418] mod.rtp-sink | [         audio.c:  567 rtp_audio_process_capture()] (re)sync to timestamp:0 seq:24716 ts_offset:0 SSRC:3076146323
[W][13:55:51.147169] mod.rtp-sink | [         audio.c:  553 rtp_audio_process_capture()] timestamp: expected 128 != actual 0
[I][13:55:51.147181] mod.rtp-sink | [         audio.c:  567 rtp_audio_process_capture()] (re)sync to timestamp:0 seq:24718 ts_offset:0 SSRC:3076146323
[W][13:55:51.149894] mod.rtp-sink | [         audio.c:  553 rtp_audio_process_capture()] timestamp: expected 128 != actual 0
[I][13:55:51.149899] mod.rtp-sink | [         audio.c:  567 rtp_audio_process_capture()] (re)sync to timestamp:0 seq:24720 ts_offset:0 SSRC:3076146323
[W][13:55:51.152396] mod.rtp-sink | [         audio.c:  553 rtp_audio_process_capture()] timestamp: expected 128 != actual 0
[I][13:55:51.152405] mod.rtp-sink | [         audio.c:  567 rtp_audio_process_capture()] (re)sync to timestamp:0 seq:24722 ts_offset:0 SSRC:3076146323
[W][13:55:51.155149] mod.rtp-sink | [         audio.c:  553 rtp_audio_process_capture()] timestamp: expected 128 != actual 0
[I][13:55:51.155155] mod.rtp-sink | [         audio.c:  567 rtp_audio_process_capture()] (re)sync to timestamp:0 seq:24724 ts_offset:0 SSRC:3076146323
[W][13:55:51.157890] mod.rtp-sink | [         audio.c:  553 rtp_audio_process_capture()] timestamp: expected 128 != actual 0
[I][13:55:51.157895] mod.rtp-sink | [         audio.c:  567 rtp_audio_process_capture()] (re)sync to timestamp:0 seq:24726 ts_offset:0 SSRC:3076146323
[W][13:55:51.160394] mod.rtp-sink | [         audio.c:  553 rtp_audio_process_capture()] timestamp: expected 128 != actual 0
[I][13:55:51.160405] mod.rtp-sink | [         audio.c:  567 rtp_audio_process_capture()] (re)sync to timestamp:0 seq:24728 ts_offset:0 SSRC:3076146323
[W][13:55:51.163159] mod.rtp-sink | [         audio.c:  553 rtp_audio_process_capture()] timestamp: expected 128 != actual 0
[I][13:55:51.163171] mod.rtp-sink | [         audio.c:  567 rtp_audio_process_capture()] (re)sync to timestamp:0 seq:24730 ts_offset:0 SSRC:3076146323
[W][13:55:51.165894] mod.rtp-sink | [         audio.c:  553 rtp_audio_process_capture()] timestamp: expected 128 != actual 0
[I][13:55:51.165904] mod.rtp-sink | [         audio.c:  567 rtp_audio_process_capture()] (re)sync to timestamp:0 seq:24732 ts_offset:0 SSRC:3076146323
[W][13:55:51.168385] mod.rtp-sink | [         audio.c:  553 rtp_audio_process_capture()] timestamp: expected 128 != actual 0
[I][13:55:51.168391] mod.rtp-sink | [         audio.c:  567 rtp_audio_process_capture()] (re)sync to timestamp:0 seq:24734 ts_offset:0 SSRC:3076146323
[W][13:55:51.171131] mod.rtp-sink | [         audio.c:  553 rtp_audio_process_capture()] timestamp: expected 128 != actual 0
[I][13:55:51.171143] mod.rtp-sink | [         audio.c:  567 rtp_audio_process_capture()] (re)sync to timestamp:0 seq:24736 ts_offset:0 SSRC:3076146323
[W][13:55:51.173885] mod.rtp-sink | [         audio.c:  553 rtp_audio_process_capture()] timestamp: expected 128 != actual 0
[I][13:55:51.173891] mod.rtp-sink | [         audio.c:  567 rtp_audio_process_capture()] (re)sync to timestamp:0 seq:24738 ts_offset:0 SSRC:3076146323
[W][13:55:51.176402] mod.rtp-sink | [         audio.c:  553 rtp_audio_process_capture()] timestamp: expected 128 != actual 0
[I][13:55:51.176414] mod.rtp-sink | [         audio.c:  567 rtp_audio_process_capture()] (re)sync to timestamp:0 seq:24740 ts_offset:0 SSRC:3076146323
[W][13:55:51.179146] mod.rtp-sink | [         audio.c:  553 rtp_audio_process_capture()] timestamp: expected 128 != actual 0
[I][13:55:51.179157] mod.rtp-sink | [         audio.c:  567 rtp_audio_process_capture()] (re)sync to timestamp:0 seq:24742 ts_offset:0 SSRC:3076146323
[W][13:55:51.181883] mod.rtp-sink | [         audio.c:  553 rtp_audio_process_capture()] timestamp: expected 128 != actual 0
[I][13:55:51.181894] mod.rtp-sink | [         audio.c:  567 rtp_audio_process_capture()] (re)sync to timestamp:0 seq:24744 ts_offset:0 SSRC:3076146323
[W][13:55:51.184381] mod.rtp-sink | [         audio.c:  553 rtp_audio_process_capture()] timestamp: expected 128 != actual 0
[I][13:55:51.184389] mod.rtp-sink | [         audio.c:  567 rtp_audio_process_capture()] (re)sync to timestamp:0 seq:24746 ts_offset:0 SSRC:3076146323
[W][13:55:51.187125] mod.rtp-sink | [         audio.c:  553 rtp_audio_process_capture()] timestamp: expected 128 != actual 0
[I][13:55:51.187131] mod.rtp-sink | [         audio.c:  567 rtp_audio_process_capture()] (re)sync to timestamp:0 seq:24748 ts_offset:0 SSRC:3076146323
[W][13:55:51.189877] mod.rtp-sink | [         audio.c:  553 rtp_audio_process_capture()] timestamp: expected 128 != actual 0
[I][13:55:51.189884] mod.rtp-sink | [         audio.c:  567 rtp_audio_process_capture()] (re)sync to timestamp:0 seq:24750 ts_offset:0 SSRC:3076146323
[W][13:55:51.192374] mod.rtp-sink | [         audio.c:  553 rtp_audio_process_capture()] timestamp: expected 128 != actual 0
[I][13:55:51.192379] mod.rtp-sink | [         audio.c:  567 rtp_audio_process_capture()] (re)sync to timestamp:0 seq:24752 ts_offset:0 SSRC:3076146323
[W][13:55:51.195131] mod.rtp-sink | [         audio.c:  553 rtp_audio_process_capture()] timestamp: expected 128 != actual 0
[I][13:55:51.195150] mod.rtp-sink | [         audio.c:  567 rtp_audio_process_capture()] (re)sync to timestamp:0 seq:24754 ts_offset:0 SSRC:3076146323
[W][13:55:51.197876] mod.rtp-sink | [         audio.c:  553 rtp_audio_process_capture()] timestamp: expected 128 != actual 0
[I][13:55:51.197887] mod.rtp-sink | [         audio.c:  567 rtp_audio_process_capture()] (re)sync to timestamp:0 seq:24756 ts_offset:0 SSRC:3076146323
[W][13:55:51.200371] mod.rtp-sink | [         audio.c:  553 rtp_audio_process_capture()] timestamp: expected 128 != actual 0
[I][13:55:51.200379] mod.rtp-sink | [         audio.c:  567 rtp_audio_process_capture()] (re)sync to timestamp:0 seq:24758 ts_offset:0 SSRC:3076146323
[W][13:55:51.203115] mod.rtp-sink | [         audio.c:  553 rtp_audio_process_capture()] timestamp: expected 128 != actual 0
[I][13:55:51.203120] mod.rtp-sink | [         audio.c:  567 rtp_audio_process_capture()] (re)sync to timestamp:0 seq:24760 ts_offset:0 SSRC:3076146323
[W][13:55:51.205868] mod.rtp-sink | [         audio.c:  553 rtp_audio_process_capture()] timestamp: expected 128 != actual 0
[I][13:55:51.205873] mod.rtp-sink | [         audio.c:  567 rtp_audio_process_capture()] (re)sync to timestamp:0 seq:24762 ts_offset:0 SSRC:3076146323
[W][13:55:51.208363] mod.rtp-sink | [         audio.c:  553 rtp_audio_process_capture()] timestamp: expected 128 != actual 0
[I][13:55:51.208367] mod.rtp-sink | [         audio.c:  567 rtp_audio_process_capture()] (re)sync to timestamp:0 seq:24764 ts_offset:0 SSRC:3076146323
[W][13:55:51.211124] mod.rtp-sink | [         audio.c:  553 rtp_audio_process_capture()] timestamp: expected 128 != actual 0
[I][13:55:51.211131] mod.rtp-sink | [         audio.c:  567 rtp_audio_process_capture()] (re)sync to timestamp:0 seq:24766 ts_offset:0 SSRC:3076146323
[W][13:55:51.213869] mod.rtp-sink | [         audio.c:  553 rtp_audio_process_capture()] timestamp: expected 128 != actual 0
[I][13:55:51.213880] mod.rtp-sink | [         audio.c:  567 rtp_audio_process_capture()] (re)sync to timestamp:0 seq:24768 ts_offset:0 SSRC:3076146323
[W][13:55:51.216366] mod.rtp-sink | [         audio.c:  553 rtp_audio_process_capture()] timestamp: expected 128 != actual 0
[I][13:55:51.216377] mod.rtp-sink | [         audio.c:  567 rtp_audio_process_capture()] (re)sync to timestamp:0 seq:24770 ts_offset:0 SSRC:3076146323
[W][13:55:51.219113] mod.rtp-sink | [         audio.c:  553 rtp_audio_process_capture()] timestamp: expected 128 != actual 0
[I][13:55:51.219119] mod.rtp-sink | [         audio.c:  567 rtp_audio_process_capture()] (re)sync to timestamp:0 seq:24772 ts_offset:0 SSRC:3076146323
[W][13:55:51.221860] mod.rtp-sink | [         audio.c:  553 rtp_audio_process_capture()] timestamp: expected 128 != actual 0
[I][13:55:51.221866] mod.rtp-sink | [         audio.c:  567 rtp_audio_process_capture()] (re)sync to timestamp:0 seq:24774 ts_offset:0 SSRC:3076146323
[W][13:55:51.224362] mod.rtp-sink | [         audio.c:  553 rtp_audio_process_capture()] timestamp: expected 128 != actual 0
[I][13:55:51.224368] mod.rtp-sink | [         audio.c:  567 rtp_audio_process_capture()] (re)sync to timestamp:0 seq:24776 ts_offset:0 SSRC:3076146323
[W][13:55:51.227111] mod.rtp-sink | [         audio.c:  553 rtp_audio_process_capture()] timestamp: expected 128 != actual 0
[I][13:55:51.227120] mod.rtp-sink | [         audio.c:  567 rtp_audio_process_capture()] (re)sync to timestamp:0 seq:24778 ts_offset:0 SSRC:3076146323
[W][13:55:51.229869] mod.rtp-sink | [         audio.c:  553 rtp_audio_process_capture()] timestamp: expected 128 != actual 0
[I][13:55:51.229879] mod.rtp-sink | [         audio.c:  567 rtp_audio_process_capture()] (re)sync to timestamp:0 seq:24780 ts_offset:0 SSRC:3076146323
[W][13:55:51.232363] mod.rtp-sink | [         audio.c:  553 rtp_audio_process_capture()] timestamp: expected 128 != actual 0
[I][13:55:51.232373] mod.rtp-sink | [         audio.c:  567 rtp_audio_process_capture()] (re)sync to timestamp:0 seq:24782 ts_offset:0 SSRC:3076146323
[W][13:55:51.235101] mod.rtp-sink | [         audio.c:  553 rtp_audio_process_capture()] timestamp: expected 128 != actual 0
[I][13:55:51.235108] mod.rtp-sink | [         audio.c:  567 rtp_audio_process_capture()] (re)sync to timestamp:0 seq:24784 ts_offset:0 SSRC:3076146323
[W][13:55:51.237850] mod.rtp-sink | [         audio.c:  553 rtp_audio_process_capture()] timestamp: expected 128 != actual 0
[I][13:55:51.237858] mod.rtp-sink | [         audio.c:  567 rtp_audio_process_capture()] (re)sync to timestamp:0 seq:24786 ts_offset:0 SSRC:3076146323
[W][13:55:51.240603] mod.rtp-sink | [         audio.c:  553 rtp_audio_process_capture()] timestamp: expected 128 != actual 0
[I][13:55:51.240609] mod.rtp-sink | [         audio.c:  567 rtp_audio_process_capture()] (re)sync to timestamp:0 seq:24788 ts_offset:0 SSRC:3076146323
[W][13:55:51.243101] mod.rtp-sink | [         audio.c:  553 rtp_audio_process_capture()] timestamp: expected 128 != actual 0
[I][13:55:51.243108] mod.rtp-sink | [         audio.c:  567 rtp_audio_process_capture()] (re)sync to timestamp:0 seq:24790 ts_offset:0 SSRC:3076146323
[W][13:55:51.245856] mod.rtp-sink | [         audio.c:  553 rtp_audio_process_capture()] timestamp: expected 128 != actual 0
[I][13:55:51.245866] mod.rtp-sink | [         audio.c:  567 rtp_audio_process_capture()] (re)sync to timestamp:0 seq:24792 ts_offset:0 SSRC:3076146323
[W][13:55:51.248600] mod.rtp-sink | [         audio.c:  553 rtp_audio_process_capture()] timestamp: expected 128 != actual 0
[I][13:55:51.248611] mod.rtp-sink | [         audio.c:  567 rtp_audio_process_capture()] (re)sync to timestamp:0 seq:24794 ts_offset:0 SSRC:3076146323
[W][13:55:51.251099] mod.rtp-sink | [         audio.c:  553 rtp_audio_process_capture()] timestamp: expected 128 != actual 0
[I][13:55:51.251109] mod.rtp-sink | [         audio.c:  567 rtp_audio_process_capture()] (re)sync to timestamp:0 seq:24796 ts_offset:0 SSRC:3076146323
[W][13:55:51.253842] mod.rtp-sink | [         audio.c:  553 rtp_audio_process_capture()] timestamp: expected 128 != actual 0
[I][13:55:51.253849] mod.rtp-sink | [         audio.c:  567 rtp_audio_process_capture()] (re)sync to timestamp:0 seq:24798 ts_offset:0 SSRC:3076146323
[W][13:55:51.256597] mod.rtp-sink | [         audio.c:  553 rtp_audio_process_capture()] timestamp: expected 128 != actual 0
[I][13:55:51.256603] mod.rtp-sink | [         audio.c:  567 rtp_audio_process_capture()] (re)sync to timestamp:0 seq:24800 ts_offset:0 SSRC:3076146323
[W][13:55:51.259096] mod.rtp-sink | [         audio.c:  553 rtp_audio_process_capture()] timestamp: expected 128 != actual 0
[I][13:55:51.259105] mod.rtp-sink | [         audio.c:  567 rtp_audio_process_capture()] (re)sync to timestamp:0 seq:24802 ts_offset:0 SSRC:3076146323
[W][13:55:51.261847] mod.rtp-sink | [         audio.c:  553 rtp_audio_process_capture()] timestamp: expected 128 != actual 0
[I][13:55:51.261857] mod.rtp-sink | [         audio.c:  567 rtp_audio_process_capture()] (re)sync to timestamp:0 seq:24804 ts_offset:0 SSRC:3076146323
[W][13:55:51.264596] mod.rtp-sink | [         audio.c:  553 rtp_audio_process_capture()] timestamp: expected 128 != actual 0
[I][13:55:51.264608] mod.rtp-sink | [         audio.c:  567 rtp_audio_process_capture()] (re)sync to timestamp:0 seq:24806 ts_offset:0 SSRC:3076146323
[W][13:55:51.267093] mod.rtp-sink | [         audio.c:  553 rtp_audio_process_capture()] timestamp: expected 128 != actual 0
[I][13:55:51.267102] mod.rtp-sink | [         audio.c:  567 rtp_audio_process_capture()] (re)sync to timestamp:0 seq:24808 ts_offset:0 SSRC:3076146323
[W][13:55:51.269836] mod.rtp-sink | [         audio.c:  553 rtp_audio_process_capture()] timestamp: expected 128 != actual 0
[I][13:55:51.269841] mod.rtp-sink | [         audio.c:  567 rtp_audio_process_capture()] (re)sync to timestamp:0 seq:24810 ts_offset:0 SSRC:3076146323
[W][13:55:51.272588] mod.rtp-sink | [         audio.c:  553 rtp_audio_process_capture()] timestamp: expected 128 != actual 0
[I][13:55:51.272593] mod.rtp-sink | [         audio.c:  567 rtp_audio_process_capture()] (re)sync to timestamp:0 seq:24812 ts_offset:0 SSRC:3076146323
[W][13:55:51.275084] mod.rtp-sink | [         audio.c:  553 rtp_audio_process_capture()] timestamp: expected 128 != actual 0
[I][13:55:51.275090] mod.rtp-sink | [         audio.c:  567 rtp_audio_process_capture()] (re)sync to timestamp:0 seq:24814 ts_offset:0 SSRC:3076146323
[W][13:55:51.277842] mod.rtp-sink | [         audio.c:  553 rtp_audio_process_capture()] timestamp: expected 128 != actual 0
[I][13:55:51.277851] mod.rtp-sink | [         audio.c:  567 rtp_audio_process_capture()] (re)sync to timestamp:0 seq:24816 ts_offset:0 SSRC:3076146323
[W][13:55:51.280594] mod.rtp-sink | [         audio.c:  553 rtp_audio_process_capture()] timestamp: expected 128 != actual 0
[I][13:55:51.280605] mod.rtp-sink | [         audio.c:  567 rtp_audio_process_capture()] (re)sync to timestamp:0 seq:24818 ts_offset:0 SSRC:3076146323
[W][13:55:51.283092] mod.rtp-sink | [         audio.c:  553 rtp_audio_process_capture()] timestamp: expected 128 != actual 0
[I][13:55:51.283102] mod.rtp-sink | [         audio.c:  567 rtp_audio_process_capture()] (re)sync to timestamp:0 seq:24820 ts_offset:0 SSRC:3076146323
[W][13:55:51.285832] mod.rtp-sink | [         audio.c:  553 rtp_audio_process_capture()] timestamp: expected 128 != actual 0
[I][13:55:51.285840] mod.rtp-sink | [         audio.c:  567 rtp_audio_process_capture()] (re)sync to timestamp:0 seq:24822 ts_offset:0 SSRC:3076146323
[W][13:55:51.288583] mod.rtp-sink | [         audio.c:  553 rtp_audio_process_capture()] timestamp: expected 128 != actual 0
[I][13:55:51.288592] mod.rtp-sink | [         audio.c:  567 rtp_audio_process_capture()] (re)sync to timestamp:0 seq:24824 ts_offset:0 SSRC:3076146323
[W][13:55:51.291079] mod.rtp-sink | [         audio.c:  553 rtp_audio_process_capture()] timestamp: expected 128 != actual 0
[I][13:55:51.291086] mod.rtp-sink | [         audio.c:  567 rtp_audio_process_capture()] (re)sync to timestamp:0 seq:24826 ts_offset:0 SSRC:3076146323
[W][13:55:51.293839] mod.rtp-sink | [         audio.c:  553 rtp_audio_process_capture()] timestamp: expected 128 != actual 0
[I][13:55:51.293850] mod.rtp-sink | [         audio.c:  567 rtp_audio_process_capture()] (re)sync to timestamp:0 seq:24828 ts_offset:0 SSRC:3076146323
[W][13:55:51.296590] mod.rtp-sink | [         audio.c:  553 rtp_audio_process_capture()] timestamp: expected 128 != actual 0
[I][13:55:51.296600] mod.rtp-sink | [         audio.c:  567 rtp_audio_process_capture()] (re)sync to timestamp:0 seq:24830 ts_offset:0 SSRC:3076146323
[W][13:55:51.299077] mod.rtp-sink | [         audio.c:  553 rtp_audio_process_capture()] timestamp: expected 128 != actual 0
[I][13:55:51.299086] mod.rtp-sink | [         audio.c:  567 rtp_audio_process_capture()] (re)sync to timestamp:0 seq:24832 ts_offset:0 SSRC:3076146323
[W][13:55:51.301827] mod.rtp-sink | [         audio.c:  553 rtp_audio_process_capture()] timestamp: expected 128 != actual 0
[I][13:55:51.301837] mod.rtp-sink | [         audio.c:  567 rtp_audio_process_capture()] (re)sync to timestamp:0 seq:24834 ts_offset:0 SSRC:3076146323
[W][13:55:51.304574] mod.rtp-sink | [         audio.c:  553 rtp_audio_process_capture()] timestamp: expected 128 != actual 0
[I][13:55:51.304581] mod.rtp-sink | [         audio.c:  567 rtp_audio_process_capture()] (re)sync to timestamp:0 seq:24836 ts_offset:0 SSRC:3076146323
[W][13:55:51.307070] mod.rtp-sink | [         audio.c:  553 rtp_audio_process_capture()] timestamp: expected 128 != actual 0
[I][13:55:51.307077] mod.rtp-sink | [         audio.c:  567 rtp_audio_process_capture()] (re)sync to timestamp:0 seq:24838 ts_offset:0 SSRC:3076146323
[W][13:55:51.309819] mod.rtp-sink | [         audio.c:  553 rtp_audio_process_capture()] timestamp: expected 128 != actual 0
[I][13:55:51.309827] mod.rtp-sink | [         audio.c:  567 rtp_audio_process_capture()] (re)sync to timestamp:0 seq:24840 ts_offset:0 SSRC:3076146323
[W][13:55:51.312578] mod.rtp-sink | [         audio.c:  553 rtp_audio_process_capture()] timestamp: expected 128 != actual 0
[I][13:55:51.312590] mod.rtp-sink | [         audio.c:  567 rtp_audio_process_capture()] (re)sync to timestamp:0 seq:24842 ts_offset:0 SSRC:3076146323
[W][13:55:51.315074] mod.rtp-sink | [         audio.c:  553 rtp_audio_process_capture()] timestamp: expected 128 != actual 0
[I][13:55:51.315084] mod.rtp-sink | [         audio.c:  567 rtp_audio_process_capture()] (re)sync to timestamp:0 seq:24844 ts_offset:0 SSRC:3076146323
[W][13:55:51.317816] mod.rtp-sink | [         audio.c:  553 rtp_audio_process_capture()] timestamp: expected 128 != actual 0
[I][13:55:51.317824] mod.rtp-sink | [         audio.c:  567 rtp_audio_process_capture()] (re)sync to timestamp:0 seq:24846 ts_offset:0 SSRC:3076146323
[W][13:55:51.320566] mod.rtp-sink | [         audio.c:  553 rtp_audio_process_capture()] timestamp: expected 128 != actual 0
[I][13:55:51.320572] mod.rtp-sink | [         audio.c:  567 rtp_audio_process_capture()] (re)sync to timestamp:0 seq:24848 ts_offset:0 SSRC:3076146323
[W][13:55:51.323066] mod.rtp-sink | [         audio.c:  553 rtp_audio_process_capture()] timestamp: expected 128 != actual 0
[I][13:55:51.323072] mod.rtp-sink | [         audio.c:  567 rtp_audio_process_capture()] (re)sync to timestamp:0 seq:24850 ts_offset:0 SSRC:3076146323
[W][13:55:51.325815] mod.rtp-sink | [         audio.c:  553 rtp_audio_process_capture()] timestamp: expected 128 != actual 0
[I][13:55:51.325821] mod.rtp-sink | [         audio.c:  567 rtp_audio_process_capture()] (re)sync to timestamp:0 seq:24852 ts_offset:0 SSRC:3076146323
[W][13:55:51.328566] mod.rtp-sink | [         audio.c:  553 rtp_audio_process_capture()] timestamp: expected 128 != actual 0
[I][13:55:51.328575] mod.rtp-sink | [         audio.c:  567 rtp_audio_process_capture()] (re)sync to timestamp:0 seq:24854 ts_offset:0 SSRC:3076146323
[W][13:55:51.331069] mod.rtp-sink | [         audio.c:  553 rtp_audio_process_capture()] timestamp: expected 128 != actual 0
[I][13:55:51.331079] mod.rtp-sink | [         audio.c:  567 rtp_audio_process_capture()] (re)sync to timestamp:0 seq:24856 ts_offset:0 SSRC:3076146323
[W][13:55:51.333810] mod.rtp-sink | [         audio.c:  553 rtp_audio_process_capture()] timestamp: expected 128 != actual 0
[I][13:55:51.333818] mod.rtp-sink | [         audio.c:  567 rtp_audio_process_capture()] (re)sync to timestamp:0 seq:24858 ts_offset:0 SSRC:3076146323
[W][13:55:51.336560] mod.rtp-sink | [         audio.c:  553 rtp_audio_process_capture()] timestamp: expected 128 != actual 0
[I][13:55:51.336566] mod.rtp-sink | [         audio.c:  567 rtp_audio_process_capture()] (re)sync to timestamp:0 seq:24860 ts_offset:0 SSRC:3076146323
[W][13:55:51.339053] mod.rtp-sink | [         audio.c:  553 rtp_audio_process_capture()] timestamp: expected 128 != actual 0
[I][13:55:51.339059] mod.rtp-sink | [         audio.c:  567 rtp_audio_process_capture()] (re)sync to timestamp:0 seq:24862 ts_offset:0 SSRC:3076146323
[W][13:55:51.341800] mod.rtp-sink | [         audio.c:  553 rtp_audio_process_capture()] timestamp: expected 128 != actual 0
[I][13:55:51.341805] mod.rtp-sink | [         audio.c:  567 rtp_audio_process_capture()] (re)sync to timestamp:0 seq:24864 ts_offset:0 SSRC:3076146323
[W][13:55:51.344561] mod.rtp-sink | [         audio.c:  553 rtp_audio_process_capture()] timestamp: expected 128 != actual 0
[I][13:55:51.344569] mod.rtp-sink | [         audio.c:  567 rtp_audio_process_capture()] (re)sync to timestamp:0 seq:24866 ts_offset:0 SSRC:3076146323
[W][13:55:51.347060] mod.rtp-sink | [         audio.c:  553 rtp_audio_process_capture()] timestamp: expected 128 != actual 0
[I][13:55:51.347069] mod.rtp-sink | [         audio.c:  567 rtp_audio_process_capture()] (re)sync to timestamp:0 seq:24868 ts_offset:0 SSRC:3076146323
[W][13:55:51.349804] mod.rtp-sink | [         audio.c:  553 rtp_audio_process_capture()] timestamp: expected 128 != actual 0
[I][13:55:51.349812] mod.rtp-sink | [         audio.c:  567 rtp_audio_process_capture()] (re)sync to timestamp:0 seq:24870 ts_offset:0 SSRC:3076146323
[W][13:55:51.352552] mod.rtp-sink | [         audio.c:  553 rtp_audio_process_capture()] timestamp: expected 128 != actual 0
[I][13:55:51.352558] mod.rtp-sink | [         audio.c:  567 rtp_audio_process_capture()] (re)sync to timestamp:0 seq:24872 ts_offset:0 SSRC:3076146323
[W][13:55:51.355047] mod.rtp-sink | [         audio.c:  553 rtp_audio_process_capture()] timestamp: expected 128 != actual 0
[I][13:55:51.355053] mod.rtp-sink | [         audio.c:  567 rtp_audio_process_capture()] (re)sync to timestamp:0 seq:24874 ts_offset:0 SSRC:3076146323
[W][13:55:51.357800] mod.rtp-sink | [         audio.c:  553 rtp_audio_process_capture()] timestamp: expected 128 != actual 0
[I][13:55:51.357806] mod.rtp-sink | [         audio.c:  567 rtp_audio_process_capture()] (re)sync to timestamp:0 seq:24876 ts_offset:0 SSRC:3076146323
[W][13:55:51.360559] mod.rtp-sink | [         audio.c:  553 rtp_audio_process_capture()] timestamp: expected 128 != actual 0
[I][13:55:51.360568] mod.rtp-sink | [         audio.c:  567 rtp_audio_process_capture()] (re)sync to timestamp:0 seq:24878 ts_offset:0 SSRC:3076146323
[W][13:55:51.363058] mod.rtp-sink | [         audio.c:  553 rtp_audio_process_capture()] timestamp: expected 128 != actual 0
[I][13:55:51.363067] mod.rtp-sink | [         audio.c:  567 rtp_audio_process_capture()] (re)sync to timestamp:0 seq:24880 ts_offset:0 SSRC:3076146323
[W][13:55:51.365803] mod.rtp-sink | [         audio.c:  553 rtp_audio_process_capture()] timestamp: expected 128 != actual 0
[I][13:55:51.365813] mod.rtp-sink | [         audio.c:  567 rtp_audio_process_capture()] (re)sync to timestamp:0 seq:24882 ts_offset:0 SSRC:3076146323
[W][13:55:51.368544] mod.rtp-sink | [         audio.c:  553 rtp_audio_process_capture()] timestamp: expected 128 != actual 0
[I][13:55:51.368553] mod.rtp-sink | [         audio.c:  567 rtp_audio_process_capture()] (re)sync to timestamp:0 seq:24884 ts_offset:0 SSRC:3076146323
[W][13:55:51.371041] mod.rtp-sink | [         audio.c:  553 rtp_audio_process_capture()] timestamp: expected 128 != actual 0
[I][13:55:51.371047] mod.rtp-sink | [         audio.c:  567 rtp_audio_process_capture()] (re)sync to timestamp:0 seq:24886 ts_offset:0 SSRC:3076146323
[W][13:55:51.373787] mod.rtp-sink | [         audio.c:  553 rtp_audio_process_capture()] timestamp: expected 128 != actual 0
[I][13:55:51.373793] mod.rtp-sink | [         audio.c:  567 rtp_audio_process_capture()] (re)sync to timestamp:0 seq:24888 ts_offset:0 SSRC:3076146323
[W][13:55:51.376540] mod.rtp-sink | [         audio.c:  553 rtp_audio_process_capture()] timestamp: expected 128 != actual 0
[I][13:55:51.376548] mod.rtp-sink | [         audio.c:  567 rtp_audio_process_capture()] (re)sync to timestamp:0 seq:24890 ts_offset:0 SSRC:3076146323
[W][13:55:51.379047] mod.rtp-sink | [         audio.c:  553 rtp_audio_process_capture()] timestamp: expected 128 != actual 0
[I][13:55:51.379058] mod.rtp-sink | [         audio.c:  567 rtp_audio_process_capture()] (re)sync to timestamp:0 seq:24892 ts_offset:0 SSRC:3076146323
[W][13:55:51.381790] mod.rtp-sink | [         audio.c:  553 rtp_audio_process_capture()] timestamp: expected 128 != actual 0
[I][13:55:51.381802] mod.rtp-sink | [         audio.c:  567 rtp_audio_process_capture()] (re)sync to timestamp:0 seq:24894 ts_offset:0 SSRC:3076146323
[W][13:55:51.384538] mod.rtp-sink | [         audio.c:  553 rtp_audio_process_capture()] timestamp: expected 128 != actual 0
[I][13:55:51.384548] mod.rtp-sink | [         audio.c:  567 rtp_audio_process_capture()] (re)sync to timestamp:0 seq:24896 ts_offset:0 SSRC:3076146323
[W][13:55:51.387035] mod.rtp-sink | [         audio.c:  553 rtp_audio_process_capture()] timestamp: expected 128 != actual 0
[I][13:55:51.387042] mod.rtp-sink | [         audio.c:  567 rtp_audio_process_capture()] (re)sync to timestamp:0 seq:24898 ts_offset:0 SSRC:3076146323
[W][13:55:51.389780] mod.rtp-sink | [         audio.c:  553 rtp_audio_process_capture()] timestamp: expected 128 != actual 0
[I][13:55:51.389786] mod.rtp-sink | [         audio.c:  567 rtp_audio_process_capture()] (re)sync to timestamp:0 seq:24900 ts_offset:0 SSRC:3076146323
[W][13:55:51.392534] mod.rtp-sink | [         audio.c:  553 rtp_audio_process_capture()] timestamp: expected 128 != actual 0
[I][13:55:51.392541] mod.rtp-sink | [         audio.c:  567 rtp_audio_process_capture()] (re)sync to timestamp:0 seq:24902 ts_offset:0 SSRC:3076146323
[W][13:55:51.395038] mod.rtp-sink | [         audio.c:  553 rtp_audio_process_capture()] timestamp: expected 128 != actual 0
[I][13:55:51.395048] mod.rtp-sink | [         audio.c:  567 rtp_audio_process_capture()] (re)sync to timestamp:0 seq:24904 ts_offset:0 SSRC:3076146323
[W][13:55:51.397782] mod.rtp-sink | [         audio.c:  553 rtp_audio_process_capture()] timestamp: expected 128 != actual 0
[I][13:55:51.397791] mod.rtp-sink | [         audio.c:  567 rtp_audio_process_capture()] (re)sync to timestamp:0 seq:24906 ts_offset:0 SSRC:3076146323
[W][13:55:51.400531] mod.rtp-sink | [         audio.c:  553 rtp_audio_process_capture()] timestamp: expected 128 != actual 0
[I][13:55:51.400540] mod.rtp-sink | [         audio.c:  567 rtp_audio_process_capture()] (re)sync to timestamp:0 seq:24908 ts_offset:0 SSRC:3076146323
[W][13:55:51.403028] mod.rtp-sink | [         audio.c:  553 rtp_audio_process_capture()] timestamp: expected 128 != actual 0
[I][13:55:51.403035] mod.rtp-sink | [         audio.c:  567 rtp_audio_process_capture()] (re)sync to timestamp:0 seq:24910 ts_offset:0 SSRC:3076146323
[W][13:55:51.405773] mod.rtp-sink | [         audio.c:  553 rtp_audio_process_capture()] timestamp: expected 128 != actual 0
[I][13:55:51.405780] mod.rtp-sink | [         audio.c:  567 rtp_audio_process_capture()] (re)sync to timestamp:0 seq:24912 ts_offset:0 SSRC:3076146323
[W][13:55:51.408528] mod.rtp-sink | [         audio.c:  553 rtp_audio_process_capture()] timestamp: expected 128 != actual 0
[I][13:55:51.408535] mod.rtp-sink | [         audio.c:  567 rtp_audio_process_capture()] (re)sync to timestamp:0 seq:24914 ts_offset:0 SSRC:3076146323
[W][13:55:51.411287] mod.rtp-sink | [         audio.c:  553 rtp_audio_process_capture()] timestamp: expected 128 != actual 0
[I][13:55:51.411296] mod.rtp-sink | [         audio.c:  567 rtp_audio_process_capture()] (re)sync to timestamp:0 seq:24916 ts_offset:0 SSRC:3076146323
[W][13:55:51.413784] mod.rtp-sink | [         audio.c:  553 rtp_audio_process_capture()] timestamp: expected 128 != actual 0
[I][13:55:51.413795] mod.rtp-sink | [         audio.c:  567 rtp_audio_process_capture()] (re)sync to timestamp:0 seq:24918 ts_offset:0 SSRC:3076146323
[W][13:55:51.416525] mod.rtp-sink | [         audio.c:  553 rtp_audio_process_capture()] timestamp: expected 128 != actual 0
[I][13:55:51.416534] mod.rtp-sink | [         audio.c:  567 rtp_audio_process_capture()] (re)sync to timestamp:0 seq:24920 ts_offset:0 SSRC:3076146323
[W][13:55:51.419270] mod.rtp-sink | [         audio.c:  553 rtp_audio_process_capture()] timestamp: expected 128 != actual 0
[I][13:55:51.419279] mod.rtp-sink | [         audio.c:  567 rtp_audio_process_capture()] (re)sync to timestamp:0 seq:24922 ts_offset:0 SSRC:3076146323
[W][13:55:51.421768] mod.rtp-sink | [         audio.c:  553 rtp_audio_process_capture()] timestamp: expected 128 != actual 0
[I][13:55:51.421774] mod.rtp-sink | [         audio.c:  567 rtp_audio_process_capture()] (re)sync to timestamp:0 seq:24924 ts_offset:0 SSRC:3076146323
[W][13:55:51.424513] mod.rtp-sink | [         audio.c:  553 rtp_audio_process_capture()] timestamp: expected 128 != actual 0
[I][13:55:51.424519] mod.rtp-sink | [         audio.c:  567 rtp_audio_process_capture()] (re)sync to timestamp:0 seq:24926 ts_offset:0 SSRC:3076146323
[W][13:55:51.427277] mod.rtp-sink | [         audio.c:  553 rtp_audio_process_capture()] timestamp: expected 128 != actual 0
[I][13:55:51.427289] mod.rtp-sink | [         audio.c:  567 rtp_audio_process_capture()] (re)sync to timestamp:0 seq:24928 ts_offset:0 SSRC:3076146323
[W][13:55:51.429774] mod.rtp-sink | [         audio.c:  553 rtp_audio_process_capture()] timestamp: expected 128 != actual 0
[I][13:55:51.429785] mod.rtp-sink | [         audio.c:  567 rtp_audio_process_capture()] (re)sync to timestamp:0 seq:24930 ts_offset:0 SSRC:3076146323
[W][13:55:51.432519] mod.rtp-sink | [         audio.c:  553 rtp_audio_process_capture()] timestamp: expected 128 != actual 0
[I][13:55:51.432529] mod.rtp-sink | [         audio.c:  567 rtp_audio_process_capture()] (re)sync to timestamp:0 seq:24932 ts_offset:0 SSRC:3076146323
[W][13:55:51.435261] mod.rtp-sink | [         audio.c:  553 rtp_audio_process_capture()] timestamp: expected 128 != actual 0
[I][13:55:51.435270] mod.rtp-sink | [         audio.c:  567 rtp_audio_process_capture()] (re)sync to timestamp:0 seq:24934 ts_offset:0 SSRC:3076146323
[W][13:55:51.437759] mod.rtp-sink | [         audio.c:  553 rtp_audio_process_capture()] timestamp: expected 128 != actual 0
[I][13:55:51.437765] mod.rtp-sink | [         audio.c:  567 rtp_audio_process_capture()] (re)sync to timestamp:0 seq:24936 ts_offset:0 SSRC:3076146323
[W][13:55:51.440506] mod.rtp-sink | [         audio.c:  553 rtp_audio_process_capture()] timestamp: expected 128 != actual 0
[I][13:55:51.440511] mod.rtp-sink | [         audio.c:  567 rtp_audio_process_capture()] (re)sync to timestamp:0 seq:24938 ts_offset:0 SSRC:3076146323
[W][13:55:51.443263] mod.rtp-sink | [         audio.c:  553 rtp_audio_process_capture()] timestamp: expected 128 != actual 0
[I][13:55:51.443273] mod.rtp-sink | [         audio.c:  567 rtp_audio_process_capture()] (re)sync to timestamp:0 seq:24940 ts_offset:0 SSRC:3076146323
[W][13:55:51.445769] mod.rtp-sink | [         audio.c:  553 rtp_audio_process_capture()] timestamp: expected 128 != actual 0
[I][13:55:51.445781] mod.rtp-sink | [         audio.c:  567 rtp_audio_process_capture()] (re)sync to timestamp:0 seq:24942 ts_offset:0 SSRC:3076146323
[W][13:55:51.448508] mod.rtp-sink | [         audio.c:  553 rtp_audio_process_capture()] timestamp: expected 128 != actual 0
[I][13:55:51.448516] mod.rtp-sink | [         audio.c:  567 rtp_audio_process_capture()] (re)sync to timestamp:0 seq:24944 ts_offset:0 SSRC:3076146323
[W][13:55:51.451257] mod.rtp-sink | [         audio.c:  553 rtp_audio_process_capture()] timestamp: expected 128 != actual 0
[I][13:55:51.451264] mod.rtp-sink | [         audio.c:  567 rtp_audio_process_capture()] (re)sync to timestamp:0 seq:24946 ts_offset:0 SSRC:3076146323
[W][13:55:51.453756] mod.rtp-sink | [         audio.c:  553 rtp_audio_process_capture()] timestamp: expected 128 != actual 0
[I][13:55:51.453763] mod.rtp-sink | [         audio.c:  567 rtp_audio_process_capture()] (re)sync to timestamp:0 seq:24948 ts_offset:0 SSRC:3076146323
[W][13:55:51.456499] mod.rtp-sink | [         audio.c:  553 rtp_audio_process_capture()] timestamp: expected 128 != actual 0
[I][13:55:51.456506] mod.rtp-sink | [         audio.c:  567 rtp_audio_process_capture()] (re)sync to timestamp:0 seq:24950 ts_offset:0 SSRC:3076146323
[W][13:55:51.459252] mod.rtp-sink | [         audio.c:  553 rtp_audio_process_capture()] timestamp: expected 128 != actual 0
[I][13:55:51.459259] mod.rtp-sink | [         audio.c:  567 rtp_audio_process_capture()] (re)sync to timestamp:0 seq:24952 ts_offset:0 SSRC:3076146323
[W][13:55:51.461755] mod.rtp-sink | [         audio.c:  553 rtp_audio_process_capture()] timestamp: expected 128 != actual 0
[I][13:55:51.461766] mod.rtp-sink | [         audio.c:  567 rtp_audio_process_capture()] (re)sync to timestamp:0 seq:24954 ts_offset:0 SSRC:3076146323
[W][13:55:51.464505] mod.rtp-sink | [         audio.c:  553 rtp_audio_process_capture()] timestamp: expected 128 != actual 0
[I][13:55:51.464516] mod.rtp-sink | [         audio.c:  567 rtp_audio_process_capture()] (re)sync to timestamp:0 seq:24956 ts_offset:0 SSRC:3076146323
[W][13:55:51.467252] mod.rtp-sink | [         audio.c:  553 rtp_audio_process_capture()] timestamp: expected 128 != actual 0
[I][13:55:51.467261] mod.rtp-sink | [         audio.c:  567 rtp_audio_process_capture()] (re)sync to timestamp:0 seq:24958 ts_offset:0 SSRC:3076146323
[W][13:55:51.469742] mod.rtp-sink | [         audio.c:  553 rtp_audio_process_capture()] timestamp: expected 128 != actual 0
[I][13:55:51.469746] mod.rtp-sink | [         audio.c:  567 rtp_audio_process_capture()] (re)sync to timestamp:0 seq:24960 ts_offset:0 SSRC:3076146323
[W][13:55:51.472493] mod.rtp-sink | [         audio.c:  553 rtp_audio_process_capture()] timestamp: expected 128 != actual 0
[I][13:55:51.472499] mod.rtp-sink | [         audio.c:  567 rtp_audio_process_capture()] (re)sync to timestamp:0 seq:24962 ts_offset:0 SSRC:3076146323
[W][13:55:51.475246] mod.rtp-sink | [         audio.c:  553 rtp_audio_process_capture()] timestamp: expected 128 != actual 0
[I][13:55:51.475254] mod.rtp-sink | [         audio.c:  567 rtp_audio_process_capture()] (re)sync to timestamp:0 seq:24964 ts_offset:0 SSRC:3076146323
[W][13:55:51.477758] mod.rtp-sink | [         audio.c:  553 rtp_audio_process_capture()] timestamp: expected 128 != actual 0
[I][13:55:51.477769] mod.rtp-sink | [         audio.c:  567 rtp_audio_process_capture()] (re)sync to timestamp:0 seq:24966 ts_offset:0 SSRC:3076146323
[W][13:55:51.480496] mod.rtp-sink | [         audio.c:  553 rtp_audio_process_capture()] timestamp: expected 128 != actual 0
[I][13:55:51.480507] mod.rtp-sink | [         audio.c:  567 rtp_audio_process_capture()] (re)sync to timestamp:0 seq:24968 ts_offset:0 SSRC:3076146323
[W][13:55:51.483245] mod.rtp-sink | [         audio.c:  553 rtp_audio_process_capture()] timestamp: expected 128 != actual 0
[I][13:55:51.483254] mod.rtp-sink | [         audio.c:  567 rtp_audio_process_capture()] (re)sync to timestamp:0 seq:24970 ts_offset:0 SSRC:3076146323
[W][13:55:51.485743] mod.rtp-sink | [         audio.c:  553 rtp_audio_process_capture()] timestamp: expected 128 != actual 0
[I][13:55:51.485750] mod.rtp-sink | [         audio.c:  567 rtp_audio_process_capture()] (re)sync to timestamp:0 seq:24972 ts_offset:0 SSRC:3076146323
[W][13:55:51.488486] mod.rtp-sink | [         audio.c:  553 rtp_audio_process_capture()] timestamp: expected 128 != actual 0
[I][13:55:51.488493] mod.rtp-sink | [         audio.c:  567 rtp_audio_process_capture()] (re)sync to timestamp:0 seq:24974 ts_offset:0 SSRC:3076146323
[W][13:55:51.491236] mod.rtp-sink | [         audio.c:  553 rtp_audio_process_capture()] timestamp: expected 128 != actual 0
[I][13:55:51.491243] mod.rtp-sink | [         audio.c:  567 rtp_audio_process_capture()] (re)sync to timestamp:0 seq:24976 ts_offset:0 SSRC:3076146323
[W][13:55:51.493740] mod.rtp-sink | [         audio.c:  553 rtp_audio_process_capture()] timestamp: expected 128 != actual 0
[I][13:55:51.493752] mod.rtp-sink | [         audio.c:  567 rtp_audio_process_capture()] (re)sync to timestamp:0 seq:24978 ts_offset:0 SSRC:3076146323
[W][13:55:51.496493] mod.rtp-sink | [         audio.c:  553 rtp_audio_process_capture()] timestamp: expected 128 != actual 0
[I][13:55:51.496507] mod.rtp-sink | [         audio.c:  567 rtp_audio_process_capture()] (re)sync to timestamp:0 seq:24980 ts_offset:0 SSRC:3076146323
[W][13:55:51.499241] mod.rtp-sink | [         audio.c:  553 rtp_audio_process_capture()] timestamp: expected 128 != actual 0
[I][13:55:51.499253] mod.rtp-sink | [         audio.c:  567 rtp_audio_process_capture()] (re)sync to timestamp:0 seq:24982 ts_offset:0 SSRC:3076146323
[W][13:55:51.501730] mod.rtp-sink | [         audio.c:  553 rtp_audio_process_capture()] timestamp: expected 128 != actual 0
[I][13:55:51.501737] mod.rtp-sink | [         audio.c:  567 rtp_audio_process_capture()] (re)sync to timestamp:0 seq:24984 ts_offset:0 SSRC:3076146323
[W][13:55:51.504475] mod.rtp-sink | [         audio.c:  553 rtp_audio_process_capture()] timestamp: expected 128 != actual 0
[I][13:55:51.504480] mod.rtp-sink | [         audio.c:  567 rtp_audio_process_capture()] (re)sync to timestamp:0 seq:24986 ts_offset:0 SSRC:3076146323
[W][13:55:51.507229] mod.rtp-sink | [         audio.c:  553 rtp_audio_process_capture()] timestamp: expected 128 != actual 0
[I][13:55:51.507235] mod.rtp-sink | [         audio.c:  567 rtp_audio_process_capture()] (re)sync to timestamp:0 seq:24988 ts_offset:0 SSRC:3076146323
[W][13:55:51.509732] mod.rtp-sink | [         audio.c:  553 rtp_audio_process_capture()] timestamp: expected 128 != actual 0
[I][13:55:51.509740] mod.rtp-sink | [         audio.c:  567 rtp_audio_process_capture()] (re)sync to timestamp:0 seq:24990 ts_offset:0 SSRC:3076146323
[W][13:55:51.512490] mod.rtp-sink | [         audio.c:  553 rtp_audio_process_capture()] timestamp: expected 128 != actual 0
[I][13:55:51.512503] mod.rtp-sink | [         audio.c:  567 rtp_audio_process_capture()] (re)sync to timestamp:0 seq:24992 ts_offset:0 SSRC:3076146323
[W][13:55:51.515227] mod.rtp-sink | [         audio.c:  553 rtp_audio_process_capture()] timestamp: expected 128 != actual 0
[I][13:55:51.515236] mod.rtp-sink | [         audio.c:  567 rtp_audio_process_capture()] (re)sync to timestamp:0 seq:24994 ts_offset:0 SSRC:3076146323
[W][13:55:51.517725] mod.rtp-sink | [         audio.c:  553 rtp_audio_process_capture()] timestamp: expected 128 != actual 0
[I][13:55:51.517733] mod.rtp-sink | [         audio.c:  567 rtp_audio_process_capture()] (re)sync to timestamp:0 seq:24996 ts_offset:0 SSRC:3076146323
[W][13:55:51.520470] mod.rtp-sink | [         audio.c:  553 rtp_audio_process_capture()] timestamp: expected 128 != actual 0
[I][13:55:51.520476] mod.rtp-sink | [         audio.c:  567 rtp_audio_process_capture()] (re)sync to timestamp:0 seq:24998 ts_offset:0 SSRC:3076146323
[W][13:55:51.523222] mod.rtp-sink | [         audio.c:  553 rtp_audio_process_capture()] timestamp: expected 128 != actual 0
[I][13:55:51.523229] mod.rtp-sink | [         audio.c:  567 rtp_audio_process_capture()] (re)sync to timestamp:0 seq:25000 ts_offset:0 SSRC:3076146323
[W][13:55:51.525724] mod.rtp-sink | [         audio.c:  553 rtp_audio_process_capture()] timestamp: expected 128 != actual 0
[I][13:55:51.525732] mod.rtp-sink | [         audio.c:  567 rtp_audio_process_capture()] (re)sync to timestamp:0 seq:25002 ts_offset:0 SSRC:3076146323
[W][13:55:51.528474] mod.rtp-sink | [         audio.c:  553 rtp_audio_process_capture()] timestamp: expected 128 != actual 0
[I][13:55:51.528486] mod.rtp-sink | [         audio.c:  567 rtp_audio_process_capture()] (re)sync to timestamp:0 seq:25004 ts_offset:0 SSRC:3076146323
[W][13:55:51.531220] mod.rtp-sink | [         audio.c:  553 rtp_audio_process_capture()] timestamp: expected 128 != actual 0
[I][13:55:51.531230] mod.rtp-sink | [         audio.c:  567 rtp_audio_process_capture()] (re)sync to timestamp:0 seq:25006 ts_offset:0 SSRC:3076146323
[W][13:55:51.533717] mod.rtp-sink | [         audio.c:  553 rtp_audio_process_capture()] timestamp: expected 128 != actual 0
[I][13:55:51.533725] mod.rtp-sink | [         audio.c:  567 rtp_audio_process_capture()] (re)sync to timestamp:0 seq:25008 ts_offset:0 SSRC:3076146323
[W][13:55:51.536466] mod.rtp-sink | [         audio.c:  553 rtp_audio_process_capture()] timestamp: expected 128 != actual 0
[I][13:55:51.536473] mod.rtp-sink | [         audio.c:  567 rtp_audio_process_capture()] (re)sync to timestamp:0 seq:25010 ts_offset:0 SSRC:3076146323
[W][13:55:51.539214] mod.rtp-sink | [         audio.c:  553 rtp_audio_process_capture()] timestamp: expected 128 != actual 0
[I][13:55:51.539221] mod.rtp-sink | [         audio.c:  567 rtp_audio_process_capture()] (re)sync to timestamp:0 seq:25012 ts_offset:0 SSRC:3076146323
[W][13:55:51.541713] mod.rtp-sink | [         audio.c:  553 rtp_audio_process_capture()] timestamp: expected 128 != actual 0
[I][13:55:51.541719] mod.rtp-sink | [         audio.c:  567 rtp_audio_process_capture()] (re)sync to timestamp:0 seq:25014 ts_offset:0 SSRC:3076146323
[W][13:55:51.544472] mod.rtp-sink | [         audio.c:  553 rtp_audio_process_capture()] timestamp: expected 128 != actual 0
[I][13:55:51.544486] mod.rtp-sink | [         audio.c:  567 rtp_audio_process_capture()] (re)sync to timestamp:0 seq:25016 ts_offset:0 SSRC:3076146323
[W][13:55:51.547219] mod.rtp-sink | [         audio.c:  553 rtp_audio_process_capture()] timestamp: expected 128 != actual 0
[I][13:55:51.547232] mod.rtp-sink | [         audio.c:  567 rtp_audio_process_capture()] (re)sync to timestamp:0 seq:25018 ts_offset:0 SSRC:3076146323
[W][13:55:51.549721] mod.rtp-sink | [         audio.c:  553 rtp_audio_process_capture()] timestamp: expected 128 != actual 0
[I][13:55:51.549734] mod.rtp-sink | [         audio.c:  567 rtp_audio_process_capture()] (re)sync to timestamp:0 seq:25020 ts_offset:0 SSRC:3076146323
[W][13:55:51.552460] mod.rtp-sink | [         audio.c:  553 rtp_audio_process_capture()] timestamp: expected 128 != actual 0
[I][13:55:51.552468] mod.rtp-sink | [         audio.c:  567 rtp_audio_process_capture()] (re)sync to timestamp:0 seq:25022 ts_offset:0 SSRC:3076146323
[W][13:55:51.555209] mod.rtp-sink | [         audio.c:  553 rtp_audio_process_capture()] timestamp: expected 128 != actual 0
[I][13:55:51.555216] mod.rtp-sink | [         audio.c:  567 rtp_audio_process_capture()] (re)sync to timestamp:0 seq:25024 ts_offset:0 SSRC:3076146323
[W][13:55:51.557706] mod.rtp-sink | [         audio.c:  553 rtp_audio_process_capture()] timestamp: expected 128 != actual 0
[I][13:55:51.557713] mod.rtp-sink | [         audio.c:  567 rtp_audio_process_capture()] (re)sync to timestamp:0 seq:25026 ts_offset:0 SSRC:3076146323
[W][13:55:51.560463] mod.rtp-sink | [         audio.c:  553 rtp_audio_process_capture()] timestamp: expected 128 != actual 0
[I][13:55:51.560473] mod.rtp-sink | [         audio.c:  567 rtp_audio_process_capture()] (re)sync to timestamp:0 seq:25028 ts_offset:0 SSRC:3076146323
[W][13:55:51.563212] mod.rtp-sink | [         audio.c:  553 rtp_audio_process_capture()] timestamp: expected 128 != actual 0
[I][13:55:51.563226] mod.rtp-sink | [         audio.c:  567 rtp_audio_process_capture()] (re)sync to timestamp:0 seq:25030 ts_offset:0 SSRC:3076146323
[W][13:55:51.565709] mod.rtp-sink | [         audio.c:  553 rtp_audio_process_capture()] timestamp: expected 128 != actual 0
[I][13:55:51.565722] mod.rtp-sink | [         audio.c:  567 rtp_audio_process_capture()] (re)sync to timestamp:0 seq:25032 ts_offset:0 SSRC:3076146323
[W][13:55:51.568449] mod.rtp-sink | [         audio.c:  553 rtp_audio_process_capture()] timestamp: expected 128 != actual 0
[I][13:55:51.568457] mod.rtp-sink | [         audio.c:  567 rtp_audio_process_capture()] (re)sync to timestamp:0 seq:25034 ts_offset:0 SSRC:3076146323
[W][13:55:51.571199] mod.rtp-sink | [         audio.c:  553 rtp_audio_process_capture()] timestamp: expected 128 != actual 0
[I][13:55:51.571206] mod.rtp-sink | [         audio.c:  567 rtp_audio_process_capture()] (re)sync to timestamp:0 seq:25036 ts_offset:0 SSRC:3076146323
[W][13:55:51.573696] mod.rtp-sink | [         audio.c:  553 rtp_audio_process_capture()] timestamp: expected 128 != actual 0
[I][13:55:51.573702] mod.rtp-sink | [         audio.c:  567 rtp_audio_process_capture()] (re)sync to timestamp:0 seq:25038 ts_offset:0 SSRC:3076146323
[W][13:55:51.576445] mod.rtp-sink | [         audio.c:  553 rtp_audio_process_capture()] timestamp: expected 128 != actual 0
[I][13:55:51.576451] mod.rtp-sink | [         audio.c:  567 rtp_audio_process_capture()] (re)sync to timestamp:0 seq:25040 ts_offset:0 SSRC:3076146323
[W][13:55:51.579203] mod.rtp-sink | [         audio.c:  553 rtp_audio_process_capture()] timestamp: expected 128 != actual 0
[I][13:55:51.579215] mod.rtp-sink | [         audio.c:  567 rtp_audio_process_capture()] (re)sync to timestamp:0 seq:25042 ts_offset:0 SSRC:3076146323
[W][13:55:51.581944] mod.rtp-sink | [         audio.c:  553 rtp_audio_process_capture()] timestamp: expected 128 != actual 0
[I][13:55:51.581953] mod.rtp-sink | [         audio.c:  567 rtp_audio_process_capture()] (re)sync to timestamp:0 seq:25044 ts_offset:0 SSRC:3076146323
[W][13:55:51.584447] mod.rtp-sink | [         audio.c:  553 rtp_audio_process_capture()] timestamp: expected 128 != actual 0
[I][13:55:51.584457] mod.rtp-sink | [         audio.c:  567 rtp_audio_process_capture()] (re)sync to timestamp:0 seq:25046 ts_offset:0 SSRC:3076146323
[W][13:55:51.587194] mod.rtp-sink | [         audio.c:  553 rtp_audio_process_capture()] timestamp: expected 128 != actual 0
[I][13:55:51.587200] mod.rtp-sink | [         audio.c:  567 rtp_audio_process_capture()] (re)sync to timestamp:0 seq:25048 ts_offset:0 SSRC:3076146323
[W][13:55:51.589692] mod.rtp-sink | [         audio.c:  553 rtp_audio_process_capture()] timestamp: expected 128 != actual 0
[I][13:55:51.589699] mod.rtp-sink | [         audio.c:  567 rtp_audio_process_capture()] (re)sync to timestamp:0 seq:25050 ts_offset:0 SSRC:3076146323
[W][13:55:51.592442] mod.rtp-sink | [         audio.c:  553 rtp_audio_process_capture()] timestamp: expected 128 != actual 0
[I][13:55:51.592450] mod.rtp-sink | [         audio.c:  567 rtp_audio_process_capture()] (re)sync to timestamp:0 seq:25052 ts_offset:0 SSRC:3076146323
[W][13:55:51.595202] mod.rtp-sink | [         audio.c:  553 rtp_audio_process_capture()] timestamp: expected 128 != actual 0
[I][13:55:51.595213] mod.rtp-sink | [         audio.c:  567 rtp_audio_process_capture()] (re)sync to timestamp:0 seq:25054 ts_offset:0 SSRC:3076146323
[W][13:55:51.597945] mod.rtp-sink | [         audio.c:  553 rtp_audio_process_capture()] timestamp: expected 128 != actual 0
[I][13:55:51.597956] mod.rtp-sink | [         audio.c:  567 rtp_audio_process_capture()] (re)sync to timestamp:0 seq:25056 ts_offset:0 SSRC:3076146323
[W][13:55:51.600438] mod.rtp-sink | [         audio.c:  553 rtp_audio_process_capture()] timestamp: expected 128 != actual 0
[I][13:55:51.600447] mod.rtp-sink | [         audio.c:  567 rtp_audio_process_capture()] (re)sync to timestamp:0 seq:25058 ts_offset:0 SSRC:3076146323
[W][13:55:51.603182] mod.rtp-sink | [         audio.c:  553 rtp_audio_process_capture()] timestamp: expected 128 != actual 0
[I][13:55:51.603188] mod.rtp-sink | [         audio.c:  567 rtp_audio_process_capture()] (re)sync to timestamp:0 seq:25060 ts_offset:0 SSRC:3076146323
[W][13:55:51.605934] mod.rtp-sink | [         audio.c:  553 rtp_audio_process_capture()] timestamp: expected 128 != actual 0
[I][13:55:51.605939] mod.rtp-sink | [         audio.c:  567 rtp_audio_process_capture()] (re)sync to timestamp:0 seq:25062 ts_offset:0 SSRC:3076146323
[W][13:55:51.608433] mod.rtp-sink | [         audio.c:  553 rtp_audio_process_capture()] timestamp: expected 128 != actual 0
[I][13:55:51.608440] mod.rtp-sink | [         audio.c:  567 rtp_audio_process_capture()] (re)sync to timestamp:0 seq:25064 ts_offset:0 SSRC:3076146323
[W][13:55:51.611194] mod.rtp-sink | [         audio.c:  553 rtp_audio_process_capture()] timestamp: expected 128 != actual 0
[I][13:55:51.611209] mod.rtp-sink | [         audio.c:  567 rtp_audio_process_capture()] (re)sync to timestamp:0 seq:25066 ts_offset:0 SSRC:3076146323
[W][13:55:51.613930] mod.rtp-sink | [         audio.c:  553 rtp_audio_process_capture()] timestamp: expected 128 != actual 0
[I][13:55:51.613939] mod.rtp-sink | [         audio.c:  567 rtp_audio_process_capture()] (re)sync to timestamp:0 seq:25068 ts_offset:0 SSRC:3076146323
[W][13:55:51.616433] mod.rtp-sink | [         audio.c:  553 rtp_audio_process_capture()] timestamp: expected 128 != actual 0
[I][13:55:51.616440] mod.rtp-sink | [         audio.c:  567 rtp_audio_process_capture()] (re)sync to timestamp:0 seq:25070 ts_offset:0 SSRC:3076146323
[W][13:55:51.619178] mod.rtp-sink | [         audio.c:  553 rtp_audio_process_capture()] timestamp: expected 128 != actual 0
[I][13:55:51.619185] mod.rtp-sink | [         audio.c:  567 rtp_audio_process_capture()] (re)sync to timestamp:0 seq:25072 ts_offset:0 SSRC:3076146323
[W][13:55:51.621925] mod.rtp-sink | [         audio.c:  553 rtp_audio_process_capture()] timestamp: expected 128 != actual 0
[I][13:55:51.621930] mod.rtp-sink | [         audio.c:  567 rtp_audio_process_capture()] (re)sync to timestamp:0 seq:25074 ts_offset:0 SSRC:3076146323
[W][13:55:51.624422] mod.rtp-sink | [         audio.c:  553 rtp_audio_process_capture()] timestamp: expected 128 != actual 0
[I][13:55:51.624427] mod.rtp-sink | [         audio.c:  567 rtp_audio_process_capture()] (re)sync to timestamp:0 seq:25076 ts_offset:0 SSRC:3076146323
[W][13:55:51.627184] mod.rtp-sink | [         audio.c:  553 rtp_audio_process_capture()] timestamp: expected 128 != actual 0
[I][13:55:51.627196] mod.rtp-sink | [         audio.c:  567 rtp_audio_process_capture()] (re)sync to timestamp:0 seq:25078 ts_offset:0 SSRC:3076146323
[W][13:55:51.629932] mod.rtp-sink | [         audio.c:  553 rtp_audio_process_capture()] timestamp: expected 128 != actual 0
[I][13:55:51.629945] mod.rtp-sink | [         audio.c:  567 rtp_audio_process_capture()] (re)sync to timestamp:0 seq:25080 ts_offset:0 SSRC:3076146323
[W][13:55:51.632424] mod.rtp-sink | [         audio.c:  553 rtp_audio_process_capture()] timestamp: expected 128 != actual 0
[I][13:55:51.632435] mod.rtp-sink | [         audio.c:  567 rtp_audio_process_capture()] (re)sync to timestamp:0 seq:25082 ts_offset:0 SSRC:3076146323
[W][13:55:51.635175] mod.rtp-sink | [         audio.c:  553 rtp_audio_process_capture()] timestamp: expected 128 != actual 0
[I][13:55:51.635184] mod.rtp-sink | [         audio.c:  567 rtp_audio_process_capture()] (re)sync to timestamp:0 seq:25084 ts_offset:0 SSRC:3076146323
[W][13:55:51.637915] mod.rtp-sink | [         audio.c:  553 rtp_audio_process_capture()] timestamp: expected 128 != actual 0
[I][13:55:51.637919] mod.rtp-sink | [         audio.c:  567 rtp_audio_process_capture()] (re)sync to timestamp:0 seq:25086 ts_offset:0 SSRC:3076146323
[W][13:55:51.640417] mod.rtp-sink | [         audio.c:  553 rtp_audio_process_capture()] timestamp: expected 128 != actual 0
[I][13:55:51.640422] mod.rtp-sink | [         audio.c:  567 rtp_audio_process_capture()] (re)sync to timestamp:0 seq:25088 ts_offset:0 SSRC:3076146323
[W][13:55:51.643174] mod.rtp-sink | [         audio.c:  553 rtp_audio_process_capture()] timestamp: expected 128 != actual 0
[I][13:55:51.643184] mod.rtp-sink | [         audio.c:  567 rtp_audio_process_capture()] (re)sync to timestamp:0 seq:25090 ts_offset:0 SSRC:3076146323
[W][13:55:51.645922] mod.rtp-sink | [         audio.c:  553 rtp_audio_process_capture()] timestamp: expected 128 != actual 0
[I][13:55:51.645931] mod.rtp-sink | [         audio.c:  567 rtp_audio_process_capture()] (re)sync to timestamp:0 seq:25092 ts_offset:0 SSRC:3076146323
[W][13:55:51.648421] mod.rtp-sink | [         audio.c:  553 rtp_audio_process_capture()] timestamp: expected 128 != actual 0
[I][13:55:51.648430] mod.rtp-sink | [         audio.c:  567 rtp_audio_process_capture()] (re)sync to timestamp:0 seq:25094 ts_offset:0 SSRC:3076146323
[W][13:55:51.651162] mod.rtp-sink | [         audio.c:  553 rtp_audio_process_capture()] timestamp: expected 128 != actual 0
[I][13:55:51.651170] mod.rtp-sink | [         audio.c:  567 rtp_audio_process_capture()] (re)sync to timestamp:0 seq:25096 ts_offset:0 SSRC:3076146323
[W][13:55:51.653913] mod.rtp-sink | [         audio.c:  553 rtp_audio_process_capture()] timestamp: expected 128 != actual 0
[I][13:55:51.653921] mod.rtp-sink | [         audio.c:  567 rtp_audio_process_capture()] (re)sync to timestamp:0 seq:25098 ts_offset:0 SSRC:3076146323
[W][13:55:51.656411] mod.rtp-sink | [         audio.c:  553 rtp_audio_process_capture()] timestamp: expected 128 != actual 0
[I][13:55:51.656417] mod.rtp-sink | [         audio.c:  567 rtp_audio_process_capture()] (re)sync to timestamp:0 seq:25100 ts_offset:0 SSRC:3076146323
[W][13:55:51.659164] mod.rtp-sink | [         audio.c:  553 rtp_audio_process_capture()] timestamp: expected 128 != actual 0
[I][13:55:51.659171] mod.rtp-sink | [         audio.c:  567 rtp_audio_process_capture()] (re)sync to timestamp:0 seq:25102 ts_offset:0 SSRC:3076146323
[W][13:55:51.661919] mod.rtp-sink | [         audio.c:  553 rtp_audio_process_capture()] timestamp: expected 128 != actual 0
[I][13:55:51.661930] mod.rtp-sink | [         audio.c:  567 rtp_audio_process_capture()] (re)sync to timestamp:0 seq:25104 ts_offset:0 SSRC:3076146323
[W][13:55:51.664415] mod.rtp-sink | [         audio.c:  553 rtp_audio_process_capture()] timestamp: expected 128 != actual 0
[I][13:55:51.664427] mod.rtp-sink | [         audio.c:  567 rtp_audio_process_capture()] (re)sync to timestamp:0 seq:25106 ts_offset:0 SSRC:3076146323
[W][13:55:51.667170] mod.rtp-sink | [         audio.c:  553 rtp_audio_process_capture()] timestamp: expected 128 != actual 0
[I][13:55:51.667180] mod.rtp-sink | [         audio.c:  567 rtp_audio_process_capture()] (re)sync to timestamp:0 seq:25108 ts_offset:0 SSRC:3076146323
[W][13:55:51.669902] mod.rtp-sink | [         audio.c:  553 rtp_audio_process_capture()] timestamp: expected 128 != actual 0
[I][13:55:51.669908] mod.rtp-sink | [         audio.c:  567 rtp_audio_process_capture()] (re)sync to timestamp:0 seq:25110 ts_offset:0 SSRC:3076146323
[W][13:55:51.672402] mod.rtp-sink | [         audio.c:  553 rtp_audio_process_capture()] timestamp: expected 128 != actual 0
[I][13:55:51.672408] mod.rtp-sink | [         audio.c:  567 rtp_audio_process_capture()] (re)sync to timestamp:0 seq:25112 ts_offset:0 SSRC:3076146323
[W][13:55:51.675161] mod.rtp-sink | [         audio.c:  553 rtp_audio_process_capture()] timestamp: expected 128 != actual 0
[I][13:55:51.675167] mod.rtp-sink | [         audio.c:  567 rtp_audio_process_capture()] (re)sync to timestamp:0 seq:25114 ts_offset:0 SSRC:3076146323
[W][13:55:51.677912] mod.rtp-sink | [         audio.c:  553 rtp_audio_process_capture()] timestamp: expected 128 != actual 0
[I][13:55:51.677922] mod.rtp-sink | [         audio.c:  567 rtp_audio_process_capture()] (re)sync to timestamp:0 seq:25116 ts_offset:0 SSRC:3076146323
[W][13:55:51.680408] mod.rtp-sink | [         audio.c:  553 rtp_audio_process_capture()] timestamp: expected 128 != actual 0
[I][13:55:51.680418] mod.rtp-sink | [         audio.c:  567 rtp_audio_process_capture()] (re)sync to timestamp:0 seq:25118 ts_offset:0 SSRC:3076146323
[W][13:55:51.683165] mod.rtp-sink | [         audio.c:  553 rtp_audio_process_capture()] timestamp: expected 128 != actual 0
[I][13:55:51.683174] mod.rtp-sink | [         audio.c:  567 rtp_audio_process_capture()] (re)sync to timestamp:0 seq:25120 ts_offset:0 SSRC:3076146323
[W][13:55:51.685898] mod.rtp-sink | [         audio.c:  553 rtp_audio_process_capture()] timestamp: expected 128 != actual 0
[I][13:55:51.685905] mod.rtp-sink | [         audio.c:  567 rtp_audio_process_capture()] (re)sync to timestamp:0 seq:25122 ts_offset:0 SSRC:3076146323
[W][13:55:51.688395] mod.rtp-sink | [         audio.c:  553 rtp_audio_process_capture()] timestamp: expected 128 != actual 0
[I][13:55:51.688402] mod.rtp-sink | [         audio.c:  567 rtp_audio_process_capture()] (re)sync to timestamp:0 seq:25124 ts_offset:0 SSRC:3076146323
[W][13:55:51.691151] mod.rtp-sink | [         audio.c:  553 rtp_audio_process_capture()] timestamp: expected 128 != actual 0
[I][13:55:51.691158] mod.rtp-sink | [         audio.c:  567 rtp_audio_process_capture()] (re)sync to timestamp:0 seq:25126 ts_offset:0 SSRC:3076146323
[W][13:55:51.693913] mod.rtp-sink | [         audio.c:  553 rtp_audio_process_capture()] timestamp: expected 128 != actual 0
[I][13:55:51.693926] mod.rtp-sink | [         audio.c:  567 rtp_audio_process_capture()] (re)sync to timestamp:0 seq:25128 ts_offset:0 SSRC:3076146323
[W][13:55:51.696406] mod.rtp-sink | [         audio.c:  553 rtp_audio_process_capture()] timestamp: expected 128 != actual 0
[I][13:55:51.696418] mod.rtp-sink | [         audio.c:  567 rtp_audio_process_capture()] (re)sync to timestamp:0 seq:25130 ts_offset:0 SSRC:3076146323
[W][13:55:51.699156] mod.rtp-sink | [         audio.c:  553 rtp_audio_process_capture()] timestamp: expected 128 != actual 0
[I][13:55:51.699168] mod.rtp-sink | [         audio.c:  567 rtp_audio_process_capture()] (re)sync to timestamp:0 seq:25132 ts_offset:0 SSRC:3076146323
[W][13:55:51.701891] mod.rtp-sink | [         audio.c:  553 rtp_audio_process_capture()] timestamp: expected 128 != actual 0
[I][13:55:51.701900] mod.rtp-sink | [         audio.c:  567 rtp_audio_process_capture()] (re)sync to timestamp:0 seq:25134 ts_offset:0 SSRC:3076146323
[W][13:55:51.704389] mod.rtp-sink | [         audio.c:  553 rtp_audio_process_capture()] timestamp: expected 128 != actual 0
[I][13:55:51.704396] mod.rtp-sink | [         audio.c:  567 rtp_audio_process_capture()] (re)sync to timestamp:0 seq:25136 ts_offset:0 SSRC:3076146323
[W][13:55:51.707133] mod.rtp-sink | [         audio.c:  553 rtp_audio_process_capture()] timestamp: expected 128 != actual 0
[I][13:55:51.707154] mod.rtp-sink | [         audio.c:  567 rtp_audio_process_capture()] (re)sync to timestamp:0 seq:25138 ts_offset:0 SSRC:3076146323
[W][13:55:51.709889] mod.rtp-sink | [         audio.c:  553 rtp_audio_process_capture()] timestamp: expected 128 != actual 0
[I][13:55:51.709900] mod.rtp-sink | [         audio.c:  567 rtp_audio_process_capture()] (re)sync to timestamp:0 seq:25140 ts_offset:0 SSRC:3076146323
[W][13:55:51.712394] mod.rtp-sink | [         audio.c:  553 rtp_audio_process_capture()] timestamp: expected 128 != actual 0
[I][13:55:51.712404] mod.rtp-sink | [         audio.c:  567 rtp_audio_process_capture()] (re)sync to timestamp:0 seq:25142 ts_offset:0 SSRC:3076146323
[W][13:55:51.715143] mod.rtp-sink | [         audio.c:  553 rtp_audio_process_capture()] timestamp: expected 128 != actual 0
[I][13:55:51.715156] mod.rtp-sink | [         audio.c:  567 rtp_audio_process_capture()] (re)sync to timestamp:0 seq:25144 ts_offset:0 SSRC:3076146323
[W][13:55:51.717880] mod.rtp-sink | [         audio.c:  553 rtp_audio_process_capture()] timestamp: expected 128 != actual 0
[I][13:55:51.717891] mod.rtp-sink | [         audio.c:  567 rtp_audio_process_capture()] (re)sync to timestamp:0 seq:25146 ts_offset:0 SSRC:3076146323
[W][13:55:51.720378] mod.rtp-sink | [         audio.c:  553 rtp_audio_process_capture()] timestamp: expected 128 != actual 0
[I][13:55:51.720385] mod.rtp-sink | [         audio.c:  567 rtp_audio_process_capture()] (re)sync to timestamp:0 seq:25148 ts_offset:0 SSRC:3076146323
[W][13:55:51.723127] mod.rtp-sink | [         audio.c:  553 rtp_audio_process_capture()] timestamp: expected 128 != actual 0
[I][13:55:51.723138] mod.rtp-sink | [         audio.c:  567 rtp_audio_process_capture()] (re)sync to timestamp:0 seq:25150 ts_offset:0 SSRC:3076146323
[W][13:55:51.725878] mod.rtp-sink | [         audio.c:  553 rtp_audio_process_capture()] timestamp: expected 128 != actual 0
[I][13:55:51.725885] mod.rtp-sink | [         audio.c:  567 rtp_audio_process_capture()] (re)sync to timestamp:0 seq:25152 ts_offset:0 SSRC:3076146323
[W][13:55:51.728387] mod.rtp-sink | [         audio.c:  553 rtp_audio_process_capture()] timestamp: expected 128 != actual 0
[I][13:55:51.728398] mod.rtp-sink | [         audio.c:  567 rtp_audio_process_capture()] (re)sync to timestamp:0 seq:25154 ts_offset:0 SSRC:3076146323
[W][13:55:51.731128] mod.rtp-sink | [         audio.c:  553 rtp_audio_process_capture()] timestamp: expected 128 != actual 0
[I][13:55:51.731145] mod.rtp-sink | [         audio.c:  567 rtp_audio_process_capture()] (re)sync to timestamp:0 seq:25156 ts_offset:0 SSRC:3076146323
[W][13:55:51.733877] mod.rtp-sink | [         audio.c:  553 rtp_audio_process_capture()] timestamp: expected 128 != actual 0
[I][13:55:51.733889] mod.rtp-sink | [         audio.c:  567 rtp_audio_process_capture()] (re)sync to timestamp:0 seq:25158 ts_offset:0 SSRC:3076146323
[W][13:55:51.736372] mod.rtp-sink | [         audio.c:  553 rtp_audio_process_capture()] timestamp: expected 128 != actual 0
[I][13:55:51.736378] mod.rtp-sink | [         audio.c:  567 rtp_audio_process_capture()] (re)sync to timestamp:0 seq:25160 ts_offset:0 SSRC:3076146323
[W][13:55:51.739118] mod.rtp-sink | [         audio.c:  553 rtp_audio_process_capture()] timestamp: expected 128 != actual 0
[I][13:55:51.739124] mod.rtp-sink | [         audio.c:  567 rtp_audio_process_capture()] (re)sync to timestamp:0 seq:25162 ts_offset:0 SSRC:3076146323
[W][13:55:51.741872] mod.rtp-sink | [         audio.c:  553 rtp_audio_process_capture()] timestamp: expected 128 != actual 0
[I][13:55:51.741879] mod.rtp-sink | [         audio.c:  567 rtp_audio_process_capture()] (re)sync to timestamp:0 seq:25164 ts_offset:0 SSRC:3076146323
[W][13:55:51.744377] mod.rtp-sink | [         audio.c:  553 rtp_audio_process_capture()] timestamp: expected 128 != actual 0
[I][13:55:51.744386] mod.rtp-sink | [         audio.c:  567 rtp_audio_process_capture()] (re)sync to timestamp:0 seq:25166 ts_offset:0 SSRC:3076146323
[W][13:55:51.747129] mod.rtp-sink | [         audio.c:  553 rtp_audio_process_capture()] timestamp: expected 128 != actual 0
[I][13:55:51.747153] mod.rtp-sink | [         audio.c:  567 rtp_audio_process_capture()] (re)sync to timestamp:0 seq:25168 ts_offset:0 SSRC:3076146323
[W][13:55:51.749867] mod.rtp-sink | [         audio.c:  553 rtp_audio_process_capture()] timestamp: expected 128 != actual 0
[I][13:55:51.749879] mod.rtp-sink | [         audio.c:  567 rtp_audio_process_capture()] (re)sync to timestamp:0 seq:25170 ts_offset:0 SSRC:3076146323
[W][13:55:51.752365] mod.rtp-sink | [         audio.c:  553 rtp_audio_process_capture()] timestamp: expected 128 != actual 0
[I][13:55:51.752373] mod.rtp-sink | [         audio.c:  567 rtp_audio_process_capture()] (re)sync to timestamp:0 seq:25172 ts_offset:0 SSRC:3076146323
[W][13:55:51.755110] mod.rtp-sink | [         audio.c:  553 rtp_audio_process_capture()] timestamp: expected 128 != actual 0
[I][13:55:51.755117] mod.rtp-sink | [         audio.c:  567 rtp_audio_process_capture()] (re)sync to timestamp:0 seq:25174 ts_offset:0 SSRC:3076146323
[W][13:55:51.757863] mod.rtp-sink | [         audio.c:  553 rtp_audio_process_capture()] timestamp: expected 128 != actual 0
[I][13:55:51.757871] mod.rtp-sink | [         audio.c:  567 rtp_audio_process_capture()] (re)sync to timestamp:0 seq:25176 ts_offset:0 SSRC:3076146323
[W][13:55:51.760367] mod.rtp-sink | [         audio.c:  553 rtp_audio_process_capture()] timestamp: expected 128 != actual 0
[I][13:55:51.760376] mod.rtp-sink | [         audio.c:  567 rtp_audio_process_capture()] (re)sync to timestamp:0 seq:25178 ts_offset:0 SSRC:3076146323
[W][13:55:51.763116] mod.rtp-sink | [         audio.c:  553 rtp_audio_process_capture()] timestamp: expected 128 != actual 0
[I][13:55:51.763128] mod.rtp-sink | [         audio.c:  567 rtp_audio_process_capture()] (re)sync to timestamp:0 seq:25180 ts_offset:0 SSRC:3076146323
[W][13:55:51.765862] mod.rtp-sink | [         audio.c:  553 rtp_audio_process_capture()] timestamp: expected 128 != actual 0
[I][13:55:51.765873] mod.rtp-sink | [         audio.c:  567 rtp_audio_process_capture()] (re)sync to timestamp:0 seq:25182 ts_offset:0 SSRC:3076146323
[W][13:55:51.768357] mod.rtp-sink | [         audio.c:  553 rtp_audio_process_capture()] timestamp: expected 128 != actual 0
[I][13:55:51.768366] mod.rtp-sink | [         audio.c:  567 rtp_audio_process_capture()] (re)sync to timestamp:0 seq:25184 ts_offset:0 SSRC:3076146323
[W][13:55:51.771105] mod.rtp-sink | [         audio.c:  553 rtp_audio_process_capture()] timestamp: expected 128 != actual 0
[I][13:55:51.771113] mod.rtp-sink | [         audio.c:  567 rtp_audio_process_capture()] (re)sync to timestamp:0 seq:25186 ts_offset:0 SSRC:3076146323
[W][13:55:51.773854] mod.rtp-sink | [         audio.c:  553 rtp_audio_process_capture()] timestamp: expected 128 != actual 0
[I][13:55:51.773862] mod.rtp-sink | [         audio.c:  567 rtp_audio_process_capture()] (re)sync to timestamp:0 seq:25188 ts_offset:0 SSRC:3076146323
[W][13:55:51.776611] mod.rtp-sink | [         audio.c:  553 rtp_audio_process_capture()] timestamp: expected 128 != actual 0
[I][13:55:51.776619] mod.rtp-sink | [         audio.c:  567 rtp_audio_process_capture()] (re)sync to timestamp:0 seq:25190 ts_offset:0 SSRC:3076146323
[W][13:55:51.779112] mod.rtp-sink | [         audio.c:  553 rtp_audio_process_capture()] timestamp: expected 128 != actual 0
[I][13:55:51.779124] mod.rtp-sink | [         audio.c:  567 rtp_audio_process_capture()] (re)sync to timestamp:0 seq:25192 ts_offset:0 SSRC:3076146323
[W][13:55:51.781861] mod.rtp-sink | [         audio.c:  553 rtp_audio_process_capture()] timestamp: expected 128 != actual 0
[I][13:55:51.781873] mod.rtp-sink | [         audio.c:  567 rtp_audio_process_capture()] (re)sync to timestamp:0 seq:25194 ts_offset:0 SSRC:3076146323
[W][13:55:51.784601] mod.rtp-sink | [         audio.c:  553 rtp_audio_process_capture()] timestamp: expected 128 != actual 0
[I][13:55:51.784610] mod.rtp-sink | [         audio.c:  567 rtp_audio_process_capture()] (re)sync to timestamp:0 seq:25196 ts_offset:0 SSRC:3076146323
[W][13:55:51.787102] mod.rtp-sink | [         audio.c:  553 rtp_audio_process_capture()] timestamp: expected 128 != actual 0
[I][13:55:51.787111] mod.rtp-sink | [         audio.c:  567 rtp_audio_process_capture()] (re)sync to timestamp:0 seq:25198 ts_offset:0 SSRC:3076146323
[W][13:55:51.789846] mod.rtp-sink | [         audio.c:  553 rtp_audio_process_capture()] timestamp: expected 128 != actual 0
[I][13:55:51.789855] mod.rtp-sink | [         audio.c:  567 rtp_audio_process_capture()] (re)sync to timestamp:0 seq:25200 ts_offset:0 SSRC:3076146323
[W][13:55:51.792598] mod.rtp-sink | [         audio.c:  553 rtp_audio_process_capture()] timestamp: expected 128 != actual 0
[I][13:55:51.792606] mod.rtp-sink | [         audio.c:  567 rtp_audio_process_capture()] (re)sync to timestamp:0 seq:25202 ts_offset:0 SSRC:3076146323
[W][13:55:51.795097] mod.rtp-sink | [         audio.c:  553 rtp_audio_process_capture()] timestamp: expected 128 != actual 0
[I][13:55:51.795105] mod.rtp-sink | [         audio.c:  567 rtp_audio_process_capture()] (re)sync to timestamp:0 seq:25204 ts_offset:0 SSRC:3076146323
[W][13:55:51.797851] mod.rtp-sink | [         audio.c:  553 rtp_audio_process_capture()] timestamp: expected 128 != actual 0
[I][13:55:51.797863] mod.rtp-sink | [         audio.c:  567 rtp_audio_process_capture()] (re)sync to timestamp:0 seq:25206 ts_offset:0 SSRC:3076146323
[W][13:55:51.800594] mod.rtp-sink | [         audio.c:  553 rtp_audio_process_capture()] timestamp: expected 128 != actual 0
[I][13:55:51.800603] mod.rtp-sink | [         audio.c:  567 rtp_audio_process_capture()] (re)sync to timestamp:0 seq:25208 ts_offset:0 SSRC:3076146323
[W][13:55:51.803091] mod.rtp-sink | [         audio.c:  553 rtp_audio_process_capture()] timestamp: expected 128 != actual 0
[I][13:55:51.803097] mod.rtp-sink | [         audio.c:  567 rtp_audio_process_capture()] (re)sync to timestamp:0 seq:25210 ts_offset:0 SSRC:3076146323
[W][13:55:51.805847] mod.rtp-sink | [         audio.c:  553 rtp_audio_process_capture()] timestamp: expected 128 != actual 0
[I][13:55:51.805855] mod.rtp-sink | [         audio.c:  567 rtp_audio_process_capture()] (re)sync to timestamp:0 seq:25212 ts_offset:0 SSRC:3076146323
[W][13:55:51.808592] mod.rtp-sink | [         audio.c:  553 rtp_audio_process_capture()] timestamp: expected 128 != actual 0
[I][13:55:51.808600] mod.rtp-sink | [         audio.c:  567 rtp_audio_process_capture()] (re)sync to timestamp:0 seq:25214 ts_offset:0 SSRC:3076146323
[W][13:55:51.811098] mod.rtp-sink | [         audio.c:  553 rtp_audio_process_capture()] timestamp: expected 128 != actual 0
[I][13:55:51.811110] mod.rtp-sink | [         audio.c:  567 rtp_audio_process_capture()] (re)sync to timestamp:0 seq:25216 ts_offset:0 SSRC:3076146323
[W][13:55:51.813843] mod.rtp-sink | [         audio.c:  553 rtp_audio_process_capture()] timestamp: expected 128 != actual 0
[I][13:55:51.813855] mod.rtp-sink | [         audio.c:  567 rtp_audio_process_capture()] (re)sync to timestamp:0 seq:25218 ts_offset:0 SSRC:3076146323
[W][13:55:51.816593] mod.rtp-sink | [         audio.c:  553 rtp_audio_process_capture()] timestamp: expected 128 != actual 0
[I][13:55:51.816601] mod.rtp-sink | [         audio.c:  567 rtp_audio_process_capture()] (re)sync to timestamp:0 seq:25220 ts_offset:0 SSRC:3076146323
[W][13:55:51.819081] mod.rtp-sink | [         audio.c:  553 rtp_audio_process_capture()] timestamp: expected 128 != actual 0
[I][13:55:51.819087] mod.rtp-sink | [         audio.c:  567 rtp_audio_process_capture()] (re)sync to timestamp:0 seq:25222 ts_offset:0 SSRC:3076146323
[W][13:55:51.821830] mod.rtp-sink | [         audio.c:  553 rtp_audio_process_capture()] timestamp: expected 128 != actual 0
[I][13:55:51.821834] mod.rtp-sink | [         audio.c:  567 rtp_audio_process_capture()] (re)sync to timestamp:0 seq:25224 ts_offset:0 SSRC:3076146323
[W][13:55:51.824581] mod.rtp-sink | [         audio.c:  553 rtp_audio_process_capture()] timestamp: expected 128 != actual 0
[I][13:55:51.824588] mod.rtp-sink | [         audio.c:  567 rtp_audio_process_capture()] (re)sync to timestamp:0 seq:25226 ts_offset:0 SSRC:3076146323
[W][13:55:51.827088] mod.rtp-sink | [         audio.c:  553 rtp_audio_process_capture()] timestamp: expected 128 != actual 0
[I][13:55:51.827099] mod.rtp-sink | [         audio.c:  567 rtp_audio_process_capture()] (re)sync to timestamp:0 seq:25228 ts_offset:0 SSRC:3076146323
[W][13:55:51.829833] mod.rtp-sink | [         audio.c:  553 rtp_audio_process_capture()] timestamp: expected 128 != actual 0
[I][13:55:51.829843] mod.rtp-sink | [         audio.c:  567 rtp_audio_process_capture()] (re)sync to timestamp:0 seq:25230 ts_offset:0 SSRC:3076146323
[W][13:55:51.832580] mod.rtp-sink | [         audio.c:  553 rtp_audio_process_capture()] timestamp: expected 128 != actual 0
[I][13:55:51.832590] mod.rtp-sink | [         audio.c:  567 rtp_audio_process_capture()] (re)sync to timestamp:0 seq:25232 ts_offset:0 SSRC:3076146323
[W][13:55:51.835081] mod.rtp-sink | [         audio.c:  553 rtp_audio_process_capture()] timestamp: expected 128 != actual 0
[I][13:55:51.835089] mod.rtp-sink | [         audio.c:  567 rtp_audio_process_capture()] (re)sync to timestamp:0 seq:25234 ts_offset:0 SSRC:3076146323
[W][13:55:51.837824] mod.rtp-sink | [         audio.c:  553 rtp_audio_process_capture()] timestamp: expected 128 != actual 0
[I][13:55:51.837832] mod.rtp-sink | [         audio.c:  567 rtp_audio_process_capture()] (re)sync to timestamp:0 seq:25236 ts_offset:0 SSRC:3076146323
[W][13:55:51.840575] mod.rtp-sink | [         audio.c:  553 rtp_audio_process_capture()] timestamp: expected 128 != actual 0
[I][13:55:51.840581] mod.rtp-sink | [         audio.c:  567 rtp_audio_process_capture()] (re)sync to timestamp:0 seq:25238 ts_offset:0 SSRC:3076146323
[W][13:55:51.843073] mod.rtp-sink | [         audio.c:  553 rtp_audio_process_capture()] timestamp: expected 128 != actual 0
[I][13:55:51.843079] mod.rtp-sink | [         audio.c:  567 rtp_audio_process_capture()] (re)sync to timestamp:0 seq:25240 ts_offset:0 SSRC:3076146323
[W][13:55:51.845843] mod.rtp-sink | [         audio.c:  553 rtp_audio_process_capture()] timestamp: expected 128 != actual 0
[I][13:55:51.845854] mod.rtp-sink | [         audio.c:  567 rtp_audio_process_capture()] (re)sync to timestamp:0 seq:25242 ts_offset:0 SSRC:3076146323
[W][13:55:51.848576] mod.rtp-sink | [         audio.c:  553 rtp_audio_process_capture()] timestamp: expected 128 != actual 0
[I][13:55:51.848588] mod.rtp-sink | [         audio.c:  567 rtp_audio_process_capture()] (re)sync to timestamp:0 seq:25244 ts_offset:0 SSRC:3076146323
[W][13:55:51.851074] mod.rtp-sink | [         audio.c:  553 rtp_audio_process_capture()] timestamp: expected 128 != actual 0
[I][13:55:51.851084] mod.rtp-sink | [         audio.c:  567 rtp_audio_process_capture()] (re)sync to timestamp:0 seq:25246 ts_offset:0 SSRC:3076146323
[W][13:55:51.853815] mod.rtp-sink | [         audio.c:  553 rtp_audio_process_capture()] timestamp: expected 128 != actual 0
[I][13:55:51.853823] mod.rtp-sink | [         audio.c:  567 rtp_audio_process_capture()] (re)sync to timestamp:0 seq:25248 ts_offset:0 SSRC:3076146323
[W][13:55:51.856568] mod.rtp-sink | [         audio.c:  553 rtp_audio_process_capture()] timestamp: expected 128 != actual 0
[I][13:55:51.856576] mod.rtp-sink | [         audio.c:  567 rtp_audio_process_capture()] (re)sync to timestamp:0 seq:25250 ts_offset:0 SSRC:3076146323
[W][13:55:51.859066] mod.rtp-sink | [         audio.c:  553 rtp_audio_process_capture()] timestamp: expected 128 != actual 0
[I][13:55:51.859073] mod.rtp-sink | [         audio.c:  567 rtp_audio_process_capture()] (re)sync to timestamp:0 seq:25252 ts_offset:0 SSRC:3076146323
[W][13:55:51.861817] mod.rtp-sink | [         audio.c:  553 rtp_audio_process_capture()] timestamp: expected 128 != actual 0
[I][13:55:51.861829] mod.rtp-sink | [         audio.c:  567 rtp_audio_process_capture()] (re)sync to timestamp:0 seq:25254 ts_offset:0 SSRC:3076146323
[W][13:55:51.864571] mod.rtp-sink | [         audio.c:  553 rtp_audio_process_capture()] timestamp: expected 128 != actual 0
[I][13:55:51.864582] mod.rtp-sink | [         audio.c:  567 rtp_audio_process_capture()] (re)sync to timestamp:0 seq:25256 ts_offset:0 SSRC:3076146323
[W][13:55:51.867063] mod.rtp-sink | [         audio.c:  553 rtp_audio_process_capture()] timestamp: expected 128 != actual 0
[I][13:55:51.867073] mod.rtp-sink | [         audio.c:  567 rtp_audio_process_capture()] (re)sync to timestamp:0 seq:25258 ts_offset:0 SSRC:3076146323
[W][13:55:51.869814] mod.rtp-sink | [         audio.c:  553 rtp_audio_process_capture()] timestamp: expected 128 != actual 0
[I][13:55:51.869821] mod.rtp-sink | [         audio.c:  567 rtp_audio_process_capture()] (re)sync to timestamp:0 seq:25260 ts_offset:0 SSRC:3076146323
[W][13:55:51.872559] mod.rtp-sink | [         audio.c:  553 rtp_audio_process_capture()] timestamp: expected 128 != actual 0
[I][13:55:51.872566] mod.rtp-sink | [         audio.c:  567 rtp_audio_process_capture()] (re)sync to timestamp:0 seq:25262 ts_offset:0 SSRC:3076146323
[W][13:55:51.875057] mod.rtp-sink | [         audio.c:  553 rtp_audio_process_capture()] timestamp: expected 128 != actual 0
[I][13:55:51.875063] mod.rtp-sink | [         audio.c:  567 rtp_audio_process_capture()] (re)sync to timestamp:0 seq:25264 ts_offset:0 SSRC:3076146323
[W][13:55:51.877816] mod.rtp-sink | [         audio.c:  553 rtp_audio_process_capture()] timestamp: expected 128 != actual 0
[I][13:55:51.877828] mod.rtp-sink | [         audio.c:  567 rtp_audio_process_capture()] (re)sync to timestamp:0 seq:25266 ts_offset:0 SSRC:3076146323
[W][13:55:51.880566] mod.rtp-sink | [         audio.c:  553 rtp_audio_process_capture()] timestamp: expected 128 != actual 0
[I][13:55:51.880579] mod.rtp-sink | [         audio.c:  567 rtp_audio_process_capture()] (re)sync to timestamp:0 seq:25268 ts_offset:0 SSRC:3076146323
[W][13:55:51.883059] mod.rtp-sink | [         audio.c:  553 rtp_audio_process_capture()] timestamp: expected 128 != actual 0
[I][13:55:51.883067] mod.rtp-sink | [         audio.c:  567 rtp_audio_process_capture()] (re)sync to timestamp:0 seq:25270 ts_offset:0 SSRC:3076146323
[W][13:55:51.885802] mod.rtp-sink | [         audio.c:  553 rtp_audio_process_capture()] timestamp: expected 128 != actual 0
[I][13:55:51.885810] mod.rtp-sink | [         audio.c:  567 rtp_audio_process_capture()] (re)sync to timestamp:0 seq:25272 ts_offset:0 SSRC:3076146323
[W][13:55:51.888552] mod.rtp-sink | [         audio.c:  553 rtp_audio_process_capture()] timestamp: expected 128 != actual 0
[I][13:55:51.888560] mod.rtp-sink | [         audio.c:  567 rtp_audio_process_capture()] (re)sync to timestamp:0 seq:25274 ts_offset:0 SSRC:3076146323
[W][13:55:51.891051] mod.rtp-sink | [         audio.c:  553 rtp_audio_process_capture()] timestamp: expected 128 != actual 0
[I][13:55:51.891057] mod.rtp-sink | [         audio.c:  567 rtp_audio_process_capture()] (re)sync to timestamp:0 seq:25276 ts_offset:0 SSRC:3076146323
[W][13:55:51.893821] mod.rtp-sink | [         audio.c:  553 rtp_audio_process_capture()] timestamp: expected 128 != actual 0
[I][13:55:51.893833] mod.rtp-sink | [         audio.c:  567 rtp_audio_process_capture()] (re)sync to timestamp:0 seq:25278 ts_offset:0 SSRC:3076146323
[W][13:55:51.896564] mod.rtp-sink | [         audio.c:  553 rtp_audio_process_capture()] timestamp: expected 128 != actual 0
[I][13:55:51.896577] mod.rtp-sink | [         audio.c:  567 rtp_audio_process_capture()] (re)sync to timestamp:0 seq:25280 ts_offset:0 SSRC:3076146323
[W][13:55:51.899306] mod.rtp-sink | [         audio.c:  553 rtp_audio_process_capture()] timestamp: expected 128 != actual 0
[I][13:55:51.899319] mod.rtp-sink | [         audio.c:  567 rtp_audio_process_capture()] (re)sync to timestamp:0 seq:25282 ts_offset:0 SSRC:3076146323
[W][13:55:51.901795] mod.rtp-sink | [         audio.c:  553 rtp_audio_process_capture()] timestamp: expected 128 != actual 0
[I][13:55:51.901802] mod.rtp-sink | [         audio.c:  567 rtp_audio_process_capture()] (re)sync to timestamp:0 seq:25284 ts_offset:0 SSRC:3076146323
[W][13:55:51.904544] mod.rtp-sink | [         audio.c:  553 rtp_audio_process_capture()] timestamp: expected 128 != actual 0
[I][13:55:51.904551] mod.rtp-sink | [         audio.c:  567 rtp_audio_process_capture()] (re)sync to timestamp:0 seq:25286 ts_offset:0 SSRC:3076146323
[W][13:55:51.907044] mod.rtp-sink | [         audio.c:  553 rtp_audio_process_capture()] timestamp: expected 128 != actual 0
[I][13:55:51.907051] mod.rtp-sink | [         audio.c:  567 rtp_audio_process_capture()] (re)sync to timestamp:0 seq:25288 ts_offset:0 SSRC:3076146323
[W][13:55:51.909800] mod.rtp-sink | [         audio.c:  553 rtp_audio_process_capture()] timestamp: expected 128 != actual 0
[I][13:55:51.909809] mod.rtp-sink | [         audio.c:  567 rtp_audio_process_capture()] (re)sync to timestamp:0 seq:25290 ts_offset:0 SSRC:3076146323
[W][13:55:51.912548] mod.rtp-sink | [         audio.c:  553 rtp_audio_process_capture()] timestamp: expected 128 != actual 0
[I][13:55:51.912560] mod.rtp-sink | [         audio.c:  567 rtp_audio_process_capture()] (re)sync to timestamp:0 seq:25292 ts_offset:0 SSRC:3076146323
[W][13:55:51.915037] mod.rtp-sink | [         audio.c:  553 rtp_audio_process_capture()] timestamp: expected 128 != actual 0
[I][13:55:51.915046] mod.rtp-sink | [         audio.c:  567 rtp_audio_process_capture()] (re)sync to timestamp:0 seq:25294 ts_offset:0 SSRC:3076146323
[W][13:55:51.917786] mod.rtp-sink | [         audio.c:  553 rtp_audio_process_capture()] timestamp: expected 128 != actual 0
[I][13:55:51.917796] mod.rtp-sink | [         audio.c:  567 rtp_audio_process_capture()] (re)sync to timestamp:0 seq:25296 ts_offset:0 SSRC:3076146323
[W][13:55:51.920538] mod.rtp-sink | [         audio.c:  553 rtp_audio_process_capture()] timestamp: expected 128 != actual 0
[I][13:55:51.920546] mod.rtp-sink | [         audio.c:  567 rtp_audio_process_capture()] (re)sync to timestamp:0 seq:25298 ts_offset:0 SSRC:3076146323
[W][13:55:51.923035] mod.rtp-sink | [         audio.c:  553 rtp_audio_process_capture()] timestamp: expected 128 != actual 0
[I][13:55:51.923040] mod.rtp-sink | [         audio.c:  567 rtp_audio_process_capture()] (re)sync to timestamp:0 seq:25300 ts_offset:0 SSRC:3076146323
[W][13:55:51.925783] mod.rtp-sink | [         audio.c:  553 rtp_audio_process_capture()] timestamp: expected 128 != actual 0
[I][13:55:51.925791] mod.rtp-sink | [         audio.c:  567 rtp_audio_process_capture()] (re)sync to timestamp:0 seq:25302 ts_offset:0 SSRC:3076146323
[W][13:55:51.928540] mod.rtp-sink | [         audio.c:  553 rtp_audio_process_capture()] timestamp: expected 128 != actual 0
[I][13:55:51.928550] mod.rtp-sink | [         audio.c:  567 rtp_audio_process_capture()] (re)sync to timestamp:0 seq:25304 ts_offset:0 SSRC:3076146323
[W][13:55:51.931039] mod.rtp-sink | [         audio.c:  553 rtp_audio_process_capture()] timestamp: expected 128 != actual 0
[I][13:55:51.931053] mod.rtp-sink | [         audio.c:  567 rtp_audio_process_capture()] (re)sync to timestamp:0 seq:25306 ts_offset:0 SSRC:3076146323
[W][13:55:51.933783] mod.rtp-sink | [         audio.c:  553 rtp_audio_process_capture()] timestamp: expected 128 != actual 0
[I][13:55:51.933796] mod.rtp-sink | [         audio.c:  567 rtp_audio_process_capture()] (re)sync to timestamp:0 seq:25308 ts_offset:0 SSRC:3076146323
[W][13:55:51.936527] mod.rtp-sink | [         audio.c:  553 rtp_audio_process_capture()] timestamp: expected 128 != actual 0
[I][13:55:51.936533] mod.rtp-sink | [         audio.c:  567 rtp_audio_process_capture()] (re)sync to timestamp:0 seq:25310 ts_offset:0 SSRC:3076146323
[W][13:55:51.939026] mod.rtp-sink | [         audio.c:  553 rtp_audio_process_capture()] timestamp: expected 128 != actual 0
[I][13:55:51.939031] mod.rtp-sink | [         audio.c:  567 rtp_audio_process_capture()] (re)sync to timestamp:0 seq:25312 ts_offset:0 SSRC:3076146323
[W][13:55:51.941776] mod.rtp-sink | [         audio.c:  553 rtp_audio_process_capture()] timestamp: expected 128 != actual 0
[I][13:55:51.941785] mod.rtp-sink | [         audio.c:  567 rtp_audio_process_capture()] (re)sync to timestamp:0 seq:25314 ts_offset:0 SSRC:3076146323
[W][13:55:51.944534] mod.rtp-sink | [         audio.c:  553 rtp_audio_process_capture()] timestamp: expected 128 != actual 0
[I][13:55:51.944544] mod.rtp-sink | [         audio.c:  567 rtp_audio_process_capture()] (re)sync to timestamp:0 seq:25316 ts_offset:0 SSRC:3076146323
[W][13:55:51.947034] mod.rtp-sink | [         audio.c:  553 rtp_audio_process_capture()] timestamp: expected 128 != actual 0
[I][13:55:51.947045] mod.rtp-sink | [         audio.c:  567 rtp_audio_process_capture()] (re)sync to timestamp:0 seq:25318 ts_offset:0 SSRC:3076146323
[W][13:55:51.949776] mod.rtp-sink | [         audio.c:  553 rtp_audio_process_capture()] timestamp: expected 128 != actual 0
[I][13:55:51.949786] mod.rtp-sink | [         audio.c:  567 rtp_audio_process_capture()] (re)sync to timestamp:0 seq:25320 ts_offset:0 SSRC:3076146323
[W][13:55:51.952522] mod.rtp-sink | [         audio.c:  553 rtp_audio_process_capture()] timestamp: expected 128 != actual 0
[I][13:55:51.952530] mod.rtp-sink | [         audio.c:  567 rtp_audio_process_capture()] (re)sync to timestamp:0 seq:25322 ts_offset:0 SSRC:3076146323
[W][13:55:51.955018] mod.rtp-sink | [         audio.c:  553 rtp_audio_process_capture()] timestamp: expected 128 != actual 0
[I][13:55:51.955024] mod.rtp-sink | [         audio.c:  567 rtp_audio_process_capture()] (re)sync to timestamp:0 seq:25324 ts_offset:0 SSRC:3076146323
[W][13:55:51.957770] mod.rtp-sink | [         audio.c:  553 rtp_audio_process_capture()] timestamp: expected 128 != actual 0
[I][13:55:51.957776] mod.rtp-sink | [         audio.c:  567 rtp_audio_process_capture()] (re)sync to timestamp:0 seq:25326 ts_offset:0 SSRC:3076146323
[W][13:55:51.960532] mod.rtp-sink | [         audio.c:  553 rtp_audio_process_capture()] timestamp: expected 128 != actual 0
[I][13:55:51.960542] mod.rtp-sink | [         audio.c:  567 rtp_audio_process_capture()] (re)sync to timestamp:0 seq:25328 ts_offset:0 SSRC:3076146323
[W][13:55:51.963279] mod.rtp-sink | [         audio.c:  553 rtp_audio_process_capture()] timestamp: expected 128 != actual 0
[I][13:55:51.963293] mod.rtp-sink | [         audio.c:  567 rtp_audio_process_capture()] (re)sync to timestamp:0 seq:25330 ts_offset:0 SSRC:3076146323
[W][13:55:51.965771] mod.rtp-sink | [         audio.c:  553 rtp_audio_process_capture()] timestamp: expected 128 != actual 0
[I][13:55:51.965782] mod.rtp-sink | [         audio.c:  567 rtp_audio_process_capture()] (re)sync to timestamp:0 seq:25332 ts_offset:0 SSRC:3076146323
[W][13:55:51.968513] mod.rtp-sink | [         audio.c:  553 rtp_audio_process_capture()] timestamp: expected 128 != actual 0
[I][13:55:51.968521] mod.rtp-sink | [         audio.c:  567 rtp_audio_process_capture()] (re)sync to timestamp:0 seq:25334 ts_offset:0 SSRC:3076146323
[W][13:55:51.971261] mod.rtp-sink | [         audio.c:  553 rtp_audio_process_capture()] timestamp: expected 128 != actual 0
[I][13:55:51.971267] mod.rtp-sink | [         audio.c:  567 rtp_audio_process_capture()] (re)sync to timestamp:0 seq:25336 ts_offset:0 SSRC:3076146323
[W][13:55:51.973762] mod.rtp-sink | [         audio.c:  553 rtp_audio_process_capture()] timestamp: expected 128 != actual 0
[I][13:55:51.973767] mod.rtp-sink | [         audio.c:  567 rtp_audio_process_capture()] (re)sync to timestamp:0 seq:25338 ts_offset:0 SSRC:3076146323
[W][13:55:51.976510] mod.rtp-sink | [         audio.c:  553 rtp_audio_process_capture()] timestamp: expected 128 != actual 0
[I][13:55:51.976516] mod.rtp-sink | [         audio.c:  567 rtp_audio_process_capture()] (re)sync to timestamp:0 seq:25340 ts_offset:0 SSRC:3076146323
[W][13:55:51.979268] mod.rtp-sink | [         audio.c:  553 rtp_audio_process_capture()] timestamp: expected 128 != actual 0
[I][13:55:51.979279] mod.rtp-sink | [         audio.c:  567 rtp_audio_process_capture()] (re)sync to timestamp:0 seq:25342 ts_offset:0 SSRC:3076146323
[W][13:55:51.981764] mod.rtp-sink | [         audio.c:  553 rtp_audio_process_capture()] timestamp: expected 128 != actual 0
[I][13:55:51.981774] mod.rtp-sink | [         audio.c:  567 rtp_audio_process_capture()] (re)sync to timestamp:0 seq:25344 ts_offset:0 SSRC:3076146323
[W][13:55:51.984509] mod.rtp-sink | [         audio.c:  553 rtp_audio_process_capture()] timestamp: expected 128 != actual 0
[I][13:55:51.984519] mod.rtp-sink | [         audio.c:  567 rtp_audio_process_capture()] (re)sync to timestamp:0 seq:25346 ts_offset:0 SSRC:3076146323
[W][13:55:51.987255] mod.rtp-sink | [         audio.c:  553 rtp_audio_process_capture()] timestamp: expected 128 != actual 0
[I][13:55:51.987262] mod.rtp-sink | [         audio.c:  567 rtp_audio_process_capture()] (re)sync to timestamp:0 seq:25348 ts_offset:0 SSRC:3076146323
[W][13:55:51.989753] mod.rtp-sink | [         audio.c:  553 rtp_audio_process_capture()] timestamp: expected 128 != actual 0
[I][13:55:51.989760] mod.rtp-sink | [         audio.c:  567 rtp_audio_process_capture()] (re)sync to timestamp:0 seq:25350 ts_offset:0 SSRC:3076146323
[W][13:55:51.992502] mod.rtp-sink | [         audio.c:  553 rtp_audio_process_capture()] timestamp: expected 128 != actual 0
[I][13:55:51.992509] mod.rtp-sink | [         audio.c:  567 rtp_audio_process_capture()] (re)sync to timestamp:0 seq:25352 ts_offset:0 SSRC:3076146323
[W][13:55:51.995260] mod.rtp-sink | [         audio.c:  553 rtp_audio_process_capture()] timestamp: expected 128 != actual 0
[I][13:55:51.995270] mod.rtp-sink | [         audio.c:  567 rtp_audio_process_capture()] (re)sync to timestamp:0 seq:25354 ts_offset:0 SSRC:3076146323
[W][13:55:51.997753] mod.rtp-sink | [         audio.c:  553 rtp_audio_process_capture()] timestamp: expected 128 != actual 0
[I][13:55:51.997765] mod.rtp-sink | [         audio.c:  567 rtp_audio_process_capture()] (re)sync to timestamp:0 seq:25356 ts_offset:0 SSRC:3076146323
[W][13:55:52.000499] mod.rtp-sink | [         audio.c:  553 rtp_audio_process_capture()] timestamp: expected 128 != actual 0
[I][13:55:52.000508] mod.rtp-sink | [         audio.c:  567 rtp_audio_process_capture()] (re)sync to timestamp:0 seq:25358 ts_offset:0 SSRC:3076146323
[W][13:55:52.003248] mod.rtp-sink | [         audio.c:  553 rtp_audio_process_capture()] timestamp: expected 128 != actual 0
[I][13:55:52.003255] mod.rtp-sink | [         audio.c:  567 rtp_audio_process_capture()] (re)sync to timestamp:0 seq:25360 ts_offset:0 SSRC:3076146323
[W][13:55:52.005748] mod.rtp-sink | [         audio.c:  553 rtp_audio_process_capture()] timestamp: expected 128 != actual 0
[I][13:55:52.005755] mod.rtp-sink | [         audio.c:  567 rtp_audio_process_capture()] (re)sync to timestamp:0 seq:25362 ts_offset:0 SSRC:3076146323
[W][13:55:52.008495] mod.rtp-sink | [         audio.c:  553 rtp_audio_process_capture()] timestamp: expected 128 != actual 0
[I][13:55:52.008501] mod.rtp-sink | [         audio.c:  567 rtp_audio_process_capture()] (re)sync to timestamp:0 seq:25364 ts_offset:0 SSRC:3076146323
[W][13:55:52.011248] mod.rtp-sink | [         audio.c:  553 rtp_audio_process_capture()] timestamp: expected 128 != actual 0
[I][13:55:52.011256] mod.rtp-sink | [         audio.c:  567 rtp_audio_process_capture()] (re)sync to timestamp:0 seq:25366 ts_offset:0 SSRC:3076146323
[W][13:55:52.013748] mod.rtp-sink | [         audio.c:  553 rtp_audio_process_capture()] timestamp: expected 128 != actual 0
[I][13:55:52.013758] mod.rtp-sink | [         audio.c:  567 rtp_audio_process_capture()] (re)sync to timestamp:0 seq:25368 ts_offset:0 SSRC:3076146323
[W][13:55:52.016494] mod.rtp-sink | [         audio.c:  553 rtp_audio_process_capture()] timestamp: expected 128 != actual 0
[I][13:55:52.016503] mod.rtp-sink | [         audio.c:  567 rtp_audio_process_capture()] (re)sync to timestamp:0 seq:25370 ts_offset:0 SSRC:3076146323
[W][13:55:52.019241] mod.rtp-sink | [         audio.c:  553 rtp_audio_process_capture()] timestamp: expected 128 != actual 0
[I][13:55:52.019246] mod.rtp-sink | [         audio.c:  567 rtp_audio_process_capture()] (re)sync to timestamp:0 seq:25372 ts_offset:0 SSRC:3076146323
[W][13:55:52.021737] mod.rtp-sink | [         audio.c:  553 rtp_audio_process_capture()] timestamp: expected 128 != actual 0
[I][13:55:52.021742] mod.rtp-sink | [         audio.c:  567 rtp_audio_process_capture()] (re)sync to timestamp:0 seq:25374 ts_offset:0 SSRC:3076146323
[W][13:55:52.024486] mod.rtp-sink | [         audio.c:  553 rtp_audio_process_capture()] timestamp: expected 128 != actual 0
[I][13:55:52.024490] mod.rtp-sink | [         audio.c:  567 rtp_audio_process_capture()] (re)sync to timestamp:0 seq:25376 ts_offset:0 SSRC:3076146323
[W][13:55:52.027249] mod.rtp-sink | [         audio.c:  553 rtp_audio_process_capture()] timestamp: expected 128 != actual 0
[I][13:55:52.027259] mod.rtp-sink | [         audio.c:  567 rtp_audio_process_capture()] (re)sync to timestamp:0 seq:25378 ts_offset:0 SSRC:3076146323
[W][13:55:52.029747] mod.rtp-sink | [         audio.c:  553 rtp_audio_process_capture()] timestamp: expected 128 != actual 0
[I][13:55:52.029763] mod.rtp-sink | [         audio.c:  567 rtp_audio_process_capture()] (re)sync to timestamp:0 seq:25380 ts_offset:0 SSRC:3076146323
[W][13:55:52.032496] mod.rtp-sink | [         audio.c:  553 rtp_audio_process_capture()] timestamp: expected 128 != actual 0
[I][13:55:52.032505] mod.rtp-sink | [         audio.c:  567 rtp_audio_process_capture()] (re)sync to timestamp:0 seq:25382 ts_offset:0 SSRC:3076146323
[W][13:55:52.035234] mod.rtp-sink | [         audio.c:  553 rtp_audio_process_capture()] timestamp: expected 128 != actual 0
[I][13:55:52.035242] mod.rtp-sink | [         audio.c:  567 rtp_audio_process_capture()] (re)sync to timestamp:0 seq:25384 ts_offset:0 SSRC:3076146323
[W][13:55:52.037733] mod.rtp-sink | [         audio.c:  553 rtp_audio_process_capture()] timestamp: expected 128 != actual 0
[I][13:55:52.037739] mod.rtp-sink | [         audio.c:  567 rtp_audio_process_capture()] (re)sync to timestamp:0 seq:25386 ts_offset:0 SSRC:3076146323
[W][13:55:52.040476] mod.rtp-sink | [         audio.c:  553 rtp_audio_process_capture()] timestamp: expected 128 != actual 0
[I][13:55:52.040481] mod.rtp-sink | [         audio.c:  567 rtp_audio_process_capture()] (re)sync to timestamp:0 seq:25388 ts_offset:0 SSRC:3076146323
[W][13:55:52.043239] mod.rtp-sink | [         audio.c:  553 rtp_audio_process_capture()] timestamp: expected 128 != actual 0
[I][13:55:52.043250] mod.rtp-sink | [         audio.c:  567 rtp_audio_process_capture()] (re)sync to timestamp:0 seq:25390 ts_offset:0 SSRC:3076146323
[W][13:55:52.045736] mod.rtp-sink | [         audio.c:  553 rtp_audio_process_capture()] timestamp: expected 128 != actual 0
[I][13:55:52.045745] mod.rtp-sink | [         audio.c:  567 rtp_audio_process_capture()] (re)sync to timestamp:0 seq:25392 ts_offset:0 SSRC:3076146323
[W][13:55:52.048479] mod.rtp-sink | [         audio.c:  553 rtp_audio_process_capture()] timestamp: expected 128 != actual 0
[I][13:55:52.048490] mod.rtp-sink | [         audio.c:  567 rtp_audio_process_capture()] (re)sync to timestamp:0 seq:25394 ts_offset:0 SSRC:3076146323
[W][13:55:52.051229] mod.rtp-sink | [         audio.c:  553 rtp_audio_process_capture()] timestamp: expected 128 != actual 0
[I][13:55:52.051237] mod.rtp-sink | [         audio.c:  567 rtp_audio_process_capture()] (re)sync to timestamp:0 seq:25396 ts_offset:0 SSRC:3076146323
[W][13:55:52.053726] mod.rtp-sink | [         audio.c:  553 rtp_audio_process_capture()] timestamp: expected 128 != actual 0
[I][13:55:52.053732] mod.rtp-sink | [         audio.c:  567 rtp_audio_process_capture()] (re)sync to timestamp:0 seq:25398 ts_offset:0 SSRC:3076146323
[W][13:55:52.056471] mod.rtp-sink | [         audio.c:  553 rtp_audio_process_capture()] timestamp: expected 128 != actual 0
[I][13:55:52.056478] mod.rtp-sink | [         audio.c:  567 rtp_audio_process_capture()] (re)sync to timestamp:0 seq:25400 ts_offset:0 SSRC:3076146323
[W][13:55:52.059223] mod.rtp-sink | [         audio.c:  553 rtp_audio_process_capture()] timestamp: expected 128 != actual 0
[I][13:55:52.059229] mod.rtp-sink | [         audio.c:  567 rtp_audio_process_capture()] (re)sync to timestamp:0 seq:25402 ts_offset:0 SSRC:3076146323
[W][13:55:52.061723] mod.rtp-sink | [         audio.c:  553 rtp_audio_process_capture()] timestamp: expected 128 != actual 0
[I][13:55:52.061733] mod.rtp-sink | [         audio.c:  567 rtp_audio_process_capture()] (re)sync to timestamp:0 seq:25404 ts_offset:0 SSRC:3076146323
[W][13:55:52.064475] mod.rtp-sink | [         audio.c:  553 rtp_audio_process_capture()] timestamp: expected 128 != actual 0
[I][13:55:52.064486] mod.rtp-sink | [         audio.c:  567 rtp_audio_process_capture()] (re)sync to timestamp:0 seq:25406 ts_offset:0 SSRC:3076146323
[W][13:55:52.067218] mod.rtp-sink | [         audio.c:  553 rtp_audio_process_capture()] timestamp: expected 128 != actual 0
[I][13:55:52.067226] mod.rtp-sink | [         audio.c:  567 rtp_audio_process_capture()] (re)sync to timestamp:0 seq:25408 ts_offset:0 SSRC:3076146323
[W][13:55:52.069717] mod.rtp-sink | [         audio.c:  553 rtp_audio_process_capture()] timestamp: expected 128 != actual 0
[I][13:55:52.069725] mod.rtp-sink | [         audio.c:  567 rtp_audio_process_capture()] (re)sync to timestamp:0 seq:25410 ts_offset:0 SSRC:3076146323
[W][13:55:52.072464] mod.rtp-sink | [         audio.c:  553 rtp_audio_process_capture()] timestamp: expected 128 != actual 0
[I][13:55:52.072470] mod.rtp-sink | [         audio.c:  567 rtp_audio_process_capture()] (re)sync to timestamp:0 seq:25412 ts_offset:0 SSRC:3076146323
[W][13:55:52.075218] mod.rtp-sink | [         audio.c:  553 rtp_audio_process_capture()] timestamp: expected 128 != actual 0
[I][13:55:52.075225] mod.rtp-sink | [         audio.c:  567 rtp_audio_process_capture()] (re)sync to timestamp:0 seq:25414 ts_offset:0 SSRC:3076146323
[W][13:55:52.077727] mod.rtp-sink | [         audio.c:  553 rtp_audio_process_capture()] timestamp: expected 128 != actual 0
[I][13:55:52.077739] mod.rtp-sink | [         audio.c:  567 rtp_audio_process_capture()] (re)sync to timestamp:0 seq:25416 ts_offset:0 SSRC:3076146323
[W][13:55:52.080467] mod.rtp-sink | [         audio.c:  553 rtp_audio_process_capture()] timestamp: expected 128 != actual 0
[I][13:55:52.080476] mod.rtp-sink | [         audio.c:  567 rtp_audio_process_capture()] (re)sync to timestamp:0 seq:25418 ts_offset:0 SSRC:3076146323
[W][13:55:52.083216] mod.rtp-sink | [         audio.c:  553 rtp_audio_process_capture()] timestamp: expected 128 != actual 0
[I][13:55:52.083225] mod.rtp-sink | [         audio.c:  567 rtp_audio_process_capture()] (re)sync to timestamp:0 seq:25420 ts_offset:0 SSRC:3076146323
[W][13:55:52.085711] mod.rtp-sink | [         audio.c:  553 rtp_audio_process_capture()] timestamp: expected 128 != actual 0
[I][13:55:52.085718] mod.rtp-sink | [         audio.c:  567 rtp_audio_process_capture()] (re)sync to timestamp:0 seq:25422 ts_offset:0 SSRC:3076146323
[W][13:55:52.088454] mod.rtp-sink | [         audio.c:  553 rtp_audio_process_capture()] timestamp: expected 128 != actual 0
[I][13:55:52.088459] mod.rtp-sink | [         audio.c:  567 rtp_audio_process_capture()] (re)sync to timestamp:0 seq:25424 ts_offset:0 SSRC:3076146323
[W][13:55:52.091209] mod.rtp-sink | [         audio.c:  553 rtp_audio_process_capture()] timestamp: expected 128 != actual 0
[I][13:55:52.091214] mod.rtp-sink | [         audio.c:  567 rtp_audio_process_capture()] (re)sync to timestamp:0 seq:25426 ts_offset:0 SSRC:3076146323
[W][13:55:52.093723] mod.rtp-sink | [         audio.c:  553 rtp_audio_process_capture()] timestamp: expected 128 != actual 0
[I][13:55:52.093736] mod.rtp-sink | [         audio.c:  567 rtp_audio_process_capture()] (re)sync to timestamp:0 seq:25428 ts_offset:0 SSRC:3076146323
[W][13:55:52.096467] mod.rtp-sink | [         audio.c:  553 rtp_audio_process_capture()] timestamp: expected 128 != actual 0
[I][13:55:52.096479] mod.rtp-sink | [         audio.c:  567 rtp_audio_process_capture()] (re)sync to timestamp:0 seq:25430 ts_offset:0 SSRC:3076146323
[W][13:55:52.099208] mod.rtp-sink | [         audio.c:  553 rtp_audio_process_capture()] timestamp: expected 128 != actual 0
[I][13:55:52.099219] mod.rtp-sink | [         audio.c:  567 rtp_audio_process_capture()] (re)sync to timestamp:0 seq:25432 ts_offset:0 SSRC:3076146323
[W][13:55:52.101702] mod.rtp-sink | [         audio.c:  553 rtp_audio_process_capture()] timestamp: expected 128 != actual 0
[I][13:55:52.101708] mod.rtp-sink | [         audio.c:  567 rtp_audio_process_capture()] (re)sync to timestamp:0 seq:25434 ts_offset:0 SSRC:3076146323
[W][13:55:52.104447] mod.rtp-sink | [         audio.c:  553 rtp_audio_process_capture()] timestamp: expected 128 != actual 0
[I][13:55:52.104451] mod.rtp-sink | [         audio.c:  567 rtp_audio_process_capture()] (re)sync to timestamp:0 seq:25436 ts_offset:0 SSRC:3076146323
[W][13:55:52.107200] mod.rtp-sink | [         audio.c:  553 rtp_audio_process_capture()] timestamp: expected 128 != actual 0
[I][13:55:52.107206] mod.rtp-sink | [         audio.c:  567 rtp_audio_process_capture()] (re)sync to timestamp:0 seq:25438 ts_offset:0 SSRC:3076146323
[W][13:55:52.109701] mod.rtp-sink | [         audio.c:  553 rtp_audio_process_capture()] timestamp: expected 128 != actual 0
[I][13:55:52.109708] mod.rtp-sink | [         audio.c:  567 rtp_audio_process_capture()] (re)sync to timestamp:0 seq:25440 ts_offset:0 SSRC:3076146323
[W][13:55:52.112452] mod.rtp-sink | [         audio.c:  553 rtp_audio_process_capture()] timestamp: expected 128 != actual 0
[I][13:55:52.112463] mod.rtp-sink | [         audio.c:  567 rtp_audio_process_capture()] (re)sync to timestamp:0 seq:25442 ts_offset:0 SSRC:3076146323
[W][13:55:52.115198] mod.rtp-sink | [         audio.c:  553 rtp_audio_process_capture()] timestamp: expected 128 != actual 0
[I][13:55:52.115210] mod.rtp-sink | [         audio.c:  567 rtp_audio_process_capture()] (re)sync to timestamp:0 seq:25444 ts_offset:0 SSRC:3076146323
[W][13:55:52.117697] mod.rtp-sink | [         audio.c:  553 rtp_audio_process_capture()] timestamp: expected 128 != actual 0
[I][13:55:52.117704] mod.rtp-sink | [         audio.c:  567 rtp_audio_process_capture()] (re)sync to timestamp:0 seq:25446 ts_offset:0 SSRC:3076146323
[W][13:55:52.120442] mod.rtp-sink | [         audio.c:  553 rtp_audio_process_capture()] timestamp: expected 128 != actual 0
[I][13:55:52.120448] mod.rtp-sink | [         audio.c:  567 rtp_audio_process_capture()] (re)sync to timestamp:0 seq:25448 ts_offset:0 SSRC:3076146323
[W][13:55:52.123195] mod.rtp-sink | [         audio.c:  553 rtp_audio_process_capture()] timestamp: expected 128 != actual 0
[I][13:55:52.123201] mod.rtp-sink | [         audio.c:  567 rtp_audio_process_capture()] (re)sync to timestamp:0 seq:25450 ts_offset:0 SSRC:3076146323
[W][13:55:52.125945] mod.rtp-sink | [         audio.c:  553 rtp_audio_process_capture()] timestamp: expected 128 != actual 0
[I][13:55:52.125953] mod.rtp-sink | [         audio.c:  567 rtp_audio_process_capture()] (re)sync to timestamp:0 seq:25452 ts_offset:0 SSRC:3076146323
[W][13:55:52.128446] mod.rtp-sink | [         audio.c:  553 rtp_audio_process_capture()] timestamp: expected 128 != actual 0
[I][13:55:52.128456] mod.rtp-sink | [         audio.c:  567 rtp_audio_process_capture()] (re)sync to timestamp:0 seq:25454 ts_offset:0 SSRC:3076146323
[W][13:55:52.131194] mod.rtp-sink | [         audio.c:  553 rtp_audio_process_capture()] timestamp: expected 128 != actual 0
[I][13:55:52.131202] mod.rtp-sink | [         audio.c:  567 rtp_audio_process_capture()] (re)sync to timestamp:0 seq:25456 ts_offset:0 SSRC:3076146323
[W][13:55:52.133943] mod.rtp-sink | [         audio.c:  553 rtp_audio_process_capture()] timestamp: expected 128 != actual 0
[I][13:55:52.133952] mod.rtp-sink | [         audio.c:  567 rtp_audio_process_capture()] (re)sync to timestamp:0 seq:25458 ts_offset:0 SSRC:3076146323
[W][13:55:52.136437] mod.rtp-sink | [         audio.c:  553 rtp_audio_process_capture()] timestamp: expected 128 != actual 0
[I][13:55:52.136444] mod.rtp-sink | [         audio.c:  567 rtp_audio_process_capture()] (re)sync to timestamp:0 seq:25460 ts_offset:0 SSRC:3076146323
[W][13:55:52.139185] mod.rtp-sink | [         audio.c:  553 rtp_audio_process_capture()] timestamp: expected 128 != actual 0
[I][13:55:52.139190] mod.rtp-sink | [         audio.c:  567 rtp_audio_process_capture()] (re)sync to timestamp:0 seq:25462 ts_offset:0 SSRC:3076146323
[W][13:55:52.141938] mod.rtp-sink | [         audio.c:  553 rtp_audio_process_capture()] timestamp: expected 128 != actual 0
[I][13:55:52.141945] mod.rtp-sink | [         audio.c:  567 rtp_audio_process_capture()] (re)sync to timestamp:0 seq:25464 ts_offset:0 SSRC:3076146323
[W][13:55:52.144437] mod.rtp-sink | [         audio.c:  553 rtp_audio_process_capture()] timestamp: expected 128 != actual 0
[I][13:55:52.144445] mod.rtp-sink | [         audio.c:  567 rtp_audio_process_capture()] (re)sync to timestamp:0 seq:25466 ts_offset:0 SSRC:3076146323
[W][13:55:52.147188] mod.rtp-sink | [         audio.c:  553 rtp_audio_process_capture()] timestamp: expected 128 != actual 0
[I][13:55:52.147198] mod.rtp-sink | [         audio.c:  567 rtp_audio_process_capture()] (re)sync to timestamp:0 seq:25468 ts_offset:0 SSRC:3076146323
[W][13:55:52.149932] mod.rtp-sink | [         audio.c:  553 rtp_audio_process_capture()] timestamp: expected 128 != actual 0
[I][13:55:52.149940] mod.rtp-sink | [         audio.c:  567 rtp_audio_process_capture()] (re)sync to timestamp:0 seq:25470 ts_offset:0 SSRC:3076146323
[W][13:55:52.152429] mod.rtp-sink | [         audio.c:  553 rtp_audio_process_capture()] timestamp: expected 128 != actual 0
[I][13:55:52.152435] mod.rtp-sink | [         audio.c:  567 rtp_audio_process_capture()] (re)sync to timestamp:0 seq:25472 ts_offset:0 SSRC:3076146323
[W][13:55:52.155177] mod.rtp-sink | [         audio.c:  553 rtp_audio_process_capture()] timestamp: expected 128 != actual 0
[I][13:55:52.155184] mod.rtp-sink | [         audio.c:  567 rtp_audio_process_capture()] (re)sync to timestamp:0 seq:25474 ts_offset:0 SSRC:3076146323
[W][13:55:52.157928] mod.rtp-sink | [         audio.c:  553 rtp_audio_process_capture()] timestamp: expected 128 != actual 0
[I][13:55:52.157934] mod.rtp-sink | [         audio.c:  567 rtp_audio_process_capture()] (re)sync to timestamp:0 seq:25476 ts_offset:0 SSRC:3076146323
[W][13:55:52.160436] mod.rtp-sink | [         audio.c:  553 rtp_audio_process_capture()] timestamp: expected 128 != actual 0
[I][13:55:52.160445] mod.rtp-sink | [         audio.c:  567 rtp_audio_process_capture()] (re)sync to timestamp:0 seq:25478 ts_offset:0 SSRC:3076146323
[W][13:55:52.163189] mod.rtp-sink | [         audio.c:  553 rtp_audio_process_capture()] timestamp: expected 128 != actual 0
[I][13:55:52.163201] mod.rtp-sink | [         audio.c:  567 rtp_audio_process_capture()] (re)sync to timestamp:0 seq:25480 ts_offset:0 SSRC:3076146323
[W][13:55:52.165928] mod.rtp-sink | [         audio.c:  553 rtp_audio_process_capture()] timestamp: expected 128 != actual 0
[I][13:55:52.165937] mod.rtp-sink | [         audio.c:  567 rtp_audio_process_capture()] (re)sync to timestamp:0 seq:25482 ts_offset:0 SSRC:3076146323
[W][13:55:52.168422] mod.rtp-sink | [         audio.c:  553 rtp_audio_process_capture()] timestamp: expected 128 != actual 0
[I][13:55:52.168429] mod.rtp-sink | [         audio.c:  567 rtp_audio_process_capture()] (re)sync to timestamp:0 seq:25484 ts_offset:0 SSRC:3076146323
[W][13:55:52.171169] mod.rtp-sink | [         audio.c:  553 rtp_audio_process_capture()] timestamp: expected 128 != actual 0
[I][13:55:52.171175] mod.rtp-sink | [         audio.c:  567 rtp_audio_process_capture()] (re)sync to timestamp:0 seq:25486 ts_offset:0 SSRC:3076146323
[W][13:55:52.173923] mod.rtp-sink | [         audio.c:  553 rtp_audio_process_capture()] timestamp: expected 128 != actual 0
[I][13:55:52.173929] mod.rtp-sink | [         audio.c:  567 rtp_audio_process_capture()] (re)sync to timestamp:0 seq:25488 ts_offset:0 SSRC:3076146323
[W][13:55:52.176425] mod.rtp-sink | [         audio.c:  553 rtp_audio_process_capture()] timestamp: expected 128 != actual 0
[I][13:55:52.176435] mod.rtp-sink | [         audio.c:  567 rtp_audio_process_capture()] (re)sync to timestamp:0 seq:25490 ts_offset:0 SSRC:3076146323
[W][13:55:52.179184] mod.rtp-sink | [         audio.c:  553 rtp_audio_process_capture()] timestamp: expected 128 != actual 0
[I][13:55:52.179194] mod.rtp-sink | [         audio.c:  567 rtp_audio_process_capture()] (re)sync to timestamp:0 seq:25492 ts_offset:0 SSRC:3076146323
[W][13:55:52.181924] mod.rtp-sink | [         audio.c:  553 rtp_audio_process_capture()] timestamp: expected 128 != actual 0
[I][13:55:52.181933] mod.rtp-sink | [         audio.c:  567 rtp_audio_process_capture()] (re)sync to timestamp:0 seq:25494 ts_offset:0 SSRC:3076146323
[W][13:55:52.184417] mod.rtp-sink | [         audio.c:  553 rtp_audio_process_capture()] timestamp: expected 128 != actual 0
[I][13:55:52.184426] mod.rtp-sink | [         audio.c:  567 rtp_audio_process_capture()] (re)sync to timestamp:0 seq:25496 ts_offset:0 SSRC:3076146323
[W][13:55:52.187164] mod.rtp-sink | [         audio.c:  553 rtp_audio_process_capture()] timestamp: expected 128 != actual 0
[I][13:55:52.187170] mod.rtp-sink | [         audio.c:  567 rtp_audio_process_capture()] (re)sync to timestamp:0 seq:25498 ts_offset:0 SSRC:3076146323
[W][13:55:52.189911] mod.rtp-sink | [         audio.c:  553 rtp_audio_process_capture()] timestamp: expected 128 != actual 0
[I][13:55:52.189917] mod.rtp-sink | [         audio.c:  567 rtp_audio_process_capture()] (re)sync to timestamp:0 seq:25500 ts_offset:0 SSRC:3076146323
[W][13:55:52.192414] mod.rtp-sink | [         audio.c:  553 rtp_audio_process_capture()] timestamp: expected 128 != actual 0
[I][13:55:52.192421] mod.rtp-sink | [         audio.c:  567 rtp_audio_process_capture()] (re)sync to timestamp:0 seq:25502 ts_offset:0 SSRC:3076146323
[W][13:55:52.195170] mod.rtp-sink | [         audio.c:  553 rtp_audio_process_capture()] timestamp: expected 128 != actual 0
[I][13:55:52.195181] mod.rtp-sink | [         audio.c:  567 rtp_audio_process_capture()] (re)sync to timestamp:0 seq:25504 ts_offset:0 SSRC:3076146323
[W][13:55:52.197918] mod.rtp-sink | [         audio.c:  553 rtp_audio_process_capture()] timestamp: expected 128 != actual 0
[I][13:55:52.197929] mod.rtp-sink | [         audio.c:  567 rtp_audio_process_capture()] (re)sync to timestamp:0 seq:25506 ts_offset:0 SSRC:3076146323
[W][13:55:52.200410] mod.rtp-sink | [         audio.c:  553 rtp_audio_process_capture()] timestamp: expected 128 != actual 0
[I][13:55:52.200420] mod.rtp-sink | [         audio.c:  567 rtp_audio_process_capture()] (re)sync to timestamp:0 seq:25508 ts_offset:0 SSRC:3076146323
[W][13:55:52.203157] mod.rtp-sink | [         audio.c:  553 rtp_audio_process_capture()] timestamp: expected 128 != actual 0
[I][13:55:52.203165] mod.rtp-sink | [         audio.c:  567 rtp_audio_process_capture()] (re)sync to timestamp:0 seq:25510 ts_offset:0 SSRC:3076146323
[W][13:55:52.205904] mod.rtp-sink | [         audio.c:  553 rtp_audio_process_capture()] timestamp: expected 128 != actual 0
[I][13:55:52.205911] mod.rtp-sink | [         audio.c:  567 rtp_audio_process_capture()] (re)sync to timestamp:0 seq:25512 ts_offset:0 SSRC:3076146323
[W][13:55:52.208405] mod.rtp-sink | [         audio.c:  553 rtp_audio_process_capture()] timestamp: expected 128 != actual 0
[I][13:55:52.208413] mod.rtp-sink | [         audio.c:  567 rtp_audio_process_capture()] (re)sync to timestamp:0 seq:25514 ts_offset:0 SSRC:3076146323
[W][13:55:52.211171] mod.rtp-sink | [         audio.c:  553 rtp_audio_process_capture()] timestamp: expected 128 != actual 0
[I][13:55:52.211181] mod.rtp-sink | [         audio.c:  567 rtp_audio_process_capture()] (re)sync to timestamp:0 seq:25516 ts_offset:0 SSRC:3076146323
[W][13:55:52.213912] mod.rtp-sink | [         audio.c:  553 rtp_audio_process_capture()] timestamp: expected 128 != actual 0
[I][13:55:52.213922] mod.rtp-sink | [         audio.c:  567 rtp_audio_process_capture()] (re)sync to timestamp:0 seq:25518 ts_offset:0 SSRC:3076146323
[W][13:55:52.216407] mod.rtp-sink | [         audio.c:  553 rtp_audio_process_capture()] timestamp: expected 128 != actual 0
[I][13:55:52.216417] mod.rtp-sink | [         audio.c:  567 rtp_audio_process_capture()] (re)sync to timestamp:0 seq:25520 ts_offset:0 SSRC:3076146323
[W][13:55:52.219156] mod.rtp-sink | [         audio.c:  553 rtp_audio_process_capture()] timestamp: expected 128 != actual 0
[I][13:55:52.219164] mod.rtp-sink | [         audio.c:  567 rtp_audio_process_capture()] (re)sync to timestamp:0 seq:25522 ts_offset:0 SSRC:3076146323
[W][13:55:52.221895] mod.rtp-sink | [         audio.c:  553 rtp_audio_process_capture()] timestamp: expected 128 != actual 0
[I][13:55:52.221899] mod.rtp-sink | [         audio.c:  567 rtp_audio_process_capture()] (re)sync to timestamp:0 seq:25524 ts_offset:0 SSRC:3076146323
[W][13:55:52.224393] mod.rtp-sink | [         audio.c:  553 rtp_audio_process_capture()] timestamp: expected 128 != actual 0
[I][13:55:52.224398] mod.rtp-sink | [         audio.c:  567 rtp_audio_process_capture()] (re)sync to timestamp:0 seq:25526 ts_offset:0 SSRC:3076146323
[W][13:55:52.227161] mod.rtp-sink | [         audio.c:  553 rtp_audio_process_capture()] timestamp: expected 128 != actual 0
[I][13:55:52.227169] mod.rtp-sink | [         audio.c:  567 rtp_audio_process_capture()] (re)sync to timestamp:0 seq:25528 ts_offset:0 SSRC:3076146323
[W][13:55:52.229896] mod.rtp-sink | [         audio.c:  553 rtp_audio_process_capture()] timestamp: expected 128 != actual 0
[I][13:55:52.229905] mod.rtp-sink | [         audio.c:  567 rtp_audio_process_capture()] (re)sync to timestamp:0 seq:25530 ts_offset:0 SSRC:3076146323
[W][13:55:52.232397] mod.rtp-sink | [         audio.c:  553 rtp_audio_process_capture()] timestamp: expected 128 != actual 0
[I][13:55:52.232405] mod.rtp-sink | [         audio.c:  567 rtp_audio_process_capture()] (re)sync to timestamp:0 seq:25532 ts_offset:0 SSRC:3076146323
[W][13:55:52.235148] mod.rtp-sink | [         audio.c:  553 rtp_audio_process_capture()] timestamp: expected 128 != actual 0
[I][13:55:52.235156] mod.rtp-sink | [         audio.c:  567 rtp_audio_process_capture()] (re)sync to timestamp:0 seq:25534 ts_offset:0 SSRC:3076146323
[W][13:55:52.237891] mod.rtp-sink | [         audio.c:  553 rtp_audio_process_capture()] timestamp: expected 128 != actual 0
[I][13:55:52.237898] mod.rtp-sink | [         audio.c:  567 rtp_audio_process_capture()] (re)sync to timestamp:0 seq:25536 ts_offset:0 SSRC:3076146323
[W][13:55:52.240390] mod.rtp-sink | [         audio.c:  553 rtp_audio_process_capture()] timestamp: expected 128 != actual 0
[I][13:55:52.240396] mod.rtp-sink | [         audio.c:  567 rtp_audio_process_capture()] (re)sync to timestamp:0 seq:25538 ts_offset:0 SSRC:3076146323
[W][13:55:52.243149] mod.rtp-sink | [         audio.c:  553 rtp_audio_process_capture()] timestamp: expected 128 != actual 0
[I][13:55:52.243157] mod.rtp-sink | [         audio.c:  567 rtp_audio_process_capture()] (re)sync to timestamp:0 seq:25540 ts_offset:0 SSRC:3076146323
[W][13:55:52.245892] mod.rtp-sink | [         audio.c:  553 rtp_audio_process_capture()] timestamp: expected 128 != actual 0
[I][13:55:52.245903] mod.rtp-sink | [         audio.c:  567 rtp_audio_process_capture()] (re)sync to timestamp:0 seq:25542 ts_offset:0 SSRC:3076146323
[W][13:55:52.248390] mod.rtp-sink | [         audio.c:  553 rtp_audio_process_capture()] timestamp: expected 128 != actual 0
[I][13:55:52.248401] mod.rtp-sink | [         audio.c:  567 rtp_audio_process_capture()] (re)sync to timestamp:0 seq:25544 ts_offset:0 SSRC:3076146323
[W][13:55:52.251140] mod.rtp-sink | [         audio.c:  553 rtp_audio_process_capture()] timestamp: expected 128 != actual 0
[I][13:55:52.251150] mod.rtp-sink | [         audio.c:  567 rtp_audio_process_capture()] (re)sync to timestamp:0 seq:25546 ts_offset:0 SSRC:3076146323
[W][13:55:52.253884] mod.rtp-sink | [         audio.c:  553 rtp_audio_process_capture()] timestamp: expected 128 != actual 0
[I][13:55:52.253890] mod.rtp-sink | [         audio.c:  567 rtp_audio_process_capture()] (re)sync to timestamp:0 seq:25548 ts_offset:0 SSRC:3076146323
[W][13:55:52.256381] mod.rtp-sink | [         audio.c:  553 rtp_audio_process_capture()] timestamp: expected 128 != actual 0
[I][13:55:52.256385] mod.rtp-sink | [         audio.c:  567 rtp_audio_process_capture()] (re)sync to timestamp:0 seq:25550 ts_offset:0 SSRC:3076146323
[W][13:55:52.259142] mod.rtp-sink | [         audio.c:  553 rtp_audio_process_capture()] timestamp: expected 128 != actual 0
[I][13:55:52.259151] mod.rtp-sink | [         audio.c:  567 rtp_audio_process_capture()] (re)sync to timestamp:0 seq:25552 ts_offset:0 SSRC:3076146323
[W][13:55:52.261890] mod.rtp-sink | [         audio.c:  553 rtp_audio_process_capture()] timestamp: expected 128 != actual 0
[I][13:55:52.261899] mod.rtp-sink | [         audio.c:  567 rtp_audio_process_capture()] (re)sync to timestamp:0 seq:25554 ts_offset:0 SSRC:3076146323
[W][13:55:52.264385] mod.rtp-sink | [         audio.c:  553 rtp_audio_process_capture()] timestamp: expected 128 != actual 0
[I][13:55:52.264395] mod.rtp-sink | [         audio.c:  567 rtp_audio_process_capture()] (re)sync to timestamp:0 seq:25556 ts_offset:0 SSRC:3076146323
[W][13:55:52.267131] mod.rtp-sink | [         audio.c:  553 rtp_audio_process_capture()] timestamp: expected 128 != actual 0
[I][13:55:52.267151] mod.rtp-sink | [         audio.c:  567 rtp_audio_process_capture()] (re)sync to timestamp:0 seq:25558 ts_offset:0 SSRC:3076146323
[W][13:55:52.269875] mod.rtp-sink | [         audio.c:  553 rtp_audio_process_capture()] timestamp: expected 128 != actual 0
[I][13:55:52.269882] mod.rtp-sink | [         audio.c:  567 rtp_audio_process_capture()] (re)sync to timestamp:0 seq:25560 ts_offset:0 SSRC:3076146323
[W][13:55:52.272375] mod.rtp-sink | [         audio.c:  553 rtp_audio_process_capture()] timestamp: expected 128 != actual 0
[I][13:55:52.272381] mod.rtp-sink | [         audio.c:  567 rtp_audio_process_capture()] (re)sync to timestamp:0 seq:25562 ts_offset:0 SSRC:3076146323
[W][13:55:52.275123] mod.rtp-sink | [         audio.c:  553 rtp_audio_process_capture()] timestamp: expected 128 != actual 0
[I][13:55:52.275131] mod.rtp-sink | [         audio.c:  567 rtp_audio_process_capture()] (re)sync to timestamp:0 seq:25564 ts_offset:0 SSRC:3076146323
[W][13:55:52.277883] mod.rtp-sink | [         audio.c:  553 rtp_audio_process_capture()] timestamp: expected 128 != actual 0
[I][13:55:52.277894] mod.rtp-sink | [         audio.c:  567 rtp_audio_process_capture()] (re)sync to timestamp:0 seq:25566 ts_offset:0 SSRC:3076146323
[W][13:55:52.280374] mod.rtp-sink | [         audio.c:  553 rtp_audio_process_capture()] timestamp: expected 128 != actual 0
[I][13:55:52.280383] mod.rtp-sink | [         audio.c:  567 rtp_audio_process_capture()] (re)sync to timestamp:0 seq:25568 ts_offset:0 SSRC:3076146323
[W][13:55:52.283120] mod.rtp-sink | [         audio.c:  553 rtp_audio_process_capture()] timestamp: expected 128 != actual 0
[I][13:55:52.283128] mod.rtp-sink | [         audio.c:  567 rtp_audio_process_capture()] (re)sync to timestamp:0 seq:25570 ts_offset:0 SSRC:3076146323
[W][13:55:52.285871] mod.rtp-sink | [         audio.c:  553 rtp_audio_process_capture()] timestamp: expected 128 != actual 0
[I][13:55:52.285878] mod.rtp-sink | [         audio.c:  567 rtp_audio_process_capture()] (re)sync to timestamp:0 seq:25572 ts_offset:0 SSRC:3076146323
[W][13:55:52.288370] mod.rtp-sink | [         audio.c:  553 rtp_audio_process_capture()] timestamp: expected 128 != actual 0
[I][13:55:52.288377] mod.rtp-sink | [         audio.c:  567 rtp_audio_process_capture()] (re)sync to timestamp:0 seq:25574 ts_offset:0 SSRC:3076146323
[W][13:55:52.291113] mod.rtp-sink | [         audio.c:  553 rtp_audio_process_capture()] timestamp: expected 128 != actual 0
[I][13:55:52.291119] mod.rtp-sink | [         audio.c:  567 rtp_audio_process_capture()] (re)sync to timestamp:0 seq:25576 ts_offset:0 SSRC:3076146323
[W][13:55:52.293874] mod.rtp-sink | [         audio.c:  553 rtp_audio_process_capture()] timestamp: expected 128 != actual 0
[I][13:55:52.293883] mod.rtp-sink | [         audio.c:  567 rtp_audio_process_capture()] (re)sync to timestamp:0 seq:25578 ts_offset:0 SSRC:3076146323
[W][13:55:52.296379] mod.rtp-sink | [         audio.c:  553 rtp_audio_process_capture()] timestamp: expected 128 != actual 0
[I][13:55:52.296392] mod.rtp-sink | [         audio.c:  567 rtp_audio_process_capture()] (re)sync to timestamp:0 seq:25580 ts_offset:0 SSRC:3076146323
[W][13:55:52.299119] mod.rtp-sink | [         audio.c:  553 rtp_audio_process_capture()] timestamp: expected 128 != actual 0
[I][13:55:52.299128] mod.rtp-sink | [         audio.c:  567 rtp_audio_process_capture()] (re)sync to timestamp:0 seq:25582 ts_offset:0 SSRC:3076146323
[W][13:55:52.301865] mod.rtp-sink | [         audio.c:  553 rtp_audio_process_capture()] timestamp: expected 128 != actual 0
[I][13:55:52.301873] mod.rtp-sink | [         audio.c:  567 rtp_audio_process_capture()] (re)sync to timestamp:0 seq:25584 ts_offset:0 SSRC:3076146323
[W][13:55:52.304363] mod.rtp-sink | [         audio.c:  553 rtp_audio_process_capture()] timestamp: expected 128 != actual 0
[I][13:55:52.304370] mod.rtp-sink | [         audio.c:  567 rtp_audio_process_capture()] (re)sync to timestamp:0 seq:25586 ts_offset:0 SSRC:3076146323
[W][13:55:52.307107] mod.rtp-sink | [         audio.c:  553 rtp_audio_process_capture()] timestamp: expected 128 != actual 0
[I][13:55:52.307114] mod.rtp-sink | [         audio.c:  567 rtp_audio_process_capture()] (re)sync to timestamp:0 seq:25588 ts_offset:0 SSRC:3076146323
[W][13:55:52.309866] mod.rtp-sink | [         audio.c:  553 rtp_audio_process_capture()] timestamp: expected 128 != actual 0
[I][13:55:52.309875] mod.rtp-sink | [         audio.c:  567 rtp_audio_process_capture()] (re)sync to timestamp:0 seq:25590 ts_offset:0 SSRC:3076146323
[W][13:55:52.312364] mod.rtp-sink | [         audio.c:  553 rtp_audio_process_capture()] timestamp: expected 128 != actual 0
[I][13:55:52.312375] mod.rtp-sink | [         audio.c:  567 rtp_audio_process_capture()] (re)sync to timestamp:0 seq:25592 ts_offset:0 SSRC:3076146323
[W][13:55:52.315113] mod.rtp-sink | [         audio.c:  553 rtp_audio_process_capture()] timestamp: expected 128 != actual 0
[I][13:55:52.315126] mod.rtp-sink | [         audio.c:  567 rtp_audio_process_capture()] (re)sync to timestamp:0 seq:25594 ts_offset:0 SSRC:3076146323
[W][13:55:52.317857] mod.rtp-sink | [         audio.c:  553 rtp_audio_process_capture()] timestamp: expected 128 != actual 0
[I][13:55:52.317866] mod.rtp-sink | [         audio.c:  567 rtp_audio_process_capture()] (re)sync to timestamp:0 seq:25596 ts_offset:0 SSRC:3076146323
[W][13:55:52.320353] mod.rtp-sink | [         audio.c:  553 rtp_audio_process_capture()] timestamp: expected 128 != actual 0
[I][13:55:52.320359] mod.rtp-sink | [         audio.c:  567 rtp_audio_process_capture()] (re)sync to timestamp:0 seq:25598 ts_offset:0 SSRC:3076146323
[W][13:55:52.323099] mod.rtp-sink | [         audio.c:  553 rtp_audio_process_capture()] timestamp: expected 128 != actual 0
[I][13:55:52.323105] mod.rtp-sink | [         audio.c:  567 rtp_audio_process_capture()] (re)sync to timestamp:0 seq:25600 ts_offset:0 SSRC:3076146323
[W][13:55:52.325851] mod.rtp-sink | [         audio.c:  553 rtp_audio_process_capture()] timestamp: expected 128 != actual 0
[I][13:55:52.325860] mod.rtp-sink | [         audio.c:  567 rtp_audio_process_capture()] (re)sync to timestamp:0 seq:25602 ts_offset:0 SSRC:3076146323
[W][13:55:52.328612] mod.rtp-sink | [         audio.c:  553 rtp_audio_process_capture()] timestamp: expected 128 != actual 0
[I][13:55:52.328624] mod.rtp-sink | [         audio.c:  567 rtp_audio_process_capture()] (re)sync to timestamp:0 seq:25604 ts_offset:0 SSRC:3076146323
[W][13:55:52.331106] mod.rtp-sink | [         audio.c:  553 rtp_audio_process_capture()] timestamp: expected 128 != actual 0
[I][13:55:52.331118] mod.rtp-sink | [         audio.c:  567 rtp_audio_process_capture()] (re)sync to timestamp:0 seq:25606 ts_offset:0 SSRC:3076146323
[W][13:55:52.333852] mod.rtp-sink | [         audio.c:  553 rtp_audio_process_capture()] timestamp: expected 128 != actual 0
[I][13:55:52.333861] mod.rtp-sink | [         audio.c:  567 rtp_audio_process_capture()] (re)sync to timestamp:0 seq:25608 ts_offset:0 SSRC:3076146323
[W][13:55:52.336594] mod.rtp-sink | [         audio.c:  553 rtp_audio_process_capture()] timestamp: expected 128 != actual 0
[I][13:55:52.336601] mod.rtp-sink | [         audio.c:  567 rtp_audio_process_capture()] (re)sync to timestamp:0 seq:25610 ts_offset:0 SSRC:3076146323
[W][13:55:52.339093] mod.rtp-sink | [         audio.c:  553 rtp_audio_process_capture()] timestamp: expected 128 != actual 0
[I][13:55:52.339099] mod.rtp-sink | [         audio.c:  567 rtp_audio_process_capture()] (re)sync to timestamp:0 seq:25612 ts_offset:0 SSRC:3076146323
[W][13:55:52.341845] mod.rtp-sink | [         audio.c:  553 rtp_audio_process_capture()] timestamp: expected 128 != actual 0
[I][13:55:52.341851] mod.rtp-sink | [         audio.c:  567 rtp_audio_process_capture()] (re)sync to timestamp:0 seq:25614 ts_offset:0 SSRC:3076146323
[W][13:55:52.344604] mod.rtp-sink | [         audio.c:  553 rtp_audio_process_capture()] timestamp: expected 128 != actual 0
[I][13:55:52.344613] mod.rtp-sink | [         audio.c:  567 rtp_audio_process_capture()] (re)sync to timestamp:0 seq:25616 ts_offset:0 SSRC:3076146323
[W][13:55:52.347093] mod.rtp-sink | [         audio.c:  553 rtp_audio_process_capture()] timestamp: expected 128 != actual 0
[I][13:55:52.347104] mod.rtp-sink | [         audio.c:  567 rtp_audio_process_capture()] (re)sync to timestamp:0 seq:25618 ts_offset:0 SSRC:3076146323
[W][13:55:52.349845] mod.rtp-sink | [         audio.c:  553 rtp_audio_process_capture()] timestamp: expected 128 != actual 0
[I][13:55:52.349855] mod.rtp-sink | [         audio.c:  567 rtp_audio_process_capture()] (re)sync to timestamp:0 seq:25620 ts_offset:0 SSRC:3076146323
[W][13:55:52.352587] mod.rtp-sink | [         audio.c:  553 rtp_audio_process_capture()] timestamp: expected 128 != actual 0
[I][13:55:52.352593] mod.rtp-sink | [         audio.c:  567 rtp_audio_process_capture()] (re)sync to timestamp:0 seq:25622 ts_offset:0 SSRC:3076146323
[W][13:55:52.355089] mod.rtp-sink | [         audio.c:  553 rtp_audio_process_capture()] timestamp: expected 128 != actual 0
[I][13:55:52.355095] mod.rtp-sink | [         audio.c:  567 rtp_audio_process_capture()] (re)sync to timestamp:0 seq:25624 ts_offset:0 SSRC:3076146323
[W][13:55:52.357836] mod.rtp-sink | [         audio.c:  553 rtp_audio_process_capture()] timestamp: expected 128 != actual 0
[I][13:55:52.357842] mod.rtp-sink | [         audio.c:  567 rtp_audio_process_capture()] (re)sync to timestamp:0 seq:25626 ts_offset:0 SSRC:3076146323
[W][13:55:52.360602] mod.rtp-sink | [         audio.c:  553 rtp_audio_process_capture()] timestamp: expected 128 != actual 0
[I][13:55:52.360615] mod.rtp-sink | [         audio.c:  567 rtp_audio_process_capture()] (re)sync to timestamp:0 seq:25628 ts_offset:0 SSRC:3076146323
[W][13:55:52.363094] mod.rtp-sink | [         audio.c:  553 rtp_audio_process_capture()] timestamp: expected 128 != actual 0
[I][13:55:52.363105] mod.rtp-sink | [         audio.c:  567 rtp_audio_process_capture()] (re)sync to timestamp:0 seq:25630 ts_offset:0 SSRC:3076146323
[W][13:55:52.365856] mod.rtp-sink | [         audio.c:  553 rtp_audio_process_capture()] timestamp: expected 128 != actual 0
[I][13:55:52.365867] mod.rtp-sink | [         audio.c:  567 rtp_audio_process_capture()] (re)sync to timestamp:0 seq:25632 ts_offset:0 SSRC:3076146323
[W][13:55:52.368580] mod.rtp-sink | [         audio.c:  553 rtp_audio_process_capture()] timestamp: expected 128 != actual 0
[I][13:55:52.368588] mod.rtp-sink | [         audio.c:  567 rtp_audio_process_capture()] (re)sync to timestamp:0 seq:25634 ts_offset:0 SSRC:3076146323
[W][13:55:52.371080] mod.rtp-sink | [         audio.c:  553 rtp_audio_process_capture()] timestamp: expected 128 != actual 0
[I][13:55:52.371087] mod.rtp-sink | [         audio.c:  567 rtp_audio_process_capture()] (re)sync to timestamp:0 seq:25636 ts_offset:0 SSRC:3076146323
[W][13:55:52.373827] mod.rtp-sink | [         audio.c:  553 rtp_audio_process_capture()] timestamp: expected 128 != actual 0
[I][13:55:52.373833] mod.rtp-sink | [         audio.c:  567 rtp_audio_process_capture()] (re)sync to timestamp:0 seq:25638 ts_offset:0 SSRC:3076146323
[W][13:55:52.376589] mod.rtp-sink | [         audio.c:  553 rtp_audio_process_capture()] timestamp: expected 128 != actual 0
[I][13:55:52.376600] mod.rtp-sink | [         audio.c:  567 rtp_audio_process_capture()] (re)sync to timestamp:0 seq:25640 ts_offset:0 SSRC:3076146323
[W][13:55:52.379091] mod.rtp-sink | [         audio.c:  553 rtp_audio_process_capture()] timestamp: expected 128 != actual 0
[I][13:55:52.379103] mod.rtp-sink | [         audio.c:  567 rtp_audio_process_capture()] (re)sync to timestamp:0 seq:25642 ts_offset:0 SSRC:3076146323
[W][13:55:52.381826] mod.rtp-sink | [         audio.c:  553 rtp_audio_process_capture()] timestamp: expected 128 != actual 0
[I][13:55:52.381835] mod.rtp-sink | [         audio.c:  567 rtp_audio_process_capture()] (re)sync to timestamp:0 seq:25644 ts_offset:0 SSRC:3076146323
[W][13:55:52.384572] mod.rtp-sink | [         audio.c:  553 rtp_audio_process_capture()] timestamp: expected 128 != actual 0
[I][13:55:52.384582] mod.rtp-sink | [         audio.c:  567 rtp_audio_process_capture()] (re)sync to timestamp:0 seq:25646 ts_offset:0 SSRC:3076146323
[W][13:55:52.387075] mod.rtp-sink | [         audio.c:  553 rtp_audio_process_capture()] timestamp: expected 128 != actual 0
[I][13:55:52.387084] mod.rtp-sink | [         audio.c:  567 rtp_audio_process_capture()] (re)sync to timestamp:0 seq:25648 ts_offset:0 SSRC:3076146323
[W][13:55:52.389821] mod.rtp-sink | [         audio.c:  553 rtp_audio_process_capture()] timestamp: expected 128 != actual 0
[I][13:55:52.389828] mod.rtp-sink | [         audio.c:  567 rtp_audio_process_capture()] (re)sync to timestamp:0 seq:25650 ts_offset:0 SSRC:3076146323
[W][13:55:52.392569] mod.rtp-sink | [         audio.c:  553 rtp_audio_process_capture()] timestamp: expected 128 != actual 0
[I][13:55:52.392576] mod.rtp-sink | [         audio.c:  567 rtp_audio_process_capture()] (re)sync to timestamp:0 seq:25652 ts_offset:0 SSRC:3076146323
[W][13:55:52.395076] mod.rtp-sink | [         audio.c:  553 rtp_audio_process_capture()] timestamp: expected 128 != actual 0
[I][13:55:52.395086] mod.rtp-sink | [         audio.c:  567 rtp_audio_process_capture()] (re)sync to timestamp:0 seq:25654 ts_offset:0 SSRC:3076146323
[W][13:55:52.397823] mod.rtp-sink | [         audio.c:  553 rtp_audio_process_capture()] timestamp: expected 128 != actual 0
[I][13:55:52.397833] mod.rtp-sink | [         audio.c:  567 rtp_audio_process_capture()] (re)sync to timestamp:0 seq:25656 ts_offset:0 SSRC:3076146323
[W][13:55:52.400568] mod.rtp-sink | [         audio.c:  553 rtp_audio_process_capture()] timestamp: expected 128 != actual 0
[I][13:55:52.400578] mod.rtp-sink | [         audio.c:  567 rtp_audio_process_capture()] (re)sync to timestamp:0 seq:25658 ts_offset:0 SSRC:3076146323
[W][13:55:52.403064] mod.rtp-sink | [         audio.c:  553 rtp_audio_process_capture()] timestamp: expected 128 != actual 0
[I][13:55:52.403070] mod.rtp-sink | [         audio.c:  567 rtp_audio_process_capture()] (re)sync to timestamp:0 seq:25660 ts_offset:0 SSRC:3076146323
[W][13:55:52.405812] mod.rtp-sink | [         audio.c:  553 rtp_audio_process_capture()] timestamp: expected 128 != actual 0
[I][13:55:52.405819] mod.rtp-sink | [         audio.c:  567 rtp_audio_process_capture()] (re)sync to timestamp:0 seq:25662 ts_offset:0 SSRC:3076146323
[W][13:55:52.408569] mod.rtp-sink | [         audio.c:  553 rtp_audio_process_capture()] timestamp: expected 128 != actual 0
[I][13:55:52.408577] mod.rtp-sink | [         audio.c:  567 rtp_audio_process_capture()] (re)sync to timestamp:0 seq:25664 ts_offset:0 SSRC:3076146323
[W][13:55:52.411073] mod.rtp-sink | [         audio.c:  553 rtp_audio_process_capture()] timestamp: expected 128 != actual 0
[I][13:55:52.411085] mod.rtp-sink | [         audio.c:  567 rtp_audio_process_capture()] (re)sync to timestamp:0 seq:25666 ts_offset:0 SSRC:3076146323
[W][13:55:52.413819] mod.rtp-sink | [         audio.c:  553 rtp_audio_process_capture()] timestamp: expected 128 != actual 0
[I][13:55:52.413830] mod.rtp-sink | [         audio.c:  567 rtp_audio_process_capture()] (re)sync to timestamp:0 seq:25668 ts_offset:0 SSRC:3076146323
[W][13:55:52.416567] mod.rtp-sink | [         audio.c:  553 rtp_audio_process_capture()] timestamp: expected 128 != actual 0
[I][13:55:52.416578] mod.rtp-sink | [         audio.c:  567 rtp_audio_process_capture()] (re)sync to timestamp:0 seq:25670 ts_offset:0 SSRC:3076146323
[W][13:55:52.419059] mod.rtp-sink | [         audio.c:  553 rtp_audio_process_capture()] timestamp: expected 128 != actual 0
[I][13:55:52.419067] mod.rtp-sink | [         audio.c:  567 rtp_audio_process_capture()] (re)sync to timestamp:0 seq:25672 ts_offset:0 SSRC:3076146323
[W][13:55:52.421805] mod.rtp-sink | [         audio.c:  553 rtp_audio_process_capture()] timestamp: expected 128 != actual 0
[I][13:55:52.421811] mod.rtp-sink | [         audio.c:  567 rtp_audio_process_capture()] (re)sync to timestamp:0 seq:25674 ts_offset:0 SSRC:3076146323
[W][13:55:52.424555] mod.rtp-sink | [         audio.c:  553 rtp_audio_process_capture()] timestamp: expected 128 != actual 0
[I][13:55:52.424561] mod.rtp-sink | [         audio.c:  567 rtp_audio_process_capture()] (re)sync to timestamp:0 seq:25676 ts_offset:0 SSRC:3076146323
[W][13:55:52.427068] mod.rtp-sink | [         audio.c:  553 rtp_audio_process_capture()] timestamp: expected 128 != actual 0
[I][13:55:52.427081] mod.rtp-sink | [         audio.c:  567 rtp_audio_process_capture()] (re)sync to timestamp:0 seq:25678 ts_offset:0 SSRC:3076146323
[W][13:55:52.429812] mod.rtp-sink | [         audio.c:  553 rtp_audio_process_capture()] timestamp: expected 128 != actual 0
[I][13:55:52.429824] mod.rtp-sink | [         audio.c:  567 rtp_audio_process_capture()] (re)sync to timestamp:0 seq:25680 ts_offset:0 SSRC:3076146323
[W][13:55:52.432554] mod.rtp-sink | [         audio.c:  553 rtp_audio_process_capture()] timestamp: expected 128 != actual 0
[I][13:55:52.432565] mod.rtp-sink | [         audio.c:  567 rtp_audio_process_capture()] (re)sync to timestamp:0 seq:25682 ts_offset:0 SSRC:3076146323
[W][13:55:52.435051] mod.rtp-sink | [         audio.c:  553 rtp_audio_process_capture()] timestamp: expected 128 != actual 0
[I][13:55:52.435060] mod.rtp-sink | [         audio.c:  567 rtp_audio_process_capture()] (re)sync to timestamp:0 seq:25684 ts_offset:0 SSRC:3076146323
[W][13:55:52.437798] mod.rtp-sink | [         audio.c:  553 rtp_audio_process_capture()] timestamp: expected 128 != actual 0
[I][13:55:52.437805] mod.rtp-sink | [         audio.c:  567 rtp_audio_process_capture()] (re)sync to timestamp:0 seq:25686 ts_offset:0 SSRC:3076146323
[W][13:55:52.440545] mod.rtp-sink | [         audio.c:  553 rtp_audio_process_capture()] timestamp: expected 128 != actual 0
[I][13:55:52.440552] mod.rtp-sink | [         audio.c:  567 rtp_audio_process_capture()] (re)sync to timestamp:0 seq:25688 ts_offset:0 SSRC:3076146323
[W][13:55:52.443044] mod.rtp-sink | [         audio.c:  553 rtp_audio_process_capture()] timestamp: expected 128 != actual 0
[I][13:55:52.443053] mod.rtp-sink | [         audio.c:  567 rtp_audio_process_capture()] (re)sync to timestamp:0 seq:25690 ts_offset:0 SSRC:3076146323
[W][13:55:52.445796] mod.rtp-sink | [         audio.c:  553 rtp_audio_process_capture()] timestamp: expected 128 != actual 0
[I][13:55:52.445805] mod.rtp-sink | [         audio.c:  567 rtp_audio_process_capture()] (re)sync to timestamp:0 seq:25692 ts_offset:0 SSRC:3076146323
[W][13:55:52.448551] mod.rtp-sink | [         audio.c:  553 rtp_audio_process_capture()] timestamp: expected 128 != actual 0
[I][13:55:52.448564] mod.rtp-sink | [         audio.c:  567 rtp_audio_process_capture()] (re)sync to timestamp:0 seq:25694 ts_offset:0 SSRC:3076146323
[W][13:55:52.451043] mod.rtp-sink | [         audio.c:  553 rtp_audio_process_capture()] timestamp: expected 128 != actual 0
[I][13:55:52.451054] mod.rtp-sink | [         audio.c:  567 rtp_audio_process_capture()] (re)sync to timestamp:0 seq:25696 ts_offset:0 SSRC:3076146323
[W][13:55:52.453791] mod.rtp-sink | [         audio.c:  553 rtp_audio_process_capture()] timestamp: expected 128 != actual 0
[I][13:55:52.453799] mod.rtp-sink | [         audio.c:  567 rtp_audio_process_capture()] (re)sync to timestamp:0 seq:25698 ts_offset:0 SSRC:3076146323
[W][13:55:52.456540] mod.rtp-sink | [         audio.c:  553 rtp_audio_process_capture()] timestamp: expected 128 != actual 0
[I][13:55:52.456546] mod.rtp-sink | [         audio.c:  567 rtp_audio_process_capture()] (re)sync to timestamp:0 seq:25700 ts_offset:0 SSRC:3076146323
[W][13:55:52.459041] mod.rtp-sink | [         audio.c:  553 rtp_audio_process_capture()] timestamp: expected 128 != actual 0
[I][13:55:52.459049] mod.rtp-sink | [         audio.c:  567 rtp_audio_process_capture()] (re)sync to timestamp:0 seq:25702 ts_offset:0 SSRC:3076146323
[W][13:55:52.461798] mod.rtp-sink | [         audio.c:  553 rtp_audio_process_capture()] timestamp: expected 128 != actual 0
[I][13:55:52.461810] mod.rtp-sink | [         audio.c:  567 rtp_audio_process_capture()] (re)sync to timestamp:0 seq:25704 ts_offset:0 SSRC:3076146323
[W][13:55:52.464544] mod.rtp-sink | [         audio.c:  553 rtp_audio_process_capture()] timestamp: expected 128 != actual 0
[I][13:55:52.464556] mod.rtp-sink | [         audio.c:  567 rtp_audio_process_capture()] (re)sync to timestamp:0 seq:25706 ts_offset:0 SSRC:3076146323
[W][13:55:52.467037] mod.rtp-sink | [         audio.c:  553 rtp_audio_process_capture()] timestamp: expected 128 != actual 0
[I][13:55:52.467046] mod.rtp-sink | [         audio.c:  567 rtp_audio_process_capture()] (re)sync to timestamp:0 seq:25708 ts_offset:0 SSRC:3076146323
[W][13:55:52.469785] mod.rtp-sink | [         audio.c:  553 rtp_audio_process_capture()] timestamp: expected 128 != actual 0
[I][13:55:52.469792] mod.rtp-sink | [         audio.c:  567 rtp_audio_process_capture()] (re)sync to timestamp:0 seq:25710 ts_offset:0 SSRC:3076146323
[W][13:55:52.472535] mod.rtp-sink | [         audio.c:  553 rtp_audio_process_capture()] timestamp: expected 128 != actual 0
[I][13:55:52.472541] mod.rtp-sink | [         audio.c:  567 rtp_audio_process_capture()] (re)sync to timestamp:0 seq:25712 ts_offset:0 SSRC:3076146323
[W][13:55:52.475036] mod.rtp-sink | [         audio.c:  553 rtp_audio_process_capture()] timestamp: expected 128 != actual 0
[I][13:55:52.475042] mod.rtp-sink | [         audio.c:  567 rtp_audio_process_capture()] (re)sync to timestamp:0 seq:25714 ts_offset:0 SSRC:3076146323
[W][13:55:52.477804] mod.rtp-sink | [         audio.c:  553 rtp_audio_process_capture()] timestamp: expected 128 != actual 0
[I][13:55:52.477816] mod.rtp-sink | [         audio.c:  567 rtp_audio_process_capture()] (re)sync to timestamp:0 seq:25716 ts_offset:0 SSRC:3076146323
[W][13:55:52.480536] mod.rtp-sink | [         audio.c:  553 rtp_audio_process_capture()] timestamp: expected 128 != actual 0
[I][13:55:52.480546] mod.rtp-sink | [         audio.c:  567 rtp_audio_process_capture()] (re)sync to timestamp:0 seq:25718 ts_offset:0 SSRC:3076146323
[W][13:55:52.483037] mod.rtp-sink | [         audio.c:  553 rtp_audio_process_capture()] timestamp: expected 128 != actual 0
[I][13:55:52.483048] mod.rtp-sink | [         audio.c:  567 rtp_audio_process_capture()] (re)sync to timestamp:0 seq:25720 ts_offset:0 SSRC:3076146323
[W][13:55:52.485778] mod.rtp-sink | [         audio.c:  553 rtp_audio_process_capture()] timestamp: expected 128 != actual 0
[I][13:55:52.485785] mod.rtp-sink | [         audio.c:  567 rtp_audio_process_capture()] (re)sync to timestamp:0 seq:25722 ts_offset:0 SSRC:3076146323
[W][13:55:52.488527] mod.rtp-sink | [         audio.c:  553 rtp_audio_process_capture()] timestamp: expected 128 != actual 0
[I][13:55:52.488534] mod.rtp-sink | [         audio.c:  567 rtp_audio_process_capture()] (re)sync to timestamp:0 seq:25724 ts_offset:0 SSRC:3076146323
[W][13:55:52.491025] mod.rtp-sink | [         audio.c:  553 rtp_audio_process_capture()] timestamp: expected 128 != actual 0
[I][13:55:52.491032] mod.rtp-sink | [         audio.c:  567 rtp_audio_process_capture()] (re)sync to timestamp:0 seq:25726 ts_offset:0 SSRC:3076146323
[W][13:55:52.493785] mod.rtp-sink | [         audio.c:  553 rtp_audio_process_capture()] timestamp: expected 128 != actual 0
[I][13:55:52.493797] mod.rtp-sink | [         audio.c:  567 rtp_audio_process_capture()] (re)sync to timestamp:0 seq:25728 ts_offset:0 SSRC:3076146323
[W][13:55:52.496535] mod.rtp-sink | [         audio.c:  553 rtp_audio_process_capture()] timestamp: expected 128 != actual 0
[I][13:55:52.496549] mod.rtp-sink | [         audio.c:  567 rtp_audio_process_capture()] (re)sync to timestamp:0 seq:25730 ts_offset:0 SSRC:3076146323
[W][13:55:52.499276] mod.rtp-sink | [         audio.c:  553 rtp_audio_process_capture()] timestamp: expected 128 != actual 0
[I][13:55:52.499286] mod.rtp-sink | [         audio.c:  567 rtp_audio_process_capture()] (re)sync to timestamp:0 seq:25732 ts_offset:0 SSRC:3076146323
[W][13:55:52.501771] mod.rtp-sink | [         audio.c:  553 rtp_audio_process_capture()] timestamp: expected 128 != actual 0
[I][13:55:52.501778] mod.rtp-sink | [         audio.c:  567 rtp_audio_process_capture()] (re)sync to timestamp:0 seq:25734 ts_offset:0 SSRC:3076146323
[W][13:55:52.504514] mod.rtp-sink | [         audio.c:  553 rtp_audio_process_capture()] timestamp: expected 128 != actual 0
[I][13:55:52.504521] mod.rtp-sink | [         audio.c:  567 rtp_audio_process_capture()] (re)sync to timestamp:0 seq:25736 ts_offset:0 SSRC:3076146323
[W][13:55:52.507266] mod.rtp-sink | [         audio.c:  553 rtp_audio_process_capture()] timestamp: expected 128 != actual 0
[I][13:55:52.507272] mod.rtp-sink | [         audio.c:  567 rtp_audio_process_capture()] (re)sync to timestamp:0 seq:25738 ts_offset:0 SSRC:3076146323
[W][13:55:52.509765] mod.rtp-sink | [         audio.c:  553 rtp_audio_process_capture()] timestamp: expected 128 != actual 0
[I][13:55:52.509771] mod.rtp-sink | [         audio.c:  567 rtp_audio_process_capture()] (re)sync to timestamp:0 seq:25740 ts_offset:0 SSRC:3076146323
[W][13:55:52.512523] mod.rtp-sink | [         audio.c:  553 rtp_audio_process_capture()] timestamp: expected 128 != actual 0
[I][13:55:52.512535] mod.rtp-sink | [         audio.c:  567 rtp_audio_process_capture()] (re)sync to timestamp:0 seq:25742 ts_offset:0 SSRC:3076146323
[W][13:55:52.515265] mod.rtp-sink | [         audio.c:  553 rtp_audio_process_capture()] timestamp: expected 128 != actual 0
[I][13:55:52.515276] mod.rtp-sink | [         audio.c:  567 rtp_audio_process_capture()] (re)sync to timestamp:0 seq:25744 ts_offset:0 SSRC:3076146323
[W][13:55:52.517764] mod.rtp-sink | [         audio.c:  553 rtp_audio_process_capture()] timestamp: expected 128 != actual 0
[I][13:55:52.517773] mod.rtp-sink | [         audio.c:  567 rtp_audio_process_capture()] (re)sync to timestamp:0 seq:25746 ts_offset:0 SSRC:3076146323
[W][13:55:52.520509] mod.rtp-sink | [         audio.c:  553 rtp_audio_process_capture()] timestamp: expected 128 != actual 0
[I][13:55:52.520516] mod.rtp-sink | [         audio.c:  567 rtp_audio_process_capture()] (re)sync to timestamp:0 seq:25748 ts_offset:0 SSRC:3076146323
[W][13:55:52.523260] mod.rtp-sink | [         audio.c:  553 rtp_audio_process_capture()] timestamp: expected 128 != actual 0
[I][13:55:52.523267] mod.rtp-sink | [         audio.c:  567 rtp_audio_process_capture()] (re)sync to timestamp:0 seq:25750 ts_offset:0 SSRC:3076146323
[W][13:55:52.525760] mod.rtp-sink | [         audio.c:  553 rtp_audio_process_capture()] timestamp: expected 128 != actual 0
[I][13:55:52.525768] mod.rtp-sink | [         audio.c:  567 rtp_audio_process_capture()] (re)sync to timestamp:0 seq:25752 ts_offset:0 SSRC:3076146323
[W][13:55:52.528518] mod.rtp-sink | [         audio.c:  553 rtp_audio_process_capture()] timestamp: expected 128 != actual 0
[I][13:55:52.528530] mod.rtp-sink | [         audio.c:  567 rtp_audio_process_capture()] (re)sync to timestamp:0 seq:25754 ts_offset:0 SSRC:3076146323
[W][13:55:52.531262] mod.rtp-sink | [         audio.c:  553 rtp_audio_process_capture()] timestamp: expected 128 != actual 0
[I][13:55:52.531271] mod.rtp-sink | [         audio.c:  567 rtp_audio_process_capture()] (re)sync to timestamp:0 seq:25756 ts_offset:0 SSRC:3076146323
[W][13:55:52.533759] mod.rtp-sink | [         audio.c:  553 rtp_audio_process_capture()] timestamp: expected 128 != actual 0
[I][13:55:52.533766] mod.rtp-sink | [         audio.c:  567 rtp_audio_process_capture()] (re)sync to timestamp:0 seq:25758 ts_offset:0 SSRC:3076146323
[W][13:55:52.536505] mod.rtp-sink | [         audio.c:  553 rtp_audio_process_capture()] timestamp: expected 128 != actual 0
[I][13:55:52.536512] mod.rtp-sink | [         audio.c:  567 rtp_audio_process_capture()] (re)sync to timestamp:0 seq:25760 ts_offset:0 SSRC:3076146323
[W][13:55:52.539253] mod.rtp-sink | [         audio.c:  553 rtp_audio_process_capture()] timestamp: expected 128 != actual 0
[I][13:55:52.539260] mod.rtp-sink | [         audio.c:  567 rtp_audio_process_capture()] (re)sync to timestamp:0 seq:25762 ts_offset:0 SSRC:3076146323
[W][13:55:52.541750] mod.rtp-sink | [         audio.c:  553 rtp_audio_process_capture()] timestamp: expected 128 != actual 0
[I][13:55:52.541758] mod.rtp-sink | [         audio.c:  567 rtp_audio_process_capture()] (re)sync to timestamp:0 seq:25764 ts_offset:0 SSRC:3076146323
[W][13:55:52.544510] mod.rtp-sink | [         audio.c:  553 rtp_audio_process_capture()] timestamp: expected 128 != actual 0
[I][13:55:52.544522] mod.rtp-sink | [         audio.c:  567 rtp_audio_process_capture()] (re)sync to timestamp:0 seq:25766 ts_offset:0 SSRC:3076146323
[W][13:55:52.547260] mod.rtp-sink | [         audio.c:  553 rtp_audio_process_capture()] timestamp: expected 128 != actual 0
[I][13:55:52.547271] mod.rtp-sink | [         audio.c:  567 rtp_audio_process_capture()] (re)sync to timestamp:0 seq:25768 ts_offset:0 SSRC:3076146323
[W][13:55:52.549753] mod.rtp-sink | [         audio.c:  553 rtp_audio_process_capture()] timestamp: expected 128 != actual 0
[I][13:55:52.549762] mod.rtp-sink | [         audio.c:  567 rtp_audio_process_capture()] (re)sync to timestamp:0 seq:25770 ts_offset:0 SSRC:3076146323
[W][13:55:52.552495] mod.rtp-sink | [         audio.c:  553 rtp_audio_process_capture()] timestamp: expected 128 != actual 0
[I][13:55:52.552503] mod.rtp-sink | [         audio.c:  567 rtp_audio_process_capture()] (re)sync to timestamp:0 seq:25772 ts_offset:0 SSRC:3076146323
[W][13:55:52.555246] mod.rtp-sink | [         audio.c:  553 rtp_audio_process_capture()] timestamp: expected 128 != actual 0
[I][13:55:52.555253] mod.rtp-sink | [         audio.c:  567 rtp_audio_process_capture()] (re)sync to timestamp:0 seq:25774 ts_offset:0 SSRC:3076146323
[W][13:55:52.557747] mod.rtp-sink | [         audio.c:  553 rtp_audio_process_capture()] timestamp: expected 128 != actual 0
[I][13:55:52.557756] mod.rtp-sink | [         audio.c:  567 rtp_audio_process_capture()] (re)sync to timestamp:0 seq:25776 ts_offset:0 SSRC:3076146323
[W][13:55:52.560504] mod.rtp-sink | [         audio.c:  553 rtp_audio_process_capture()] timestamp: expected 128 != actual 0
[I][13:55:52.560513] mod.rtp-sink | [         audio.c:  567 rtp_audio_process_capture()] (re)sync to timestamp:0 seq:25778 ts_offset:0 SSRC:3076146323
[W][13:55:52.563246] mod.rtp-sink | [         audio.c:  553 rtp_audio_process_capture()] timestamp: expected 128 != actual 0
[I][13:55:52.563259] mod.rtp-sink | [         audio.c:  567 rtp_audio_process_capture()] (re)sync to timestamp:0 seq:25780 ts_offset:0 SSRC:3076146323
[W][13:55:52.565748] mod.rtp-sink | [         audio.c:  553 rtp_audio_process_capture()] timestamp: expected 128 != actual 0
[I][13:55:52.565757] mod.rtp-sink | [         audio.c:  567 rtp_audio_process_capture()] (re)sync to timestamp:0 seq:25782 ts_offset:0 SSRC:3076146323
[W][13:55:52.568489] mod.rtp-sink | [         audio.c:  553 rtp_audio_process_capture()] timestamp: expected 128 != actual 0
[I][13:55:52.568496] mod.rtp-sink | [         audio.c:  567 rtp_audio_process_capture()] (re)sync to timestamp:0 seq:25784 ts_offset:0 SSRC:3076146323
[W][13:55:52.571239] mod.rtp-sink | [         audio.c:  553 rtp_audio_process_capture()] timestamp: expected 128 != actual 0
[I][13:55:52.571245] mod.rtp-sink | [         audio.c:  567 rtp_audio_process_capture()] (re)sync to timestamp:0 seq:25786 ts_offset:0 SSRC:3076146323
[W][13:55:52.573736] mod.rtp-sink | [         audio.c:  553 rtp_audio_process_capture()] timestamp: expected 128 != actual 0
[I][13:55:52.573741] mod.rtp-sink | [         audio.c:  567 rtp_audio_process_capture()] (re)sync to timestamp:0 seq:25788 ts_offset:0 SSRC:3076146323
[W][13:55:52.576497] mod.rtp-sink | [         audio.c:  553 rtp_audio_process_capture()] timestamp: expected 128 != actual 0
[I][13:55:52.576506] mod.rtp-sink | [         audio.c:  567 rtp_audio_process_capture()] (re)sync to timestamp:0 seq:25790 ts_offset:0 SSRC:3076146323
[W][13:55:52.579246] mod.rtp-sink | [         audio.c:  553 rtp_audio_process_capture()] timestamp: expected 128 != actual 0
[I][13:55:52.579256] mod.rtp-sink | [         audio.c:  567 rtp_audio_process_capture()] (re)sync to timestamp:0 seq:25792 ts_offset:0 SSRC:3076146323
[W][13:55:52.581740] mod.rtp-sink | [         audio.c:  553 rtp_audio_process_capture()] timestamp: expected 128 != actual 0
[I][13:55:52.581749] mod.rtp-sink | [         audio.c:  567 rtp_audio_process_capture()] (re)sync to timestamp:0 seq:25794 ts_offset:0 SSRC:3076146323
[W][13:55:52.584479] mod.rtp-sink | [         audio.c:  553 rtp_audio_process_capture()] timestamp: expected 128 != actual 0
[I][13:55:52.584487] mod.rtp-sink | [         audio.c:  567 rtp_audio_process_capture()] (re)sync to timestamp:0 seq:25796 ts_offset:0 SSRC:3076146323
[W][13:55:52.587231] mod.rtp-sink | [         audio.c:  553 rtp_audio_process_capture()] timestamp: expected 128 != actual 0
[I][13:55:52.587237] mod.rtp-sink | [         audio.c:  567 rtp_audio_process_capture()] (re)sync to timestamp:0 seq:25798 ts_offset:0 SSRC:3076146323
[W][13:55:52.589729] mod.rtp-sink | [         audio.c:  553 rtp_audio_process_capture()] timestamp: expected 128 != actual 0
[I][13:55:52.589735] mod.rtp-sink | [         audio.c:  567 rtp_audio_process_capture()] (re)sync to timestamp:0 seq:25800 ts_offset:0 SSRC:3076146323
[W][13:55:52.592480] mod.rtp-sink | [         audio.c:  553 rtp_audio_process_capture()] timestamp: expected 128 != actual 0
[I][13:55:52.592488] mod.rtp-sink | [         audio.c:  567 rtp_audio_process_capture()] (re)sync to timestamp:0 seq:25802 ts_offset:0 SSRC:3076146323
[W][13:55:52.595235] mod.rtp-sink | [         audio.c:  553 rtp_audio_process_capture()] timestamp: expected 128 != actual 0
[I][13:55:52.595244] mod.rtp-sink | [         audio.c:  567 rtp_audio_process_capture()] (re)sync to timestamp:0 seq:25804 ts_offset:0 SSRC:3076146323
[W][13:55:52.597731] mod.rtp-sink | [         audio.c:  553 rtp_audio_process_capture()] timestamp: expected 128 != actual 0
[I][13:55:52.597741] mod.rtp-sink | [         audio.c:  567 rtp_audio_process_capture()] (re)sync to timestamp:0 seq:25806 ts_offset:0 SSRC:3076146323
[W][13:55:52.600480] mod.rtp-sink | [         audio.c:  553 rtp_audio_process_capture()] timestamp: expected 128 != actual 0
[I][13:55:52.600488] mod.rtp-sink | [         audio.c:  567 rtp_audio_process_capture()] (re)sync to timestamp:0 seq:25808 ts_offset:0 SSRC:3076146323
[W][13:55:52.603225] mod.rtp-sink | [         audio.c:  553 rtp_audio_process_capture()] timestamp: expected 128 != actual 0
[I][13:55:52.603232] mod.rtp-sink | [         audio.c:  567 rtp_audio_process_capture()] (re)sync to timestamp:0 seq:25810 ts_offset:0 SSRC:3076146323
[W][13:55:52.605722] mod.rtp-sink | [         audio.c:  553 rtp_audio_process_capture()] timestamp: expected 128 != actual 0
[I][13:55:52.605729] mod.rtp-sink | [         audio.c:  567 rtp_audio_process_capture()] (re)sync to timestamp:0 seq:25812 ts_offset:0 SSRC:3076146323
[W][13:55:52.608473] mod.rtp-sink | [         audio.c:  553 rtp_audio_process_capture()] timestamp: expected 128 != actual 0
[I][13:55:52.608479] mod.rtp-sink | [         audio.c:  567 rtp_audio_process_capture()] (re)sync to timestamp:0 seq:25814 ts_offset:0 SSRC:3076146323
[W][13:55:52.611231] mod.rtp-sink | [         audio.c:  553 rtp_audio_process_capture()] timestamp: expected 128 != actual 0
[I][13:55:52.611240] mod.rtp-sink | [         audio.c:  567 rtp_audio_process_capture()] (re)sync to timestamp:0 seq:25816 ts_offset:0 SSRC:3076146323
[W][13:55:52.613724] mod.rtp-sink | [         audio.c:  553 rtp_audio_process_capture()] timestamp: expected 128 != actual 0
[I][13:55:52.613735] mod.rtp-sink | [         audio.c:  567 rtp_audio_process_capture()] (re)sync to timestamp:0 seq:25818 ts_offset:0 SSRC:3076146323
[W][13:55:52.616473] mod.rtp-sink | [         audio.c:  553 rtp_audio_process_capture()] timestamp: expected 128 != actual 0
[I][13:55:52.616487] mod.rtp-sink | [         audio.c:  567 rtp_audio_process_capture()] (re)sync to timestamp:0 seq:25820 ts_offset:0 SSRC:3076146323
[W][13:55:52.619217] mod.rtp-sink | [         audio.c:  553 rtp_audio_process_capture()] timestamp: expected 128 != actual 0
[I][13:55:52.619224] mod.rtp-sink | [         audio.c:  567 rtp_audio_process_capture()] (re)sync to timestamp:0 seq:25822 ts_offset:0 SSRC:3076146323
[W][13:55:52.621716] mod.rtp-sink | [         audio.c:  553 rtp_audio_process_capture()] timestamp: expected 128 != actual 0
[I][13:55:52.621724] mod.rtp-sink | [         audio.c:  567 rtp_audio_process_capture()] (re)sync to timestamp:0 seq:25824 ts_offset:0 SSRC:3076146323
[W][13:55:52.624464] mod.rtp-sink | [         audio.c:  553 rtp_audio_process_capture()] timestamp: expected 128 != actual 0
[I][13:55:52.624472] mod.rtp-sink | [         audio.c:  567 rtp_audio_process_capture()] (re)sync to timestamp:0 seq:25826 ts_offset:0 SSRC:3076146323
[W][13:55:52.627222] mod.rtp-sink | [         audio.c:  553 rtp_audio_process_capture()] timestamp: expected 128 != actual 0
[I][13:55:52.627230] mod.rtp-sink | [         audio.c:  567 rtp_audio_process_capture()] (re)sync to timestamp:0 seq:25828 ts_offset:0 SSRC:3076146323
[W][13:55:52.629719] mod.rtp-sink | [         audio.c:  553 rtp_audio_process_capture()] timestamp: expected 128 != actual 0
[I][13:55:52.629729] mod.rtp-sink | [         audio.c:  567 rtp_audio_process_capture()] (re)sync to timestamp:0 seq:25830 ts_offset:0 SSRC:3076146323
[W][13:55:52.632465] mod.rtp-sink | [         audio.c:  553 rtp_audio_process_capture()] timestamp: expected 128 != actual 0
[I][13:55:52.632476] mod.rtp-sink | [         audio.c:  567 rtp_audio_process_capture()] (re)sync to timestamp:0 seq:25832 ts_offset:0 SSRC:3076146323
[W][13:55:52.635212] mod.rtp-sink | [         audio.c:  553 rtp_audio_process_capture()] timestamp: expected 128 != actual 0
[I][13:55:52.635221] mod.rtp-sink | [         audio.c:  567 rtp_audio_process_capture()] (re)sync to timestamp:0 seq:25834 ts_offset:0 SSRC:3076146323
[W][13:55:52.637707] mod.rtp-sink | [         audio.c:  553 rtp_audio_process_capture()] timestamp: expected 128 != actual 0
[I][13:55:52.637714] mod.rtp-sink | [         audio.c:  567 rtp_audio_process_capture()] (re)sync to timestamp:0 seq:25836 ts_offset:0 SSRC:3076146323
[W][13:55:52.640451] mod.rtp-sink | [         audio.c:  553 rtp_audio_process_capture()] timestamp: expected 128 != actual 0
[I][13:55:52.640457] mod.rtp-sink | [         audio.c:  567 rtp_audio_process_capture()] (re)sync to timestamp:0 seq:25838 ts_offset:0 SSRC:3076146323
[W][13:55:52.643226] mod.rtp-sink | [         audio.c:  553 rtp_audio_process_capture()] timestamp: expected 128 != actual 0
[I][13:55:52.643235] mod.rtp-sink | [         audio.c:  567 rtp_audio_process_capture()] (re)sync to timestamp:0 seq:25840 ts_offset:0 SSRC:3076146323
[W][13:55:52.645707] mod.rtp-sink | [         audio.c:  553 rtp_audio_process_capture()] timestamp: expected 128 != actual 0
[I][13:55:52.645716] mod.rtp-sink | [         audio.c:  567 rtp_audio_process_capture()] (re)sync to timestamp:0 seq:25842 ts_offset:0 SSRC:3076146323
[W][13:55:52.648453] mod.rtp-sink | [         audio.c:  553 rtp_audio_process_capture()] timestamp: expected 128 != actual 0
[I][13:55:52.648463] mod.rtp-sink | [         audio.c:  567 rtp_audio_process_capture()] (re)sync to timestamp:0 seq:25844 ts_offset:0 SSRC:3076146323
[W][13:55:52.651201] mod.rtp-sink | [         audio.c:  553 rtp_audio_process_capture()] timestamp: expected 128 != actual 0
[I][13:55:52.651210] mod.rtp-sink | [         audio.c:  567 rtp_audio_process_capture()] (re)sync to timestamp:0 seq:25846 ts_offset:0 SSRC:3076146323
[W][13:55:52.653952] mod.rtp-sink | [         audio.c:  553 rtp_audio_process_capture()] timestamp: expected 128 != actual 0
[I][13:55:52.653960] mod.rtp-sink | [         audio.c:  567 rtp_audio_process_capture()] (re)sync to timestamp:0 seq:25848 ts_offset:0 SSRC:3076146323
[W][13:55:52.656446] mod.rtp-sink | [         audio.c:  553 rtp_audio_process_capture()] timestamp: expected 128 != actual 0
[I][13:55:52.656452] mod.rtp-sink | [         audio.c:  567 rtp_audio_process_capture()] (re)sync to timestamp:0 seq:25850 ts_offset:0 SSRC:3076146323
[W][13:55:52.659196] mod.rtp-sink | [         audio.c:  553 rtp_audio_process_capture()] timestamp: expected 128 != actual 0
[I][13:55:52.659202] mod.rtp-sink | [         audio.c:  567 rtp_audio_process_capture()] (re)sync to timestamp:0 seq:25852 ts_offset:0 SSRC:3076146323
[W][13:55:52.661702] mod.rtp-sink | [         audio.c:  553 rtp_audio_process_capture()] timestamp: expected 128 != actual 0
[I][13:55:52.661711] mod.rtp-sink | [         audio.c:  567 rtp_audio_process_capture()] (re)sync to timestamp:0 seq:25854 ts_offset:0 SSRC:3076146323
[W][13:55:52.664455] mod.rtp-sink | [         audio.c:  553 rtp_audio_process_capture()] timestamp: expected 128 != actual 0
[I][13:55:52.664465] mod.rtp-sink | [         audio.c:  567 rtp_audio_process_capture()] (re)sync to timestamp:0 seq:25856 ts_offset:0 SSRC:3076146323
[W][13:55:52.667197] mod.rtp-sink | [         audio.c:  553 rtp_audio_process_capture()] timestamp: expected 128 != actual 0
[I][13:55:52.667207] mod.rtp-sink | [         audio.c:  567 rtp_audio_process_capture()] (re)sync to timestamp:0 seq:25858 ts_offset:0 SSRC:3076146323
[W][13:55:52.669695] mod.rtp-sink | [         audio.c:  553 rtp_audio_process_capture()] timestamp: expected 128 != actual 0
[I][13:55:52.669702] mod.rtp-sink | [         audio.c:  567 rtp_audio_process_capture()] (re)sync to timestamp:0 seq:25860 ts_offset:0 SSRC:3076146323
[W][13:55:52.672440] mod.rtp-sink | [         audio.c:  553 rtp_audio_process_capture()] timestamp: expected 128 != actual 0
[I][13:55:52.672445] mod.rtp-sink | [         audio.c:  567 rtp_audio_process_capture()] (re)sync to timestamp:0 seq:25862 ts_offset:0 SSRC:3076146323
[W][13:55:52.675192] mod.rtp-sink | [         audio.c:  553 rtp_audio_process_capture()] timestamp: expected 128 != actual 0
[I][13:55:52.675199] mod.rtp-sink | [         audio.c:  567 rtp_audio_process_capture()] (re)sync to timestamp:0 seq:25864 ts_offset:0 SSRC:3076146323
[W][13:55:52.677951] mod.rtp-sink | [         audio.c:  553 rtp_audio_process_capture()] timestamp: expected 128 != actual 0
[I][13:55:52.677961] mod.rtp-sink | [         audio.c:  567 rtp_audio_process_capture()] (re)sync to timestamp:0 seq:25866 ts_offset:0 SSRC:3076146323
[W][13:55:52.680440] mod.rtp-sink | [         audio.c:  553 rtp_audio_process_capture()] timestamp: expected 128 != actual 0
[I][13:55:52.680451] mod.rtp-sink | [         audio.c:  567 rtp_audio_process_capture()] (re)sync to timestamp:0 seq:25868 ts_offset:0 SSRC:3076146323
[W][13:55:52.683187] mod.rtp-sink | [         audio.c:  553 rtp_audio_process_capture()] timestamp: expected 128 != actual 0
[I][13:55:52.683196] mod.rtp-sink | [         audio.c:  567 rtp_audio_process_capture()] (re)sync to timestamp:0 seq:25870 ts_offset:0 SSRC:3076146323
[W][13:55:52.685938] mod.rtp-sink | [         audio.c:  553 rtp_audio_process_capture()] timestamp: expected 128 != actual 0
[I][13:55:52.685945] mod.rtp-sink | [         audio.c:  567 rtp_audio_process_capture()] (re)sync to timestamp:0 seq:25872 ts_offset:0 SSRC:3076146323
[W][13:55:52.688433] mod.rtp-sink | [         audio.c:  553 rtp_audio_process_capture()] timestamp: expected 128 != actual 0
[I][13:55:52.688439] mod.rtp-sink | [         audio.c:  567 rtp_audio_process_capture()] (re)sync to timestamp:0 seq:25874 ts_offset:0 SSRC:3076146323
[W][13:55:52.691181] mod.rtp-sink | [         audio.c:  553 rtp_audio_process_capture()] timestamp: expected 128 != actual 0
[I][13:55:52.691186] mod.rtp-sink | [         audio.c:  567 rtp_audio_process_capture()] (re)sync to timestamp:0 seq:25876 ts_offset:0 SSRC:3076146323
[W][13:55:52.693947] mod.rtp-sink | [         audio.c:  553 rtp_audio_process_capture()] timestamp: expected 128 != actual 0
[I][13:55:52.693959] mod.rtp-sink | [         audio.c:  567 rtp_audio_process_capture()] (re)sync to timestamp:0 seq:25878 ts_offset:0 SSRC:3076146323
[W][13:55:52.696436] mod.rtp-sink | [         audio.c:  553 rtp_audio_process_capture()] timestamp: expected 128 != actual 0
[I][13:55:52.696446] mod.rtp-sink | [         audio.c:  567 rtp_audio_process_capture()] (re)sync to timestamp:0 seq:25880 ts_offset:0 SSRC:3076146323
[W][13:55:52.699189] mod.rtp-sink | [         audio.c:  553 rtp_audio_process_capture()] timestamp: expected 128 != actual 0
[I][13:55:52.699195] mod.rtp-sink | [         audio.c:  567 rtp_audio_process_capture()] (re)sync to timestamp:0 seq:25882 ts_offset:0 SSRC:3076146323
[W][13:55:52.701930] mod.rtp-sink | [         audio.c:  553 rtp_audio_process_capture()] timestamp: expected 128 != actual 0
[I][13:55:52.701937] mod.rtp-sink | [         audio.c:  567 rtp_audio_process_capture()] (re)sync to timestamp:0 seq:25884 ts_offset:0 SSRC:3076146323
[W][13:55:52.704424] mod.rtp-sink | [         audio.c:  553 rtp_audio_process_capture()] timestamp: expected 128 != actual 0
[I][13:55:52.704429] mod.rtp-sink | [         audio.c:  567 rtp_audio_process_capture()] (re)sync to timestamp:0 seq:25886 ts_offset:0 SSRC:3076146323
[W][13:55:52.707175] mod.rtp-sink | [         audio.c:  553 rtp_audio_process_capture()] timestamp: expected 128 != actual 0
[I][13:55:52.707180] mod.rtp-sink | [         audio.c:  567 rtp_audio_process_capture()] (re)sync to timestamp:0 seq:25888 ts_offset:0 SSRC:3076146323
[W][13:55:52.709939] mod.rtp-sink | [         audio.c:  553 rtp_audio_process_capture()] timestamp: expected 128 != actual 0
[I][13:55:52.709951] mod.rtp-sink | [         audio.c:  567 rtp_audio_process_capture()] (re)sync to timestamp:0 seq:25890 ts_offset:0 SSRC:3076146323
[W][13:55:52.712437] mod.rtp-sink | [         audio.c:  553 rtp_audio_process_capture()] timestamp: expected 128 != actual 0
[I][13:55:52.712453] mod.rtp-sink | [         audio.c:  567 rtp_audio_process_capture()] (re)sync to timestamp:0 seq:25892 ts_offset:0 SSRC:3076146323
[W][13:55:52.715186] mod.rtp-sink | [         audio.c:  553 rtp_audio_process_capture()] timestamp: expected 128 != actual 0
[I][13:55:52.715195] mod.rtp-sink | [         audio.c:  567 rtp_audio_process_capture()] (re)sync to timestamp:0 seq:25894 ts_offset:0 SSRC:3076146323
[W][13:55:52.717921] mod.rtp-sink | [         audio.c:  553 rtp_audio_process_capture()] timestamp: expected 128 != actual 0
[I][13:55:52.717930] mod.rtp-sink | [         audio.c:  567 rtp_audio_process_capture()] (re)sync to timestamp:0 seq:25896 ts_offset:0 SSRC:3076146323
[W][13:55:52.720419] mod.rtp-sink | [         audio.c:  553 rtp_audio_process_capture()] timestamp: expected 128 != actual 0
[I][13:55:52.720426] mod.rtp-sink | [         audio.c:  567 rtp_audio_process_capture()] (re)sync to timestamp:0 seq:25898 ts_offset:0 SSRC:3076146323
[W][13:55:52.723175] mod.rtp-sink | [         audio.c:  553 rtp_audio_process_capture()] timestamp: expected 128 != actual 0
[I][13:55:52.723180] mod.rtp-sink | [         audio.c:  567 rtp_audio_process_capture()] (re)sync to timestamp:0 seq:25900 ts_offset:0 SSRC:3076146323
[W][13:55:52.725926] mod.rtp-sink | [         audio.c:  553 rtp_audio_process_capture()] timestamp: expected 128 != actual 0
[I][13:55:52.725932] mod.rtp-sink | [         audio.c:  567 rtp_audio_process_capture()] (re)sync to timestamp:0 seq:25902 ts_offset:0 SSRC:3076146323
[W][13:55:52.728428] mod.rtp-sink | [         audio.c:  553 rtp_audio_process_capture()] timestamp: expected 128 != actual 0
[I][13:55:52.728439] mod.rtp-sink | [         audio.c:  567 rtp_audio_process_capture()] (re)sync to timestamp:0 seq:25904 ts_offset:0 SSRC:3076146323
[W][13:55:52.731171] mod.rtp-sink | [         audio.c:  553 rtp_audio_process_capture()] timestamp: expected 128 != actual 0
[I][13:55:52.731181] mod.rtp-sink | [         audio.c:  567 rtp_audio_process_capture()] (re)sync to timestamp:0 seq:25906 ts_offset:0 SSRC:3076146323
[W][13:55:52.733915] mod.rtp-sink | [         audio.c:  553 rtp_audio_process_capture()] timestamp: expected 128 != actual 0
[I][13:55:52.733924] mod.rtp-sink | [         audio.c:  567 rtp_audio_process_capture()] (re)sync to timestamp:0 seq:25908 ts_offset:0 SSRC:3076146323
[W][13:55:52.736410] mod.rtp-sink | [         audio.c:  553 rtp_audio_process_capture()] timestamp: expected 128 != actual 0
[I][13:55:52.736416] mod.rtp-sink | [         audio.c:  567 rtp_audio_process_capture()] (re)sync to timestamp:0 seq:25910 ts_offset:0 SSRC:3076146323
[W][13:55:52.739163] mod.rtp-sink | [         audio.c:  553 rtp_audio_process_capture()] timestamp: expected 128 != actual 0
[I][13:55:52.739169] mod.rtp-sink | [         audio.c:  567 rtp_audio_process_capture()] (re)sync to timestamp:0 seq:25912 ts_offset:0 SSRC:3076146323
[W][13:55:52.741914] mod.rtp-sink | [         audio.c:  553 rtp_audio_process_capture()] timestamp: expected 128 != actual 0
[I][13:55:52.741921] mod.rtp-sink | [         audio.c:  567 rtp_audio_process_capture()] (re)sync to timestamp:0 seq:25914 ts_offset:0 SSRC:3076146323
[W][13:55:52.744409] mod.rtp-sink | [         audio.c:  553 rtp_audio_process_capture()] timestamp: expected 128 != actual 0
[I][13:55:52.744417] mod.rtp-sink | [         audio.c:  567 rtp_audio_process_capture()] (re)sync to timestamp:0 seq:25916 ts_offset:0 SSRC:3076146323
[W][13:55:52.747167] mod.rtp-sink | [         audio.c:  553 rtp_audio_process_capture()] timestamp: expected 128 != actual 0
[I][13:55:52.747176] mod.rtp-sink | [         audio.c:  567 rtp_audio_process_capture()] (re)sync to timestamp:0 seq:25918 ts_offset:0 SSRC:3076146323
[W][13:55:52.749914] mod.rtp-sink | [         audio.c:  553 rtp_audio_process_capture()] timestamp: expected 128 != actual 0
[I][13:55:52.749924] mod.rtp-sink | [         audio.c:  567 rtp_audio_process_capture()] (re)sync to timestamp:0 seq:25920 ts_offset:0 SSRC:3076146323
[W][13:55:52.752404] mod.rtp-sink | [         audio.c:  553 rtp_audio_process_capture()] timestamp: expected 128 != actual 0
[I][13:55:52.752411] mod.rtp-sink | [         audio.c:  567 rtp_audio_process_capture()] (re)sync to timestamp:0 seq:25922 ts_offset:0 SSRC:3076146323
[W][13:55:52.755152] mod.rtp-sink | [         audio.c:  553 rtp_audio_process_capture()] timestamp: expected 128 != actual 0
[I][13:55:52.755159] mod.rtp-sink | [         audio.c:  567 rtp_audio_process_capture()] (re)sync to timestamp:0 seq:25924 ts_offset:0 SSRC:3076146323
[W][13:55:52.757904] mod.rtp-sink | [         audio.c:  553 rtp_audio_process_capture()] timestamp: expected 128 != actual 0
[I][13:55:52.757910] mod.rtp-sink | [         audio.c:  567 rtp_audio_process_capture()] (re)sync to timestamp:0 seq:25926 ts_offset:0 SSRC:3076146323
[W][13:55:52.760413] mod.rtp-sink | [         audio.c:  553 rtp_audio_process_capture()] timestamp: expected 128 != actual 0
[I][13:55:52.760426] mod.rtp-sink | [         audio.c:  567 rtp_audio_process_capture()] (re)sync to timestamp:0 seq:25928 ts_offset:0 SSRC:3076146323
[W][13:55:52.763173] mod.rtp-sink | [         audio.c:  553 rtp_audio_process_capture()] timestamp: expected 128 != actual 0
[I][13:55:52.763185] mod.rtp-sink | [         audio.c:  567 rtp_audio_process_capture()] (re)sync to timestamp:0 seq:25930 ts_offset:0 SSRC:3076146323
[W][13:55:52.765907] mod.rtp-sink | [         audio.c:  553 rtp_audio_process_capture()] timestamp: expected 128 != actual 0
[I][13:55:52.765917] mod.rtp-sink | [         audio.c:  567 rtp_audio_process_capture()] (re)sync to timestamp:0 seq:25932 ts_offset:0 SSRC:3076146323
[W][13:55:52.768399] mod.rtp-sink | [         audio.c:  553 rtp_audio_process_capture()] timestamp: expected 128 != actual 0
[I][13:55:52.768406] mod.rtp-sink | [         audio.c:  567 rtp_audio_process_capture()] (re)sync to timestamp:0 seq:25934 ts_offset:0 SSRC:3076146323
[W][13:55:52.771173] mod.rtp-sink | [         audio.c:  553 rtp_audio_process_capture()] timestamp: expected 128 != actual 0
[I][13:55:52.771182] mod.rtp-sink | [         audio.c:  567 rtp_audio_process_capture()] (re)sync to timestamp:0 seq:25936 ts_offset:0 SSRC:3076146323
[W][13:55:52.773896] mod.rtp-sink | [         audio.c:  553 rtp_audio_process_capture()] timestamp: expected 128 != actual 0
[I][13:55:52.773904] mod.rtp-sink | [         audio.c:  567 rtp_audio_process_capture()] (re)sync to timestamp:0 seq:25938 ts_offset:0 SSRC:3076146323
[W][13:55:52.776409] mod.rtp-sink | [         audio.c:  553 rtp_audio_process_capture()] timestamp: expected 128 != actual 0
[I][13:55:52.776421] mod.rtp-sink | [         audio.c:  567 rtp_audio_process_capture()] (re)sync to timestamp:0 seq:25940 ts_offset:0 SSRC:3076146323
[W][13:55:52.779153] mod.rtp-sink | [         audio.c:  553 rtp_audio_process_capture()] timestamp: expected 128 != actual 0
[I][13:55:52.779164] mod.rtp-sink | [         audio.c:  567 rtp_audio_process_capture()] (re)sync to timestamp:0 seq:25942 ts_offset:0 SSRC:3076146323
[W][13:55:52.781892] mod.rtp-sink | [         audio.c:  553 rtp_audio_process_capture()] timestamp: expected 128 != actual 0
[I][13:55:52.781901] mod.rtp-sink | [         audio.c:  567 rtp_audio_process_capture()] (re)sync to timestamp:0 seq:25944 ts_offset:0 SSRC:3076146323
[W][13:55:52.784389] mod.rtp-sink | [         audio.c:  553 rtp_audio_process_capture()] timestamp: expected 128 != actual 0
[I][13:55:52.784397] mod.rtp-sink | [         audio.c:  567 rtp_audio_process_capture()] (re)sync to timestamp:0 seq:25946 ts_offset:0 SSRC:3076146323
[W][13:55:52.787147] mod.rtp-sink | [         audio.c:  553 rtp_audio_process_capture()] timestamp: expected 128 != actual 0
[I][13:55:52.787158] mod.rtp-sink | [         audio.c:  567 rtp_audio_process_capture()] (re)sync to timestamp:0 seq:25948 ts_offset:0 SSRC:3076146323
[W][13:55:52.789887] mod.rtp-sink | [         audio.c:  553 rtp_audio_process_capture()] timestamp: expected 128 != actual 0
[I][13:55:52.789894] mod.rtp-sink | [         audio.c:  567 rtp_audio_process_capture()] (re)sync to timestamp:0 seq:25950 ts_offset:0 SSRC:3076146323
[W][13:55:52.792396] mod.rtp-sink | [         audio.c:  553 rtp_audio_process_capture()] timestamp: expected 128 != actual 0
[I][13:55:52.792405] mod.rtp-sink | [         audio.c:  567 rtp_audio_process_capture()] (re)sync to timestamp:0 seq:25952 ts_offset:0 SSRC:3076146323
[W][13:55:52.795155] mod.rtp-sink | [         audio.c:  553 rtp_audio_process_capture()] timestamp: expected 128 != actual 0
[I][13:55:52.795176] mod.rtp-sink | [         audio.c:  567 rtp_audio_process_capture()] (re)sync to timestamp:0 seq:25954 ts_offset:0 SSRC:3076146323
[W][13:55:52.797891] mod.rtp-sink | [         audio.c:  553 rtp_audio_process_capture()] timestamp: expected 128 != actual 0
[I][13:55:52.797903] mod.rtp-sink | [         audio.c:  567 rtp_audio_process_capture()] (re)sync to timestamp:0 seq:25956 ts_offset:0 SSRC:3076146323
[W][13:55:52.800385] mod.rtp-sink | [         audio.c:  553 rtp_audio_process_capture()] timestamp: expected 128 != actual 0
[I][13:55:52.800394] mod.rtp-sink | [         audio.c:  567 rtp_audio_process_capture()] (re)sync to timestamp:0 seq:25958 ts_offset:0 SSRC:3076146323
[W][13:55:52.803128] mod.rtp-sink | [         audio.c:  553 rtp_audio_process_capture()] timestamp: expected 128 != actual 0
[I][13:55:52.803144] mod.rtp-sink | [         audio.c:  567 rtp_audio_process_capture()] (re)sync to timestamp:0 seq:25960 ts_offset:0 SSRC:3076146323
[W][13:55:52.805879] mod.rtp-sink | [         audio.c:  553 rtp_audio_process_capture()] timestamp: expected 128 != actual 0
[I][13:55:52.805884] mod.rtp-sink | [         audio.c:  567 rtp_audio_process_capture()] (re)sync to timestamp:0 seq:25962 ts_offset:0 SSRC:3076146323
[W][13:55:52.808383] mod.rtp-sink | [         audio.c:  553 rtp_audio_process_capture()] timestamp: expected 128 != actual 0
[I][13:55:52.808391] mod.rtp-sink | [         audio.c:  567 rtp_audio_process_capture()] (re)sync to timestamp:0 seq:25964 ts_offset:0 SSRC:3076146323
[W][13:55:52.811131] mod.rtp-sink | [         audio.c:  553 rtp_audio_process_capture()] timestamp: expected 128 != actual 0
[I][13:55:52.811147] mod.rtp-sink | [         audio.c:  567 rtp_audio_process_capture()] (re)sync to timestamp:0 seq:25966 ts_offset:0 SSRC:3076146323
[W][13:55:52.813882] mod.rtp-sink | [         audio.c:  553 rtp_audio_process_capture()] timestamp: expected 128 != actual 0
[I][13:55:52.813892] mod.rtp-sink | [         audio.c:  567 rtp_audio_process_capture()] (re)sync to timestamp:0 seq:25968 ts_offset:0 SSRC:3076146323
[W][13:55:52.816377] mod.rtp-sink | [         audio.c:  553 rtp_audio_process_capture()] timestamp: expected 128 != actual 0
[I][13:55:52.816384] mod.rtp-sink | [         audio.c:  567 rtp_audio_process_capture()] (re)sync to timestamp:0 seq:25970 ts_offset:0 SSRC:3076146323
[W][13:55:52.819121] mod.rtp-sink | [         audio.c:  553 rtp_audio_process_capture()] timestamp: expected 128 != actual 0
[I][13:55:52.819128] mod.rtp-sink | [         audio.c:  567 rtp_audio_process_capture()] (re)sync to timestamp:0 seq:25972 ts_offset:0 SSRC:3076146323
[W][13:55:52.821873] mod.rtp-sink | [         audio.c:  553 rtp_audio_process_capture()] timestamp: expected 128 != actual 0
[I][13:55:52.821880] mod.rtp-sink | [         audio.c:  567 rtp_audio_process_capture()] (re)sync to timestamp:0 seq:25974 ts_offset:0 SSRC:3076146323
[W][13:55:52.824370] mod.rtp-sink | [         audio.c:  553 rtp_audio_process_capture()] timestamp: expected 128 != actual 0
[I][13:55:52.824377] mod.rtp-sink | [         audio.c:  567 rtp_audio_process_capture()] (re)sync to timestamp:0 seq:25976 ts_offset:0 SSRC:3076146323
[W][13:55:52.827144] mod.rtp-sink | [         audio.c:  553 rtp_audio_process_capture()] timestamp: expected 128 != actual 0
[I][13:55:52.827158] mod.rtp-sink | [         audio.c:  567 rtp_audio_process_capture()] (re)sync to timestamp:0 seq:25978 ts_offset:0 SSRC:3076146323
[W][13:55:52.829883] mod.rtp-sink | [         audio.c:  553 rtp_audio_process_capture()] timestamp: expected 128 != actual 0
[I][13:55:52.829894] mod.rtp-sink | [         audio.c:  567 rtp_audio_process_capture()] (re)sync to timestamp:0 seq:25980 ts_offset:0 SSRC:3076146323
[W][13:55:52.832374] mod.rtp-sink | [         audio.c:  553 rtp_audio_process_capture()] timestamp: expected 128 != actual 0
[I][13:55:52.832384] mod.rtp-sink | [         audio.c:  567 rtp_audio_process_capture()] (re)sync to timestamp:0 seq:25982 ts_offset:0 SSRC:3076146323
[W][13:55:52.835118] mod.rtp-sink | [         audio.c:  553 rtp_audio_process_capture()] timestamp: expected 128 != actual 0
[I][13:55:52.835127] mod.rtp-sink | [         audio.c:  567 rtp_audio_process_capture()] (re)sync to timestamp:0 seq:25984 ts_offset:0 SSRC:3076146323
[W][13:55:52.837867] mod.rtp-sink | [         audio.c:  553 rtp_audio_process_capture()] timestamp: expected 128 != actual 0
[I][13:55:52.837875] mod.rtp-sink | [         audio.c:  567 rtp_audio_process_capture()] (re)sync to timestamp:0 seq:25986 ts_offset:0 SSRC:3076146323
[W][13:55:52.840364] mod.rtp-sink | [         audio.c:  553 rtp_audio_process_capture()] timestamp: expected 128 != actual 0
[I][13:55:52.840370] mod.rtp-sink | [         audio.c:  567 rtp_audio_process_capture()] (re)sync to timestamp:0 seq:25988 ts_offset:0 SSRC:3076146323
[W][13:55:52.843115] mod.rtp-sink | [         audio.c:  553 rtp_audio_process_capture()] timestamp: expected 128 != actual 0
[I][13:55:52.843124] mod.rtp-sink | [         audio.c:  567 rtp_audio_process_capture()] (re)sync to timestamp:0 seq:25990 ts_offset:0 SSRC:3076146323
[W][13:55:52.845874] mod.rtp-sink | [         audio.c:  553 rtp_audio_process_capture()] timestamp: expected 128 != actual 0
[I][13:55:52.845884] mod.rtp-sink | [         audio.c:  567 rtp_audio_process_capture()] (re)sync to timestamp:0 seq:25992 ts_offset:0 SSRC:3076146323
[W][13:55:52.848360] mod.rtp-sink | [         audio.c:  553 rtp_audio_process_capture()] timestamp: expected 128 != actual 0
[I][13:55:52.848370] mod.rtp-sink | [         audio.c:  567 rtp_audio_process_capture()] (re)sync to timestamp:0 seq:25994 ts_offset:0 SSRC:3076146323
[W][13:55:52.851113] mod.rtp-sink | [         audio.c:  553 rtp_audio_process_capture()] timestamp: expected 128 != actual 0
[I][13:55:52.851122] mod.rtp-sink | [         audio.c:  567 rtp_audio_process_capture()] (re)sync to timestamp:0 seq:25996 ts_offset:0 SSRC:3076146323
[W][13:55:52.853859] mod.rtp-sink | [         audio.c:  553 rtp_audio_process_capture()] timestamp: expected 128 != actual 0
[I][13:55:52.853866] mod.rtp-sink | [         audio.c:  567 rtp_audio_process_capture()] (re)sync to timestamp:0 seq:25998 ts_offset:0 SSRC:3076146323
[W][13:55:52.856359] mod.rtp-sink | [         audio.c:  553 rtp_audio_process_capture()] timestamp: expected 128 != actual 0
[I][13:55:52.856365] mod.rtp-sink | [         audio.c:  567 rtp_audio_process_capture()] (re)sync to timestamp:0 seq:26000 ts_offset:0 SSRC:3076146323
[W][13:55:52.859103] mod.rtp-sink | [         audio.c:  553 rtp_audio_process_capture()] timestamp: expected 128 != actual 0
[I][13:55:52.859110] mod.rtp-sink | [         audio.c:  567 rtp_audio_process_capture()] (re)sync to timestamp:0 seq:26002 ts_offset:0 SSRC:3076146323
[W][13:55:52.861859] mod.rtp-sink | [         audio.c:  553 rtp_audio_process_capture()] timestamp: expected 128 != actual 0
[I][13:55:52.861869] mod.rtp-sink | [         audio.c:  567 rtp_audio_process_capture()] (re)sync to timestamp:0 seq:26004 ts_offset:0 SSRC:3076146323
[W][13:55:52.864353] mod.rtp-sink | [         audio.c:  553 rtp_audio_process_capture()] timestamp: expected 128 != actual 0
[I][13:55:52.864362] mod.rtp-sink | [         audio.c:  567 rtp_audio_process_capture()] (re)sync to timestamp:0 seq:26006 ts_offset:0 SSRC:3076146323
[W][13:55:52.867102] mod.rtp-sink | [         audio.c:  553 rtp_audio_process_capture()] timestamp: expected 128 != actual 0
[I][13:55:52.867109] mod.rtp-sink | [         audio.c:  567 rtp_audio_process_capture()] (re)sync to timestamp:0 seq:26008 ts_offset:0 SSRC:3076146323
[W][13:55:52.869849] mod.rtp-sink | [         audio.c:  553 rtp_audio_process_capture()] timestamp: expected 128 != actual 0
[I][13:55:52.869855] mod.rtp-sink | [         audio.c:  567 rtp_audio_process_capture()] (re)sync to timestamp:0 seq:26010 ts_offset:0 SSRC:3076146323
[W][13:55:52.872598] mod.rtp-sink | [         audio.c:  553 rtp_audio_process_capture()] timestamp: expected 128 != actual 0
[I][13:55:52.872604] mod.rtp-sink | [         audio.c:  567 rtp_audio_process_capture()] (re)sync to timestamp:0 seq:26012 ts_offset:0 SSRC:3076146323
[W][13:55:52.875103] mod.rtp-sink | [         audio.c:  553 rtp_audio_process_capture()] timestamp: expected 128 != actual 0
[I][13:55:52.875110] mod.rtp-sink | [         audio.c:  567 rtp_audio_process_capture()] (re)sync to timestamp:0 seq:26014 ts_offset:0 SSRC:3076146323
[W][13:55:52.877858] mod.rtp-sink | [         audio.c:  553 rtp_audio_process_capture()] timestamp: expected 128 != actual 0
[I][13:55:52.877869] mod.rtp-sink | [         audio.c:  567 rtp_audio_process_capture()] (re)sync to timestamp:0 seq:26016 ts_offset:0 SSRC:3076146323
[W][13:55:52.880606] mod.rtp-sink | [         audio.c:  553 rtp_audio_process_capture()] timestamp: expected 128 != actual 0
[I][13:55:52.880616] mod.rtp-sink | [         audio.c:  567 rtp_audio_process_capture()] (re)sync to timestamp:0 seq:26018 ts_offset:0 SSRC:3076146323
[W][13:55:52.883103] mod.rtp-sink | [         audio.c:  553 rtp_audio_process_capture()] timestamp: expected 128 != actual 0
[I][13:55:52.883112] mod.rtp-sink | [         audio.c:  567 rtp_audio_process_capture()] (re)sync to timestamp:0 seq:26020 ts_offset:0 SSRC:3076146323
[W][13:55:52.885843] mod.rtp-sink | [         audio.c:  553 rtp_audio_process_capture()] timestamp: expected 128 != actual 0
[I][13:55:52.885851] mod.rtp-sink | [         audio.c:  567 rtp_audio_process_capture()] (re)sync to timestamp:0 seq:26022 ts_offset:0 SSRC:3076146323
[W][13:55:52.888594] mod.rtp-sink | [         audio.c:  553 rtp_audio_process_capture()] timestamp: expected 128 != actual 0
[I][13:55:52.888603] mod.rtp-sink | [         audio.c:  567 rtp_audio_process_capture()] (re)sync to timestamp:0 seq:26024 ts_offset:0 SSRC:3076146323
[W][13:55:52.891091] mod.rtp-sink | [         audio.c:  553 rtp_audio_process_capture()] timestamp: expected 128 != actual 0
[I][13:55:52.891098] mod.rtp-sink | [         audio.c:  567 rtp_audio_process_capture()] (re)sync to timestamp:0 seq:26026 ts_offset:0 SSRC:3076146323
[W][13:55:52.893847] mod.rtp-sink | [         audio.c:  553 rtp_audio_process_capture()] timestamp: expected 128 != actual 0
[I][13:55:52.893856] mod.rtp-sink | [         audio.c:  567 rtp_audio_process_capture()] (re)sync to timestamp:0 seq:26028 ts_offset:0 SSRC:3076146323
[W][13:55:52.896600] mod.rtp-sink | [         audio.c:  553 rtp_audio_process_capture()] timestamp: expected 128 != actual 0
[I][13:55:52.896613] mod.rtp-sink | [         audio.c:  567 rtp_audio_process_capture()] (re)sync to timestamp:0 seq:26030 ts_offset:0 SSRC:3076146323
[W][13:55:52.899092] mod.rtp-sink | [         audio.c:  553 rtp_audio_process_capture()] timestamp: expected 128 != actual 0
[I][13:55:52.899103] mod.rtp-sink | [         audio.c:  567 rtp_audio_process_capture()] (re)sync to timestamp:0 seq:26032 ts_offset:0 SSRC:3076146323
[W][13:55:52.901838] mod.rtp-sink | [         audio.c:  553 rtp_audio_process_capture()] timestamp: expected 128 != actual 0
[I][13:55:52.901846] mod.rtp-sink | [         audio.c:  567 rtp_audio_process_capture()] (re)sync to timestamp:0 seq:26034 ts_offset:0 SSRC:3076146323
[W][13:55:52.904582] mod.rtp-sink | [         audio.c:  553 rtp_audio_process_capture()] timestamp: expected 128 != actual 0
[I][13:55:52.904587] mod.rtp-sink | [         audio.c:  567 rtp_audio_process_capture()] (re)sync to timestamp:0 seq:26036 ts_offset:0 SSRC:3076146323
[W][13:55:52.907083] mod.rtp-sink | [         audio.c:  553 rtp_audio_process_capture()] timestamp: expected 128 != actual 0
[I][13:55:52.907087] mod.rtp-sink | [         audio.c:  567 rtp_audio_process_capture()] (re)sync to timestamp:0 seq:26038 ts_offset:0 SSRC:3076146323
[W][13:55:52.909841] mod.rtp-sink | [         audio.c:  553 rtp_audio_process_capture()] timestamp: expected 128 != actual 0
[I][13:55:52.909850] mod.rtp-sink | [         audio.c:  567 rtp_audio_process_capture()] (re)sync to timestamp:0 seq:26040 ts_offset:0 SSRC:3076146323
[W][13:55:52.912592] mod.rtp-sink | [         audio.c:  553 rtp_audio_process_capture()] timestamp: expected 128 != actual 0
[I][13:55:52.912602] mod.rtp-sink | [         audio.c:  567 rtp_audio_process_capture()] (re)sync to timestamp:0 seq:26042 ts_offset:0 SSRC:3076146323
[W][13:55:52.915084] mod.rtp-sink | [         audio.c:  553 rtp_audio_process_capture()] timestamp: expected 128 != actual 0
[I][13:55:52.915094] mod.rtp-sink | [         audio.c:  567 rtp_audio_process_capture()] (re)sync to timestamp:0 seq:26044 ts_offset:0 SSRC:3076146323
[W][13:55:52.917827] mod.rtp-sink | [         audio.c:  553 rtp_audio_process_capture()] timestamp: expected 128 != actual 0
[I][13:55:52.917836] mod.rtp-sink | [         audio.c:  567 rtp_audio_process_capture()] (re)sync to timestamp:0 seq:26046 ts_offset:0 SSRC:3076146323
[W][13:55:52.920581] mod.rtp-sink | [         audio.c:  553 rtp_audio_process_capture()] timestamp: expected 128 != actual 0
[I][13:55:52.920589] mod.rtp-sink | [         audio.c:  567 rtp_audio_process_capture()] (re)sync to timestamp:0 seq:26048 ts_offset:0 SSRC:3076146323
[W][13:55:52.923076] mod.rtp-sink | [         audio.c:  553 rtp_audio_process_capture()] timestamp: expected 128 != actual 0
[I][13:55:52.923082] mod.rtp-sink | [         audio.c:  567 rtp_audio_process_capture()] (re)sync to timestamp:0 seq:26050 ts_offset:0 SSRC:3076146323
[W][13:55:52.925824] mod.rtp-sink | [         audio.c:  553 rtp_audio_process_capture()] timestamp: expected 128 != actual 0
[I][13:55:52.925832] mod.rtp-sink | [         audio.c:  567 rtp_audio_process_capture()] (re)sync to timestamp:0 seq:26052 ts_offset:0 SSRC:3076146323
[W][13:55:52.928584] mod.rtp-sink | [         audio.c:  553 rtp_audio_process_capture()] timestamp: expected 128 != actual 0
[I][13:55:52.928595] mod.rtp-sink | [         audio.c:  567 rtp_audio_process_capture()] (re)sync to timestamp:0 seq:26054 ts_offset:0 SSRC:3076146323
[W][13:55:52.931078] mod.rtp-sink | [         audio.c:  553 rtp_audio_process_capture()] timestamp: expected 128 != actual 0
[I][13:55:52.931089] mod.rtp-sink | [         audio.c:  567 rtp_audio_process_capture()] (re)sync to timestamp:0 seq:26056 ts_offset:0 SSRC:3076146323
[W][13:55:52.933823] mod.rtp-sink | [         audio.c:  553 rtp_audio_process_capture()] timestamp: expected 128 != actual 0
[I][13:55:52.933832] mod.rtp-sink | [         audio.c:  567 rtp_audio_process_capture()] (re)sync to timestamp:0 seq:26058 ts_offset:0 SSRC:3076146323
[W][13:55:52.936570] mod.rtp-sink | [         audio.c:  553 rtp_audio_process_capture()] timestamp: expected 128 != actual 0
[I][13:55:52.936577] mod.rtp-sink | [         audio.c:  567 rtp_audio_process_capture()] (re)sync to timestamp:0 seq:26060 ts_offset:0 SSRC:3076146323
[W][13:55:52.939068] mod.rtp-sink | [         audio.c:  553 rtp_audio_process_capture()] timestamp: expected 128 != actual 0
[I][13:55:52.939074] mod.rtp-sink | [         audio.c:  567 rtp_audio_process_capture()] (re)sync to timestamp:0 seq:26062 ts_offset:0 SSRC:3076146323
[W][13:55:52.941820] mod.rtp-sink | [         audio.c:  553 rtp_audio_process_capture()] timestamp: expected 128 != actual 0
[I][13:55:52.941826] mod.rtp-sink | [         audio.c:  567 rtp_audio_process_capture()] (re)sync to timestamp:0 seq:26064 ts_offset:0 SSRC:3076146323
[W][13:55:52.944571] mod.rtp-sink | [         audio.c:  553 rtp_audio_process_capture()] timestamp: expected 128 != actual 0
[I][13:55:52.944579] mod.rtp-sink | [         audio.c:  567 rtp_audio_process_capture()] (re)sync to timestamp:0 seq:26066 ts_offset:0 SSRC:3076146323
[W][13:55:52.947076] mod.rtp-sink | [         audio.c:  553 rtp_audio_process_capture()] timestamp: expected 128 != actual 0
[I][13:55:52.947086] mod.rtp-sink | [         audio.c:  567 rtp_audio_process_capture()] (re)sync to timestamp:0 seq:26068 ts_offset:0 SSRC:3076146323
[W][13:55:52.949826] mod.rtp-sink | [         audio.c:  553 rtp_audio_process_capture()] timestamp: expected 128 != actual 0
[I][13:55:52.949836] mod.rtp-sink | [         audio.c:  567 rtp_audio_process_capture()] (re)sync to timestamp:0 seq:26070 ts_offset:0 SSRC:3076146323
[W][13:55:52.952563] mod.rtp-sink | [         audio.c:  553 rtp_audio_process_capture()] timestamp: expected 128 != actual 0
[I][13:55:52.952571] mod.rtp-sink | [         audio.c:  567 rtp_audio_process_capture()] (re)sync to timestamp:0 seq:26072 ts_offset:0 SSRC:3076146323
[W][13:55:52.955063] mod.rtp-sink | [         audio.c:  553 rtp_audio_process_capture()] timestamp: expected 128 != actual 0
[I][13:55:52.955070] mod.rtp-sink | [         audio.c:  567 rtp_audio_process_capture()] (re)sync to timestamp:0 seq:26074 ts_offset:0 SSRC:3076146323
[W][13:55:52.957806] mod.rtp-sink | [         audio.c:  553 rtp_audio_process_capture()] timestamp: expected 128 != actual 0
[I][13:55:52.957812] mod.rtp-sink | [         audio.c:  567 rtp_audio_process_capture()] (re)sync to timestamp:0 seq:26076 ts_offset:0 SSRC:3076146323
[W][13:55:52.960571] mod.rtp-sink | [         audio.c:  553 rtp_audio_process_capture()] timestamp: expected 128 != actual 0
[I][13:55:52.960583] mod.rtp-sink | [         audio.c:  567 rtp_audio_process_capture()] (re)sync to timestamp:0 seq:26078 ts_offset:0 SSRC:3076146323
[W][13:55:52.963088] mod.rtp-sink | [         audio.c:  553 rtp_audio_process_capture()] timestamp: expected 128 != actual 0
[I][13:55:52.963103] mod.rtp-sink | [         audio.c:  567 rtp_audio_process_capture()] (re)sync to timestamp:0 seq:26080 ts_offset:0 SSRC:3076146323
[W][13:55:52.965808] mod.rtp-sink | [         audio.c:  553 rtp_audio_process_capture()] timestamp: expected 128 != actual 0
[I][13:55:52.965817] mod.rtp-sink | [         audio.c:  567 rtp_audio_process_capture()] (re)sync to timestamp:0 seq:26082 ts_offset:0 SSRC:3076146323
[W][13:55:52.968555] mod.rtp-sink | [         audio.c:  553 rtp_audio_process_capture()] timestamp: expected 128 != actual 0
[I][13:55:52.968559] mod.rtp-sink | [         audio.c:  567 rtp_audio_process_capture()] (re)sync to timestamp:0 seq:26084 ts_offset:0 SSRC:3076146323
[W][13:55:52.971053] mod.rtp-sink | [         audio.c:  553 rtp_audio_process_capture()] timestamp: expected 128 != actual 0
[I][13:55:52.971058] mod.rtp-sink | [         audio.c:  567 rtp_audio_process_capture()] (re)sync to timestamp:0 seq:26086 ts_offset:0 SSRC:3076146323
[W][13:55:52.973801] mod.rtp-sink | [         audio.c:  553 rtp_audio_process_capture()] timestamp: expected 128 != actual 0
[I][13:55:52.973806] mod.rtp-sink | [         audio.c:  567 rtp_audio_process_capture()] (re)sync to timestamp:0 seq:26088 ts_offset:0 SSRC:3076146323
[W][13:55:52.976553] mod.rtp-sink | [         audio.c:  553 rtp_audio_process_capture()] timestamp: expected 128 != actual 0
[I][13:55:52.976561] mod.rtp-sink | [         audio.c:  567 rtp_audio_process_capture()] (re)sync to timestamp:0 seq:26090 ts_offset:0 SSRC:3076146323
[W][13:55:52.979059] mod.rtp-sink | [         audio.c:  553 rtp_audio_process_capture()] timestamp: expected 128 != actual 0
[I][13:55:52.979067] mod.rtp-sink | [         audio.c:  567 rtp_audio_process_capture()] (re)sync to timestamp:0 seq:26092 ts_offset:0 SSRC:3076146323
[W][13:55:52.981807] mod.rtp-sink | [         audio.c:  553 rtp_audio_process_capture()] timestamp: expected 128 != actual 0
[I][13:55:52.981817] mod.rtp-sink | [         audio.c:  567 rtp_audio_process_capture()] (re)sync to timestamp:0 seq:26094 ts_offset:0 SSRC:3076146323
[W][13:55:52.984552] mod.rtp-sink | [         audio.c:  553 rtp_audio_process_capture()] timestamp: expected 128 != actual 0
[I][13:55:52.984560] mod.rtp-sink | [         audio.c:  567 rtp_audio_process_capture()] (re)sync to timestamp:0 seq:26096 ts_offset:0 SSRC:3076146323
[W][13:55:52.987046] mod.rtp-sink | [         audio.c:  553 rtp_audio_process_capture()] timestamp: expected 128 != actual 0
[I][13:55:52.987052] mod.rtp-sink | [         audio.c:  567 rtp_audio_process_capture()] (re)sync to timestamp:0 seq:26098 ts_offset:0 SSRC:3076146323
[I][13:55:52.988242] mod.rtp-sap  | [module-rtp-sap.c:  674 update_ts_refclk()] Local clock ID: IEEE1588-2008:6C-6E-07-FF-FE-09-C5-6D:0
[I][13:55:52.988249] mod.rtp-sap  | [module-rtp-sap.c:  690 update_ts_refclk()] GM ID: IEEE1588-2008:6C-6E-07-FF-FE-09-C5-6D:0
[W][13:55:52.989794] mod.rtp-sink | [         audio.c:  553 rtp_audio_process_capture()] timestamp: expected 128 != actual 0
[I][13:55:52.989799] mod.rtp-sink | [         audio.c:  567 rtp_audio_process_capture()] (re)sync to timestamp:0 seq:26100 ts_offset:0 SSRC:3076146323
[W][13:55:52.992551] mod.rtp-sink | [         audio.c:  553 rtp_audio_process_capture()] timestamp: expected 128 != actual 0
[I][13:55:52.992560] mod.rtp-sink | [         audio.c:  567 rtp_audio_process_capture()] (re)sync to timestamp:0 seq:26102 ts_offset:0 SSRC:3076146323
[W][13:55:52.995046] mod.rtp-sink | [         audio.c:  553 rtp_audio_process_capture()] timestamp: expected 128 != actual 0
[I][13:55:52.995055] mod.rtp-sink | [         audio.c:  567 rtp_audio_process_capture()] (re)sync to timestamp:0 seq:26104 ts_offset:0 SSRC:3076146323
[W][13:55:52.997793] mod.rtp-sink | [         audio.c:  553 rtp_audio_process_capture()] timestamp: expected 128 != actual 0
[I][13:55:52.997803] mod.rtp-sink | [         audio.c:  567 rtp_audio_process_capture()] (re)sync to timestamp:0 seq:26106 ts_offset:0 SSRC:3076146323
[W][13:55:53.000543] mod.rtp-sink | [         audio.c:  553 rtp_audio_process_capture()] timestamp: expected 128 != actual 0
[I][13:55:53.000552] mod.rtp-sink | [         audio.c:  567 rtp_audio_process_capture()] (re)sync to timestamp:0 seq:26108 ts_offset:0 SSRC:3076146323
[W][13:55:53.003038] mod.rtp-sink | [         audio.c:  553 rtp_audio_process_capture()] timestamp: expected 128 != actual 0
[I][13:55:53.003045] mod.rtp-sink | [         audio.c:  567 rtp_audio_process_capture()] (re)sync to timestamp:0 seq:26110 ts_offset:0 SSRC:3076146323
[W][13:55:53.005787] mod.rtp-sink | [         audio.c:  553 rtp_audio_process_capture()] timestamp: expected 128 != actual 0
[I][13:55:53.005792] mod.rtp-sink | [         audio.c:  567 rtp_audio_process_capture()] (re)sync to timestamp:0 seq:26112 ts_offset:0 SSRC:3076146323
[W][13:55:53.008540] mod.rtp-sink | [         audio.c:  553 rtp_audio_process_capture()] timestamp: expected 128 != actual 0
[I][13:55:53.008546] mod.rtp-sink | [         audio.c:  567 rtp_audio_process_capture()] (re)sync to timestamp:0 seq:26114 ts_offset:0 SSRC:3076146323
[W][13:55:53.011055] mod.rtp-sink | [         audio.c:  553 rtp_audio_process_capture()] timestamp: expected 128 != actual 0
[I][13:55:53.011065] mod.rtp-sink | [         audio.c:  567 rtp_audio_process_capture()] (re)sync to timestamp:0 seq:26116 ts_offset:0 SSRC:3076146323
[W][13:55:53.013789] mod.rtp-sink | [         audio.c:  553 rtp_audio_process_capture()] timestamp: expected 128 != actual 0
[I][13:55:53.013800] mod.rtp-sink | [         audio.c:  567 rtp_audio_process_capture()] (re)sync to timestamp:0 seq:26118 ts_offset:0 SSRC:3076146323
[W][13:55:53.016536] mod.rtp-sink | [         audio.c:  553 rtp_audio_process_capture()] timestamp: expected 128 != actual 0
[I][13:55:53.016545] mod.rtp-sink | [         audio.c:  567 rtp_audio_process_capture()] (re)sync to timestamp:0 seq:26120 ts_offset:0 SSRC:3076146323
[W][13:55:53.019032] mod.rtp-sink | [         audio.c:  553 rtp_audio_process_capture()] timestamp: expected 128 != actual 0
[I][13:55:53.019040] mod.rtp-sink | [         audio.c:  567 rtp_audio_process_capture()] (re)sync to timestamp:0 seq:26122 ts_offset:0 SSRC:3076146323
[W][13:55:53.021777] mod.rtp-sink | [         audio.c:  553 rtp_audio_process_capture()] timestamp: expected 128 != actual 0
[I][13:55:53.021782] mod.rtp-sink | [         audio.c:  567 rtp_audio_process_capture()] (re)sync to timestamp:0 seq:26124 ts_offset:0 SSRC:3076146323
[W][13:55:53.024528] mod.rtp-sink | [         audio.c:  553 rtp_audio_process_capture()] timestamp: expected 128 != actual 0
[I][13:55:53.024532] mod.rtp-sink | [         audio.c:  567 rtp_audio_process_capture()] (re)sync to timestamp:0 seq:26126 ts_offset:0 SSRC:3076146323
[W][13:55:53.027049] mod.rtp-sink | [         audio.c:  553 rtp_audio_process_capture()] timestamp: expected 128 != actual 0
[I][13:55:53.027061] mod.rtp-sink | [         audio.c:  567 rtp_audio_process_capture()] (re)sync to timestamp:0 seq:26128 ts_offset:0 SSRC:3076146323
[W][13:55:53.029788] mod.rtp-sink | [         audio.c:  553 rtp_audio_process_capture()] timestamp: expected 128 != actual 0
[I][13:55:53.029799] mod.rtp-sink | [         audio.c:  567 rtp_audio_process_capture()] (re)sync to timestamp:0 seq:26130 ts_offset:0 SSRC:3076146323
[W][13:55:53.032533] mod.rtp-sink | [         audio.c:  553 rtp_audio_process_capture()] timestamp: expected 128 != actual 0
[I][13:55:53.032543] mod.rtp-sink | [         audio.c:  567 rtp_audio_process_capture()] (re)sync to timestamp:0 seq:26132 ts_offset:0 SSRC:3076146323
[W][13:55:53.035027] mod.rtp-sink | [         audio.c:  553 rtp_audio_process_capture()] timestamp: expected 128 != actual 0
[I][13:55:53.035035] mod.rtp-sink | [         audio.c:  567 rtp_audio_process_capture()] (re)sync to timestamp:0 seq:26134 ts_offset:0 SSRC:3076146323
[W][13:55:53.037771] mod.rtp-sink | [         audio.c:  553 rtp_audio_process_capture()] timestamp: expected 128 != actual 0
[I][13:55:53.037778] mod.rtp-sink | [         audio.c:  567 rtp_audio_process_capture()] (re)sync to timestamp:0 seq:26136 ts_offset:0 SSRC:3076146323
[W][13:55:53.040519] mod.rtp-sink | [         audio.c:  553 rtp_audio_process_capture()] timestamp: expected 128 != actual 0
[I][13:55:53.040525] mod.rtp-sink | [         audio.c:  567 rtp_audio_process_capture()] (re)sync to timestamp:0 seq:26138 ts_offset:0 SSRC:3076146323
[W][13:55:53.043029] mod.rtp-sink | [         audio.c:  553 rtp_audio_process_capture()] timestamp: expected 128 != actual 0
[I][13:55:53.043037] mod.rtp-sink | [         audio.c:  567 rtp_audio_process_capture()] (re)sync to timestamp:0 seq:26140 ts_offset:0 SSRC:3076146323
[W][13:55:53.045778] mod.rtp-sink | [         audio.c:  553 rtp_audio_process_capture()] timestamp: expected 128 != actual 0
[I][13:55:53.045788] mod.rtp-sink | [         audio.c:  567 rtp_audio_process_capture()] (re)sync to timestamp:0 seq:26142 ts_offset:0 SSRC:3076146323
[W][13:55:53.048531] mod.rtp-sink | [         audio.c:  553 rtp_audio_process_capture()] timestamp: expected 128 != actual 0
[I][13:55:53.048544] mod.rtp-sink | [         audio.c:  567 rtp_audio_process_capture()] (re)sync to timestamp:0 seq:26144 ts_offset:0 SSRC:3076146323
[W][13:55:53.051269] mod.rtp-sink | [         audio.c:  553 rtp_audio_process_capture()] timestamp: expected 128 != actual 0
[I][13:55:53.051277] mod.rtp-sink | [         audio.c:  567 rtp_audio_process_capture()] (re)sync to timestamp:0 seq:26146 ts_offset:0 SSRC:3076146323
[W][13:55:53.053766] mod.rtp-sink | [         audio.c:  553 rtp_audio_process_capture()] timestamp: expected 128 != actual 0
[I][13:55:53.053772] mod.rtp-sink | [         audio.c:  567 rtp_audio_process_capture()] (re)sync to timestamp:0 seq:26148 ts_offset:0 SSRC:3076146323
[W][13:55:53.056512] mod.rtp-sink | [         audio.c:  553 rtp_audio_process_capture()] timestamp: expected 128 != actual 0
[I][13:55:53.056517] mod.rtp-sink | [         audio.c:  567 rtp_audio_process_capture()] (re)sync to timestamp:0 seq:26150 ts_offset:0 SSRC:3076146323
[W][13:55:53.059274] mod.rtp-sink | [         audio.c:  553 rtp_audio_process_capture()] timestamp: expected 128 != actual 0
[I][13:55:53.059285] mod.rtp-sink | [         audio.c:  567 rtp_audio_process_capture()] (re)sync to timestamp:0 seq:26152 ts_offset:0 SSRC:3076146323
[W][13:55:53.061770] mod.rtp-sink | [         audio.c:  553 rtp_audio_process_capture()] timestamp: expected 128 != actual 0
[I][13:55:53.061780] mod.rtp-sink | [         audio.c:  567 rtp_audio_process_capture()] (re)sync to timestamp:0 seq:26154 ts_offset:0 SSRC:3076146323
[W][13:55:53.064514] mod.rtp-sink | [         audio.c:  553 rtp_audio_process_capture()] timestamp: expected 128 != actual 0
[I][13:55:53.064526] mod.rtp-sink | [         audio.c:  567 rtp_audio_process_capture()] (re)sync to timestamp:0 seq:26156 ts_offset:0 SSRC:3076146323
[W][13:55:53.067260] mod.rtp-sink | [         audio.c:  553 rtp_audio_process_capture()] timestamp: expected 128 != actual 0
[I][13:55:53.067269] mod.rtp-sink | [         audio.c:  567 rtp_audio_process_capture()] (re)sync to timestamp:0 seq:26158 ts_offset:0 SSRC:3076146323
[W][13:55:53.069764] mod.rtp-sink | [         audio.c:  553 rtp_audio_process_capture()] timestamp: expected 128 != actual 0
[I][13:55:53.069773] mod.rtp-sink | [         audio.c:  567 rtp_audio_process_capture()] (re)sync to timestamp:0 seq:26160 ts_offset:0 SSRC:3076146323
[W][13:55:53.072504] mod.rtp-sink | [         audio.c:  553 rtp_audio_process_capture()] timestamp: expected 128 != actual 0
[I][13:55:53.072511] mod.rtp-sink | [         audio.c:  567 rtp_audio_process_capture()] (re)sync to timestamp:0 seq:26162 ts_offset:0 SSRC:3076146323
[W][13:55:53.075260] mod.rtp-sink | [         audio.c:  553 rtp_audio_process_capture()] timestamp: expected 128 != actual 0
[I][13:55:53.075267] mod.rtp-sink | [         audio.c:  567 rtp_audio_process_capture()] (re)sync to timestamp:0 seq:26164 ts_offset:0 SSRC:3076146323
[W][13:55:53.077771] mod.rtp-sink | [         audio.c:  553 rtp_audio_process_capture()] timestamp: expected 128 != actual 0
[I][13:55:53.077783] mod.rtp-sink | [         audio.c:  567 rtp_audio_process_capture()] (re)sync to timestamp:0 seq:26166 ts_offset:0 SSRC:3076146323
[W][13:55:53.080517] mod.rtp-sink | [         audio.c:  553 rtp_audio_process_capture()] timestamp: expected 128 != actual 0
[I][13:55:53.080531] mod.rtp-sink | [         audio.c:  567 rtp_audio_process_capture()] (re)sync to timestamp:0 seq:26168 ts_offset:0 SSRC:3076146323
[W][13:55:53.083260] mod.rtp-sink | [         audio.c:  553 rtp_audio_process_capture()] timestamp: expected 128 != actual 0
[I][13:55:53.083272] mod.rtp-sink | [         audio.c:  567 rtp_audio_process_capture()] (re)sync to timestamp:0 seq:26170 ts_offset:0 SSRC:3076146323
[W][13:55:53.085749] mod.rtp-sink | [         audio.c:  553 rtp_audio_process_capture()] timestamp: expected 128 != actual 0
[I][13:55:53.085754] mod.rtp-sink | [         audio.c:  567 rtp_audio_process_capture()] (re)sync to timestamp:0 seq:26172 ts_offset:0 SSRC:3076146323
[W][13:55:53.088499] mod.rtp-sink | [         audio.c:  553 rtp_audio_process_capture()] timestamp: expected 128 != actual 0
[I][13:55:53.088506] mod.rtp-sink | [         audio.c:  567 rtp_audio_process_capture()] (re)sync to timestamp:0 seq:26174 ts_offset:0 SSRC:3076146323
[W][13:55:53.091255] mod.rtp-sink | [         audio.c:  553 rtp_audio_process_capture()] timestamp: expected 128 != actual 0
[I][13:55:53.091262] mod.rtp-sink | [         audio.c:  567 rtp_audio_process_capture()] (re)sync to timestamp:0 seq:26176 ts_offset:0 SSRC:3076146323
[W][13:55:53.093759] mod.rtp-sink | [         audio.c:  553 rtp_audio_process_capture()] timestamp: expected 128 != actual 0
[I][13:55:53.093770] mod.rtp-sink | [         audio.c:  567 rtp_audio_process_capture()] (re)sync to timestamp:0 seq:26178 ts_offset:0 SSRC:3076146323
[W][13:55:53.096509] mod.rtp-sink | [         audio.c:  553 rtp_audio_process_capture()] timestamp: expected 128 != actual 0
[I][13:55:53.096522] mod.rtp-sink | [         audio.c:  567 rtp_audio_process_capture()] (re)sync to timestamp:0 seq:26180 ts_offset:0 SSRC:3076146323
[W][13:55:53.099247] mod.rtp-sink | [         audio.c:  553 rtp_audio_process_capture()] timestamp: expected 128 != actual 0
[I][13:55:53.099257] mod.rtp-sink | [         audio.c:  567 rtp_audio_process_capture()] (re)sync to timestamp:0 seq:26182 ts_offset:0 SSRC:3076146323
[W][13:55:53.101744] mod.rtp-sink | [         audio.c:  553 rtp_audio_process_capture()] timestamp: expected 128 != actual 0
[I][13:55:53.101751] mod.rtp-sink | [         audio.c:  567 rtp_audio_process_capture()] (re)sync to timestamp:0 seq:26184 ts_offset:0 SSRC:3076146323
[W][13:55:53.104494] mod.rtp-sink | [         audio.c:  553 rtp_audio_process_capture()] timestamp: expected 128 != actual 0
[I][13:55:53.104500] mod.rtp-sink | [         audio.c:  567 rtp_audio_process_capture()] (re)sync to timestamp:0 seq:26186 ts_offset:0 SSRC:3076146323
[W][13:55:53.107241] mod.rtp-sink | [         audio.c:  553 rtp_audio_process_capture()] timestamp: expected 128 != actual 0
[I][13:55:53.107248] mod.rtp-sink | [         audio.c:  567 rtp_audio_process_capture()] (re)sync to timestamp:0 seq:26188 ts_offset:0 SSRC:3076146323
[W][13:55:53.109753] mod.rtp-sink | [         audio.c:  553 rtp_audio_process_capture()] timestamp: expected 128 != actual 0
[I][13:55:53.109764] mod.rtp-sink | [         audio.c:  567 rtp_audio_process_capture()] (re)sync to timestamp:0 seq:26190 ts_offset:0 SSRC:3076146323
[W][13:55:53.112504] mod.rtp-sink | [         audio.c:  553 rtp_audio_process_capture()] timestamp: expected 128 != actual 0
[I][13:55:53.112516] mod.rtp-sink | [         audio.c:  567 rtp_audio_process_capture()] (re)sync to timestamp:0 seq:26192 ts_offset:0 SSRC:3076146323
[W][13:55:53.115243] mod.rtp-sink | [         audio.c:  553 rtp_audio_process_capture()] timestamp: expected 128 != actual 0
[I][13:55:53.115252] mod.rtp-sink | [         audio.c:  567 rtp_audio_process_capture()] (re)sync to timestamp:0 seq:26194 ts_offset:0 SSRC:3076146323
[W][13:55:53.117738] mod.rtp-sink | [         audio.c:  553 rtp_audio_process_capture()] timestamp: expected 128 != actual 0
[I][13:55:53.117747] mod.rtp-sink | [         audio.c:  567 rtp_audio_process_capture()] (re)sync to timestamp:0 seq:26196 ts_offset:0 SSRC:3076146323
[W][13:55:53.120483] mod.rtp-sink | [         audio.c:  553 rtp_audio_process_capture()] timestamp: expected 128 != actual 0
[I][13:55:53.120490] mod.rtp-sink | [         audio.c:  567 rtp_audio_process_capture()] (re)sync to timestamp:0 seq:26198 ts_offset:0 SSRC:3076146323
[W][13:55:53.123234] mod.rtp-sink | [         audio.c:  553 rtp_audio_process_capture()] timestamp: expected 128 != actual 0
[I][13:55:53.123240] mod.rtp-sink | [         audio.c:  567 rtp_audio_process_capture()] (re)sync to timestamp:0 seq:26200 ts_offset:0 SSRC:3076146323
[W][13:55:53.125735] mod.rtp-sink | [         audio.c:  553 rtp_audio_process_capture()] timestamp: expected 128 != actual 0
[I][13:55:53.125743] mod.rtp-sink | [         audio.c:  567 rtp_audio_process_capture()] (re)sync to timestamp:0 seq:26202 ts_offset:0 SSRC:3076146323
[W][13:55:53.128481] mod.rtp-sink | [         audio.c:  553 rtp_audio_process_capture()] timestamp: expected 128 != actual 0
[I][13:55:53.128491] mod.rtp-sink | [         audio.c:  567 rtp_audio_process_capture()] (re)sync to timestamp:0 seq:26204 ts_offset:0 SSRC:3076146323
[W][13:55:53.131235] mod.rtp-sink | [         audio.c:  553 rtp_audio_process_capture()] timestamp: expected 128 != actual 0
[I][13:55:53.131246] mod.rtp-sink | [         audio.c:  567 rtp_audio_process_capture()] (re)sync to timestamp:0 seq:26206 ts_offset:0 SSRC:3076146323
[W][13:55:53.133732] mod.rtp-sink | [         audio.c:  553 rtp_audio_process_capture()] timestamp: expected 128 != actual 0
[I][13:55:53.133741] mod.rtp-sink | [         audio.c:  567 rtp_audio_process_capture()] (re)sync to timestamp:0 seq:26208 ts_offset:0 SSRC:3076146323
[W][13:55:53.136478] mod.rtp-sink | [         audio.c:  553 rtp_audio_process_capture()] timestamp: expected 128 != actual 0
[I][13:55:53.136484] mod.rtp-sink | [         audio.c:  567 rtp_audio_process_capture()] (re)sync to timestamp:0 seq:26210 ts_offset:0 SSRC:3076146323
[W][13:55:53.139229] mod.rtp-sink | [         audio.c:  553 rtp_audio_process_capture()] timestamp: expected 128 != actual 0
[I][13:55:53.139235] mod.rtp-sink | [         audio.c:  567 rtp_audio_process_capture()] (re)sync to timestamp:0 seq:26212 ts_offset:0 SSRC:3076146323
[W][13:55:53.141725] mod.rtp-sink | [         audio.c:  553 rtp_audio_process_capture()] timestamp: expected 128 != actual 0
[I][13:55:53.141732] mod.rtp-sink | [         audio.c:  567 rtp_audio_process_capture()] (re)sync to timestamp:0 seq:26214 ts_offset:0 SSRC:3076146323
[W][13:55:53.144478] mod.rtp-sink | [         audio.c:  553 rtp_audio_process_capture()] timestamp: expected 128 != actual 0
[I][13:55:53.144485] mod.rtp-sink | [         audio.c:  567 rtp_audio_process_capture()] (re)sync to timestamp:0 seq:26216 ts_offset:0 SSRC:3076146323
[W][13:55:53.147233] mod.rtp-sink | [         audio.c:  553 rtp_audio_process_capture()] timestamp: expected 128 != actual 0
[I][13:55:53.147244] mod.rtp-sink | [         audio.c:  567 rtp_audio_process_capture()] (re)sync to timestamp:0 seq:26218 ts_offset:0 SSRC:3076146323
[W][13:55:53.149724] mod.rtp-sink | [         audio.c:  553 rtp_audio_process_capture()] timestamp: expected 128 != actual 0
[I][13:55:53.149733] mod.rtp-sink | [         audio.c:  567 rtp_audio_process_capture()] (re)sync to timestamp:0 seq:26220 ts_offset:0 SSRC:3076146323
[W][13:55:53.152474] mod.rtp-sink | [         audio.c:  553 rtp_audio_process_capture()] timestamp: expected 128 != actual 0
[I][13:55:53.152482] mod.rtp-sink | [         audio.c:  567 rtp_audio_process_capture()] (re)sync to timestamp:0 seq:26222 ts_offset:0 SSRC:3076146323
[W][13:55:53.155222] mod.rtp-sink | [         audio.c:  553 rtp_audio_process_capture()] timestamp: expected 128 != actual 0
[I][13:55:53.155229] mod.rtp-sink | [         audio.c:  567 rtp_audio_process_capture()] (re)sync to timestamp:0 seq:26224 ts_offset:0 SSRC:3076146323
[W][13:55:53.157717] mod.rtp-sink | [         audio.c:  553 rtp_audio_process_capture()] timestamp: expected 128 != actual 0
[I][13:55:53.157723] mod.rtp-sink | [         audio.c:  567 rtp_audio_process_capture()] (re)sync to timestamp:0 seq:26226 ts_offset:0 SSRC:3076146323
[W][13:55:53.160472] mod.rtp-sink | [         audio.c:  553 rtp_audio_process_capture()] timestamp: expected 128 != actual 0
[I][13:55:53.160481] mod.rtp-sink | [         audio.c:  567 rtp_audio_process_capture()] (re)sync to timestamp:0 seq:26228 ts_offset:0 SSRC:3076146323
[W][13:55:53.163223] mod.rtp-sink | [         audio.c:  553 rtp_audio_process_capture()] timestamp: expected 128 != actual 0
[I][13:55:53.163234] mod.rtp-sink | [         audio.c:  567 rtp_audio_process_capture()] (re)sync to timestamp:0 seq:26230 ts_offset:0 SSRC:3076146323
[W][13:55:53.165722] mod.rtp-sink | [         audio.c:  553 rtp_audio_process_capture()] timestamp: expected 128 != actual 0
[I][13:55:53.165730] mod.rtp-sink | [         audio.c:  567 rtp_audio_process_capture()] (re)sync to timestamp:0 seq:26232 ts_offset:0 SSRC:3076146323
[W][13:55:53.168462] mod.rtp-sink | [         audio.c:  553 rtp_audio_process_capture()] timestamp: expected 128 != actual 0
[I][13:55:53.168469] mod.rtp-sink | [         audio.c:  567 rtp_audio_process_capture()] (re)sync to timestamp:0 seq:26234 ts_offset:0 SSRC:3076146323
[W][13:55:53.171214] mod.rtp-sink | [         audio.c:  553 rtp_audio_process_capture()] timestamp: expected 128 != actual 0
[I][13:55:53.171221] mod.rtp-sink | [         audio.c:  567 rtp_audio_process_capture()] (re)sync to timestamp:0 seq:26236 ts_offset:0 SSRC:3076146323
[W][13:55:53.173712] mod.rtp-sink | [         audio.c:  553 rtp_audio_process_capture()] timestamp: expected 128 != actual 0
[I][13:55:53.173719] mod.rtp-sink | [         audio.c:  567 rtp_audio_process_capture()] (re)sync to timestamp:0 seq:26238 ts_offset:0 SSRC:3076146323
[W][13:55:53.176468] mod.rtp-sink | [         audio.c:  553 rtp_audio_process_capture()] timestamp: expected 128 != actual 0
[I][13:55:53.176478] mod.rtp-sink | [         audio.c:  567 rtp_audio_process_capture()] (re)sync to timestamp:0 seq:26240 ts_offset:0 SSRC:3076146323
[W][13:55:53.179215] mod.rtp-sink | [         audio.c:  553 rtp_audio_process_capture()] timestamp: expected 128 != actual 0
[I][13:55:53.179226] mod.rtp-sink | [         audio.c:  567 rtp_audio_process_capture()] (re)sync to timestamp:0 seq:26242 ts_offset:0 SSRC:3076146323
[W][13:55:53.181714] mod.rtp-sink | [         audio.c:  553 rtp_audio_process_capture()] timestamp: expected 128 != actual 0
[I][13:55:53.181728] mod.rtp-sink | [         audio.c:  567 rtp_audio_process_capture()] (re)sync to timestamp:0 seq:26244 ts_offset:0 SSRC:3076146323
[W][13:55:53.184458] mod.rtp-sink | [         audio.c:  553 rtp_audio_process_capture()] timestamp: expected 128 != actual 0
[I][13:55:53.184467] mod.rtp-sink | [         audio.c:  567 rtp_audio_process_capture()] (re)sync to timestamp:0 seq:26246 ts_offset:0 SSRC:3076146323
[W][13:55:53.187207] mod.rtp-sink | [         audio.c:  553 rtp_audio_process_capture()] timestamp: expected 128 != actual 0
[I][13:55:53.187214] mod.rtp-sink | [         audio.c:  567 rtp_audio_process_capture()] (re)sync to timestamp:0 seq:26248 ts_offset:0 SSRC:3076146323
[W][13:55:53.189702] mod.rtp-sink | [         audio.c:  553 rtp_audio_process_capture()] timestamp: expected 128 != actual 0
[I][13:55:53.189708] mod.rtp-sink | [         audio.c:  567 rtp_audio_process_capture()] (re)sync to timestamp:0 seq:26250 ts_offset:0 SSRC:3076146323
[W][13:55:53.192454] mod.rtp-sink | [         audio.c:  553 rtp_audio_process_capture()] timestamp: expected 128 != actual 0
[I][13:55:53.192460] mod.rtp-sink | [         audio.c:  567 rtp_audio_process_capture()] (re)sync to timestamp:0 seq:26252 ts_offset:0 SSRC:3076146323
[W][13:55:53.195213] mod.rtp-sink | [         audio.c:  553 rtp_audio_process_capture()] timestamp: expected 128 != actual 0
[I][13:55:53.195225] mod.rtp-sink | [         audio.c:  567 rtp_audio_process_capture()] (re)sync to timestamp:0 seq:26254 ts_offset:0 SSRC:3076146323
[W][13:55:53.197708] mod.rtp-sink | [         audio.c:  553 rtp_audio_process_capture()] timestamp: expected 128 != actual 0
[I][13:55:53.197718] mod.rtp-sink | [         audio.c:  567 rtp_audio_process_capture()] (re)sync to timestamp:0 seq:26256 ts_offset:0 SSRC:3076146323
[W][13:55:53.200453] mod.rtp-sink | [         audio.c:  553 rtp_audio_process_capture()] timestamp: expected 128 != actual 0
[I][13:55:53.200463] mod.rtp-sink | [         audio.c:  567 rtp_audio_process_capture()] (re)sync to timestamp:0 seq:26258 ts_offset:0 SSRC:3076146323
[W][13:55:53.203201] mod.rtp-sink | [         audio.c:  553 rtp_audio_process_capture()] timestamp: expected 128 != actual 0
[I][13:55:53.203209] mod.rtp-sink | [         audio.c:  567 rtp_audio_process_capture()] (re)sync to timestamp:0 seq:26260 ts_offset:0 SSRC:3076146323
[W][13:55:53.205696] mod.rtp-sink | [         audio.c:  553 rtp_audio_process_capture()] timestamp: expected 128 != actual 0
[I][13:55:53.205703] mod.rtp-sink | [         audio.c:  567 rtp_audio_process_capture()] (re)sync to timestamp:0 seq:26262 ts_offset:0 SSRC:3076146323
[W][13:55:53.208447] mod.rtp-sink | [         audio.c:  553 rtp_audio_process_capture()] timestamp: expected 128 != actual 0
[I][13:55:53.208455] mod.rtp-sink | [         audio.c:  567 rtp_audio_process_capture()] (re)sync to timestamp:0 seq:26264 ts_offset:0 SSRC:3076146323
[W][13:55:53.211198] mod.rtp-sink | [         audio.c:  553 rtp_audio_process_capture()] timestamp: expected 128 != actual 0
[I][13:55:53.211206] mod.rtp-sink | [         audio.c:  567 rtp_audio_process_capture()] (re)sync to timestamp:0 seq:26266 ts_offset:0 SSRC:3076146323
[W][13:55:53.213698] mod.rtp-sink | [         audio.c:  553 rtp_audio_process_capture()] timestamp: expected 128 != actual 0
[I][13:55:53.213707] mod.rtp-sink | [         audio.c:  567 rtp_audio_process_capture()] (re)sync to timestamp:0 seq:26268 ts_offset:0 SSRC:3076146323
[W][13:55:53.216445] mod.rtp-sink | [         audio.c:  553 rtp_audio_process_capture()] timestamp: expected 128 != actual 0
[I][13:55:53.216455] mod.rtp-sink | [         audio.c:  567 rtp_audio_process_capture()] (re)sync to timestamp:0 seq:26270 ts_offset:0 SSRC:3076146323
[W][13:55:53.219191] mod.rtp-sink | [         audio.c:  553 rtp_audio_process_capture()] timestamp: expected 128 != actual 0
[I][13:55:53.219199] mod.rtp-sink | [         audio.c:  567 rtp_audio_process_capture()] (re)sync to timestamp:0 seq:26272 ts_offset:0 SSRC:3076146323
[W][13:55:53.221688] mod.rtp-sink | [         audio.c:  553 rtp_audio_process_capture()] timestamp: expected 128 != actual 0
[I][13:55:53.221695] mod.rtp-sink | [         audio.c:  567 rtp_audio_process_capture()] (re)sync to timestamp:0 seq:26274 ts_offset:0 SSRC:3076146323
[W][13:55:53.224440] mod.rtp-sink | [         audio.c:  553 rtp_audio_process_capture()] timestamp: expected 128 != actual 0
[I][13:55:53.224446] mod.rtp-sink | [         audio.c:  567 rtp_audio_process_capture()] (re)sync to timestamp:0 seq:26276 ts_offset:0 SSRC:3076146323
[W][13:55:53.227196] mod.rtp-sink | [         audio.c:  553 rtp_audio_process_capture()] timestamp: expected 128 != actual 0
[I][13:55:53.227206] mod.rtp-sink | [         audio.c:  567 rtp_audio_process_capture()] (re)sync to timestamp:0 seq:26278 ts_offset:0 SSRC:3076146323
[W][13:55:53.229946] mod.rtp-sink | [         audio.c:  553 rtp_audio_process_capture()] timestamp: expected 128 != actual 0
[I][13:55:53.229957] mod.rtp-sink | [         audio.c:  567 rtp_audio_process_capture()] (re)sync to timestamp:0 seq:26280 ts_offset:0 SSRC:3076146323
[W][13:55:53.232442] mod.rtp-sink | [         audio.c:  553 rtp_audio_process_capture()] timestamp: expected 128 != actual 0
[I][13:55:53.232451] mod.rtp-sink | [         audio.c:  567 rtp_audio_process_capture()] (re)sync to timestamp:0 seq:26282 ts_offset:0 SSRC:3076146323
[W][13:55:53.235187] mod.rtp-sink | [         audio.c:  553 rtp_audio_process_capture()] timestamp: expected 128 != actual 0
[I][13:55:53.235194] mod.rtp-sink | [         audio.c:  567 rtp_audio_process_capture()] (re)sync to timestamp:0 seq:26284 ts_offset:0 SSRC:3076146323
[W][13:55:53.237932] mod.rtp-sink | [         audio.c:  553 rtp_audio_process_capture()] timestamp: expected 128 != actual 0
[I][13:55:53.237939] mod.rtp-sink | [         audio.c:  567 rtp_audio_process_capture()] (re)sync to timestamp:0 seq:26286 ts_offset:0 SSRC:3076146323
[W][13:55:53.240436] mod.rtp-sink | [         audio.c:  553 rtp_audio_process_capture()] timestamp: expected 128 != actual 0
[I][13:55:53.240443] mod.rtp-sink | [         audio.c:  567 rtp_audio_process_capture()] (re)sync to timestamp:0 seq:26288 ts_offset:0 SSRC:3076146323
[W][13:55:53.243185] mod.rtp-sink | [         audio.c:  553 rtp_audio_process_capture()] timestamp: expected 128 != actual 0
[I][13:55:53.243195] mod.rtp-sink | [         audio.c:  567 rtp_audio_process_capture()] (re)sync to timestamp:0 seq:26290 ts_offset:0 SSRC:3076146323
[W][13:55:53.245939] mod.rtp-sink | [         audio.c:  553 rtp_audio_process_capture()] timestamp: expected 128 != actual 0
[I][13:55:53.245950] mod.rtp-sink | [         audio.c:  567 rtp_audio_process_capture()] (re)sync to timestamp:0 seq:26292 ts_offset:0 SSRC:3076146323
[W][13:55:53.248431] mod.rtp-sink | [         audio.c:  553 rtp_audio_process_capture()] timestamp: expected 128 != actual 0
[I][13:55:53.248443] mod.rtp-sink | [         audio.c:  567 rtp_audio_process_capture()] (re)sync to timestamp:0 seq:26294 ts_offset:0 SSRC:3076146323
[W][13:55:53.251182] mod.rtp-sink | [         audio.c:  553 rtp_audio_process_capture()] timestamp: expected 128 != actual 0
[I][13:55:53.251191] mod.rtp-sink | [         audio.c:  567 rtp_audio_process_capture()] (re)sync to timestamp:0 seq:26296 ts_offset:0 SSRC:3076146323
[W][13:55:53.253925] mod.rtp-sink | [         audio.c:  553 rtp_audio_process_capture()] timestamp: expected 128 != actual 0
[I][13:55:53.253932] mod.rtp-sink | [         audio.c:  567 rtp_audio_process_capture()] (re)sync to timestamp:0 seq:26298 ts_offset:0 SSRC:3076146323
[W][13:55:53.256425] mod.rtp-sink | [         audio.c:  553 rtp_audio_process_capture()] timestamp: expected 128 != actual 0
[I][13:55:53.256431] mod.rtp-sink | [         audio.c:  567 rtp_audio_process_capture()] (re)sync to timestamp:0 seq:26300 ts_offset:0 SSRC:3076146323
[W][13:55:53.259175] mod.rtp-sink | [         audio.c:  553 rtp_audio_process_capture()] timestamp: expected 128 != actual 0
[I][13:55:53.259183] mod.rtp-sink | [         audio.c:  567 rtp_audio_process_capture()] (re)sync to timestamp:0 seq:26302 ts_offset:0 SSRC:3076146323
[W][13:55:53.261934] mod.rtp-sink | [         audio.c:  553 rtp_audio_process_capture()] timestamp: expected 128 != actual 0
[I][13:55:53.261944] mod.rtp-sink | [         audio.c:  567 rtp_audio_process_capture()] (re)sync to timestamp:0 seq:26304 ts_offset:0 SSRC:3076146323
[W][13:55:53.264424] mod.rtp-sink | [         audio.c:  553 rtp_audio_process_capture()] timestamp: expected 128 != actual 0
[I][13:55:53.264435] mod.rtp-sink | [         audio.c:  567 rtp_audio_process_capture()] (re)sync to timestamp:0 seq:26306 ts_offset:0 SSRC:3076146323
[W][13:55:53.267172] mod.rtp-sink | [         audio.c:  553 rtp_audio_process_capture()] timestamp: expected 128 != actual 0
[I][13:55:53.267181] mod.rtp-sink | [         audio.c:  567 rtp_audio_process_capture()] (re)sync to timestamp:0 seq:26308 ts_offset:0 SSRC:3076146323
[W][13:55:53.269916] mod.rtp-sink | [         audio.c:  553 rtp_audio_process_capture()] timestamp: expected 128 != actual 0
[I][13:55:53.269922] mod.rtp-sink | [         audio.c:  567 rtp_audio_process_capture()] (re)sync to timestamp:0 seq:26310 ts_offset:0 SSRC:3076146323
[W][13:55:53.272420] mod.rtp-sink | [         audio.c:  553 rtp_audio_process_capture()] timestamp: expected 128 != actual 0
[I][13:55:53.272427] mod.rtp-sink | [         audio.c:  567 rtp_audio_process_capture()] (re)sync to timestamp:0 seq:26312 ts_offset:0 SSRC:3076146323
[W][13:55:53.275175] mod.rtp-sink | [         audio.c:  553 rtp_audio_process_capture()] timestamp: expected 128 != actual 0
[I][13:55:53.275183] mod.rtp-sink | [         audio.c:  567 rtp_audio_process_capture()] (re)sync to timestamp:0 seq:26314 ts_offset:0 SSRC:3076146323
[W][13:55:53.277925] mod.rtp-sink | [         audio.c:  553 rtp_audio_process_capture()] timestamp: expected 128 != actual 0
[I][13:55:53.277934] mod.rtp-sink | [         audio.c:  567 rtp_audio_process_capture()] (re)sync to timestamp:0 seq:26316 ts_offset:0 SSRC:3076146323
[W][13:55:53.280420] mod.rtp-sink | [         audio.c:  553 rtp_audio_process_capture()] timestamp: expected 128 != actual 0
[I][13:55:53.280431] mod.rtp-sink | [         audio.c:  567 rtp_audio_process_capture()] (re)sync to timestamp:0 seq:26318 ts_offset:0 SSRC:3076146323
[W][13:55:53.283169] mod.rtp-sink | [         audio.c:  553 rtp_audio_process_capture()] timestamp: expected 128 != actual 0
[I][13:55:53.283178] mod.rtp-sink | [         audio.c:  567 rtp_audio_process_capture()] (re)sync to timestamp:0 seq:26320 ts_offset:0 SSRC:3076146323
[W][13:55:53.285910] mod.rtp-sink | [         audio.c:  553 rtp_audio_process_capture()] timestamp: expected 128 != actual 0
[I][13:55:53.285916] mod.rtp-sink | [         audio.c:  567 rtp_audio_process_capture()] (re)sync to timestamp:0 seq:26322 ts_offset:0 SSRC:3076146323
[W][13:55:53.288411] mod.rtp-sink | [         audio.c:  553 rtp_audio_process_capture()] timestamp: expected 128 != actual 0
[I][13:55:53.288418] mod.rtp-sink | [         audio.c:  567 rtp_audio_process_capture()] (re)sync to timestamp:0 seq:26324 ts_offset:0 SSRC:3076146323
[W][13:55:53.291156] mod.rtp-sink | [         audio.c:  553 rtp_audio_process_capture()] timestamp: expected 128 != actual 0
[I][13:55:53.291162] mod.rtp-sink | [         audio.c:  567 rtp_audio_process_capture()] (re)sync to timestamp:0 seq:26326 ts_offset:0 SSRC:3076146323
[W][13:55:53.293914] mod.rtp-sink | [         audio.c:  553 rtp_audio_process_capture()] timestamp: expected 128 != actual 0
[I][13:55:53.293922] mod.rtp-sink | [         audio.c:  567 rtp_audio_process_capture()] (re)sync to timestamp:0 seq:26328 ts_offset:0 SSRC:3076146323
[W][13:55:53.296410] mod.rtp-sink | [         audio.c:  553 rtp_audio_process_capture()] timestamp: expected 128 != actual 0
[I][13:55:53.296418] mod.rtp-sink | [         audio.c:  567 rtp_audio_process_capture()] (re)sync to timestamp:0 seq:26330 ts_offset:0 SSRC:3076146323
[W][13:55:53.299163] mod.rtp-sink | [         audio.c:  553 rtp_audio_process_capture()] timestamp: expected 128 != actual 0
[I][13:55:53.299171] mod.rtp-sink | [         audio.c:  567 rtp_audio_process_capture()] (re)sync to timestamp:0 seq:26332 ts_offset:0 SSRC:3076146323
[W][13:55:53.301903] mod.rtp-sink | [         audio.c:  553 rtp_audio_process_capture()] timestamp: expected 128 != actual 0
[I][13:55:53.301910] mod.rtp-sink | [         audio.c:  567 rtp_audio_process_capture()] (re)sync to timestamp:0 seq:26334 ts_offset:0 SSRC:3076146323
[W][13:55:53.304408] mod.rtp-sink | [         audio.c:  553 rtp_audio_process_capture()] timestamp: expected 128 != actual 0
[I][13:55:53.304415] mod.rtp-sink | [         audio.c:  567 rtp_audio_process_capture()] (re)sync to timestamp:0 seq:26336 ts_offset:0 SSRC:3076146323
[W][13:55:53.307157] mod.rtp-sink | [         audio.c:  553 rtp_audio_process_capture()] timestamp: expected 128 != actual 0
[I][13:55:53.307163] mod.rtp-sink | [         audio.c:  567 rtp_audio_process_capture()] (re)sync to timestamp:0 seq:26338 ts_offset:0 SSRC:3076146323
[W][13:55:53.309903] mod.rtp-sink | [         audio.c:  553 rtp_audio_process_capture()] timestamp: expected 128 != actual 0
[I][13:55:53.309912] mod.rtp-sink | [         audio.c:  567 rtp_audio_process_capture()] (re)sync to timestamp:0 seq:26340 ts_offset:0 SSRC:3076146323
[W][13:55:53.312409] mod.rtp-sink | [         audio.c:  553 rtp_audio_process_capture()] timestamp: expected 128 != actual 0
[I][13:55:53.312420] mod.rtp-sink | [         audio.c:  567 rtp_audio_process_capture()] (re)sync to timestamp:0 seq:26342 ts_offset:0 SSRC:3076146323
[W][13:55:53.315168] mod.rtp-sink | [         audio.c:  553 rtp_audio_process_capture()] timestamp: expected 128 != actual 0
[I][13:55:53.315179] mod.rtp-sink | [         audio.c:  567 rtp_audio_process_capture()] (re)sync to timestamp:0 seq:26344 ts_offset:0 SSRC:3076146323
[W][13:55:53.317898] mod.rtp-sink | [         audio.c:  553 rtp_audio_process_capture()] timestamp: expected 128 != actual 0
[I][13:55:53.317907] mod.rtp-sink | [         audio.c:  567 rtp_audio_process_capture()] (re)sync to timestamp:0 seq:26346 ts_offset:0 SSRC:3076146323
[W][13:55:53.320395] mod.rtp-sink | [         audio.c:  553 rtp_audio_process_capture()] timestamp: expected 128 != actual 0
[I][13:55:53.320402] mod.rtp-sink | [         audio.c:  567 rtp_audio_process_capture()] (re)sync to timestamp:0 seq:26348 ts_offset:0 SSRC:3076146323
[W][13:55:53.323144] mod.rtp-sink | [         audio.c:  553 rtp_audio_process_capture()] timestamp: expected 128 != actual 0
[I][13:55:53.323151] mod.rtp-sink | [         audio.c:  567 rtp_audio_process_capture()] (re)sync to timestamp:0 seq:26350 ts_offset:0 SSRC:3076146323
[W][13:55:53.325911] mod.rtp-sink | [         audio.c:  553 rtp_audio_process_capture()] timestamp: expected 128 != actual 0
[I][13:55:53.325922] mod.rtp-sink | [         audio.c:  567 rtp_audio_process_capture()] (re)sync to timestamp:0 seq:26352 ts_offset:0 SSRC:3076146323
[W][13:55:53.328396] mod.rtp-sink | [         audio.c:  553 rtp_audio_process_capture()] timestamp: expected 128 != actual 0
[I][13:55:53.328406] mod.rtp-sink | [         audio.c:  567 rtp_audio_process_capture()] (re)sync to timestamp:0 seq:26354 ts_offset:0 SSRC:3076146323
[W][13:55:53.331153] mod.rtp-sink | [         audio.c:  553 rtp_audio_process_capture()] timestamp: expected 128 != actual 0
[I][13:55:53.331164] mod.rtp-sink | [         audio.c:  567 rtp_audio_process_capture()] (re)sync to timestamp:0 seq:26356 ts_offset:0 SSRC:3076146323
[W][13:55:53.333889] mod.rtp-sink | [         audio.c:  553 rtp_audio_process_capture()] timestamp: expected 128 != actual 0
[I][13:55:53.333898] mod.rtp-sink | [         audio.c:  567 rtp_audio_process_capture()] (re)sync to timestamp:0 seq:26358 ts_offset:0 SSRC:3076146323
[W][13:55:53.336389] mod.rtp-sink | [         audio.c:  553 rtp_audio_process_capture()] timestamp: expected 128 != actual 0
[I][13:55:53.336395] mod.rtp-sink | [         audio.c:  567 rtp_audio_process_capture()] (re)sync to timestamp:0 seq:26360 ts_offset:0 SSRC:3076146323
[W][13:55:53.339144] mod.rtp-sink | [         audio.c:  553 rtp_audio_process_capture()] timestamp: expected 128 != actual 0
[I][13:55:53.339152] mod.rtp-sink | [         audio.c:  567 rtp_audio_process_capture()] (re)sync to timestamp:0 seq:26362 ts_offset:0 SSRC:3076146323
[W][13:55:53.341892] mod.rtp-sink | [         audio.c:  553 rtp_audio_process_capture()] timestamp: expected 128 != actual 0
[I][13:55:53.341898] mod.rtp-sink | [         audio.c:  567 rtp_audio_process_capture()] (re)sync to timestamp:0 seq:26364 ts_offset:0 SSRC:3076146323
[W][13:55:53.344401] mod.rtp-sink | [         audio.c:  553 rtp_audio_process_capture()] timestamp: expected 128 != actual 0
[I][13:55:53.344411] mod.rtp-sink | [         audio.c:  567 rtp_audio_process_capture()] (re)sync to timestamp:0 seq:26366 ts_offset:0 SSRC:3076146323
[W][13:55:53.347156] mod.rtp-sink | [         audio.c:  553 rtp_audio_process_capture()] timestamp: expected 128 != actual 0
[I][13:55:53.347171] mod.rtp-sink | [         audio.c:  567 rtp_audio_process_capture()] (re)sync to timestamp:0 seq:26368 ts_offset:0 SSRC:3076146323
[W][13:55:53.349886] mod.rtp-sink | [         audio.c:  553 rtp_audio_process_capture()] timestamp: expected 128 != actual 0
[I][13:55:53.349895] mod.rtp-sink | [         audio.c:  567 rtp_audio_process_capture()] (re)sync to timestamp:0 seq:26370 ts_offset:0 SSRC:3076146323
[W][13:55:53.352381] mod.rtp-sink | [         audio.c:  553 rtp_audio_process_capture()] timestamp: expected 128 != actual 0
[I][13:55:53.352389] mod.rtp-sink | [         audio.c:  567 rtp_audio_process_capture()] (re)sync to timestamp:0 seq:26372 ts_offset:0 SSRC:3076146323
[W][13:55:53.355126] mod.rtp-sink | [         audio.c:  553 rtp_audio_process_capture()] timestamp: expected 128 != actual 0
[I][13:55:53.355132] mod.rtp-sink | [         audio.c:  567 rtp_audio_process_capture()] (re)sync to timestamp:0 seq:26374 ts_offset:0 SSRC:3076146323
[W][13:55:53.357877] mod.rtp-sink | [         audio.c:  553 rtp_audio_process_capture()] timestamp: expected 128 != actual 0
[I][13:55:53.357883] mod.rtp-sink | [         audio.c:  567 rtp_audio_process_capture()] (re)sync to timestamp:0 seq:26376 ts_offset:0 SSRC:3076146323
[W][13:55:53.360389] mod.rtp-sink | [         audio.c:  553 rtp_audio_process_capture()] timestamp: expected 128 != actual 0
[I][13:55:53.360399] mod.rtp-sink | [         audio.c:  567 rtp_audio_process_capture()] (re)sync to timestamp:0 seq:26378 ts_offset:0 SSRC:3076146323
[W][13:55:53.363153] mod.rtp-sink | [         audio.c:  553 rtp_audio_process_capture()] timestamp: expected 128 != actual 0
[I][13:55:53.363170] mod.rtp-sink | [         audio.c:  567 rtp_audio_process_capture()] (re)sync to timestamp:0 seq:26380 ts_offset:0 SSRC:3076146323
[W][13:55:53.365881] mod.rtp-sink | [         audio.c:  553 rtp_audio_process_capture()] timestamp: expected 128 != actual 0
[I][13:55:53.365892] mod.rtp-sink | [         audio.c:  567 rtp_audio_process_capture()] (re)sync to timestamp:0 seq:26382 ts_offset:0 SSRC:3076146323
[W][13:55:53.368381] mod.rtp-sink | [         audio.c:  553 rtp_audio_process_capture()] timestamp: expected 128 != actual 0
[I][13:55:53.368391] mod.rtp-sink | [         audio.c:  567 rtp_audio_process_capture()] (re)sync to timestamp:0 seq:26384 ts_offset:0 SSRC:3076146323
[W][13:55:53.371123] mod.rtp-sink | [         audio.c:  553 rtp_audio_process_capture()] timestamp: expected 128 != actual 0
[I][13:55:53.371130] mod.rtp-sink | [         audio.c:  567 rtp_audio_process_capture()] (re)sync to timestamp:0 seq:26386 ts_offset:0 SSRC:3076146323
[W][13:55:53.373867] mod.rtp-sink | [         audio.c:  553 rtp_audio_process_capture()] timestamp: expected 128 != actual 0
[I][13:55:53.373872] mod.rtp-sink | [         audio.c:  567 rtp_audio_process_capture()] (re)sync to timestamp:0 seq:26388 ts_offset:0 SSRC:3076146323
[W][13:55:53.376377] mod.rtp-sink | [         audio.c:  553 rtp_audio_process_capture()] timestamp: expected 128 != actual 0
[I][13:55:53.376386] mod.rtp-sink | [         audio.c:  567 rtp_audio_process_capture()] (re)sync to timestamp:0 seq:26390 ts_offset:0 SSRC:3076146323
[W][13:55:53.379125] mod.rtp-sink | [         audio.c:  553 rtp_audio_process_capture()] timestamp: expected 128 != actual 0
[I][13:55:53.379144] mod.rtp-sink | [         audio.c:  567 rtp_audio_process_capture()] (re)sync to timestamp:0 seq:26392 ts_offset:0 SSRC:3076146323
[W][13:55:53.381876] mod.rtp-sink | [         audio.c:  553 rtp_audio_process_capture()] timestamp: expected 128 != actual 0
[I][13:55:53.381887] mod.rtp-sink | [         audio.c:  567 rtp_audio_process_capture()] (re)sync to timestamp:0 seq:26394 ts_offset:0 SSRC:3076146323
[W][13:55:53.384366] mod.rtp-sink | [         audio.c:  553 rtp_audio_process_capture()] timestamp: expected 128 != actual 0
[I][13:55:53.384374] mod.rtp-sink | [         audio.c:  567 rtp_audio_process_capture()] (re)sync to timestamp:0 seq:26396 ts_offset:0 SSRC:3076146323
[W][13:55:53.387111] mod.rtp-sink | [         audio.c:  553 rtp_audio_process_capture()] timestamp: expected 128 != actual 0
[I][13:55:53.387117] mod.rtp-sink | [         audio.c:  567 rtp_audio_process_capture()] (re)sync to timestamp:0 seq:26398 ts_offset:0 SSRC:3076146323
[W][13:55:53.389869] mod.rtp-sink | [         audio.c:  553 rtp_audio_process_capture()] timestamp: expected 128 != actual 0
[I][13:55:53.389876] mod.rtp-sink | [         audio.c:  567 rtp_audio_process_capture()] (re)sync to timestamp:0 seq:26400 ts_offset:0 SSRC:3076146323
[W][13:55:53.392368] mod.rtp-sink | [         audio.c:  553 rtp_audio_process_capture()] timestamp: expected 128 != actual 0
[I][13:55:53.392376] mod.rtp-sink | [         audio.c:  567 rtp_audio_process_capture()] (re)sync to timestamp:0 seq:26402 ts_offset:0 SSRC:3076146323
[W][13:55:53.395118] mod.rtp-sink | [         audio.c:  553 rtp_audio_process_capture()] timestamp: expected 128 != actual 0
[I][13:55:53.395129] mod.rtp-sink | [         audio.c:  567 rtp_audio_process_capture()] (re)sync to timestamp:0 seq:26404 ts_offset:0 SSRC:3076146323
[W][13:55:53.397872] mod.rtp-sink | [         audio.c:  553 rtp_audio_process_capture()] timestamp: expected 128 != actual 0
[I][13:55:53.397883] mod.rtp-sink | [         audio.c:  567 rtp_audio_process_capture()] (re)sync to timestamp:0 seq:26406 ts_offset:0 SSRC:3076146323
[W][13:55:53.400359] mod.rtp-sink | [         audio.c:  553 rtp_audio_process_capture()] timestamp: expected 128 != actual 0
[I][13:55:53.400370] mod.rtp-sink | [         audio.c:  567 rtp_audio_process_capture()] (re)sync to timestamp:0 seq:26408 ts_offset:0 SSRC:3076146323
[W][13:55:53.403106] mod.rtp-sink | [         audio.c:  553 rtp_audio_process_capture()] timestamp: expected 128 != actual 0
[I][13:55:53.403111] mod.rtp-sink | [         audio.c:  567 rtp_audio_process_capture()] (re)sync to timestamp:0 seq:26410 ts_offset:0 SSRC:3076146323
[W][13:55:53.405852] mod.rtp-sink | [         audio.c:  553 rtp_audio_process_capture()] timestamp: expected 128 != actual 0
[I][13:55:53.405857] mod.rtp-sink | [         audio.c:  567 rtp_audio_process_capture()] (re)sync to timestamp:0 seq:26412 ts_offset:0 SSRC:3076146323
[W][13:55:53.408358] mod.rtp-sink | [         audio.c:  553 rtp_audio_process_capture()] timestamp: expected 128 != actual 0
[I][13:55:53.408363] mod.rtp-sink | [         audio.c:  567 rtp_audio_process_capture()] (re)sync to timestamp:0 seq:26414 ts_offset:0 SSRC:3076146323
[W][13:55:53.411112] mod.rtp-sink | [         audio.c:  553 rtp_audio_process_capture()] timestamp: expected 128 != actual 0
[I][13:55:53.411123] mod.rtp-sink | [         audio.c:  567 rtp_audio_process_capture()] (re)sync to timestamp:0 seq:26416 ts_offset:0 SSRC:3076146323
[W][13:55:53.413859] mod.rtp-sink | [         audio.c:  553 rtp_audio_process_capture()] timestamp: expected 128 != actual 0
[I][13:55:53.413871] mod.rtp-sink | [         audio.c:  567 rtp_audio_process_capture()] (re)sync to timestamp:0 seq:26418 ts_offset:0 SSRC:3076146323
[W][13:55:53.416608] mod.rtp-sink | [         audio.c:  553 rtp_audio_process_capture()] timestamp: expected 128 != actual 0
[I][13:55:53.416616] mod.rtp-sink | [         audio.c:  567 rtp_audio_process_capture()] (re)sync to timestamp:0 seq:26420 ts_offset:0 SSRC:3076146323
[W][13:55:53.419100] mod.rtp-sink | [         audio.c:  553 rtp_audio_process_capture()] timestamp: expected 128 != actual 0
[I][13:55:53.419104] mod.rtp-sink | [         audio.c:  567 rtp_audio_process_capture()] (re)sync to timestamp:0 seq:26422 ts_offset:0 SSRC:3076146323
[W][13:55:53.421849] mod.rtp-sink | [         audio.c:  553 rtp_audio_process_capture()] timestamp: expected 128 != actual 0
[I][13:55:53.421856] mod.rtp-sink | [         audio.c:  567 rtp_audio_process_capture()] (re)sync to timestamp:0 seq:26424 ts_offset:0 SSRC:3076146323
[W][13:55:53.424601] mod.rtp-sink | [         audio.c:  553 rtp_audio_process_capture()] timestamp: expected 128 != actual 0
[I][13:55:53.424607] mod.rtp-sink | [         audio.c:  567 rtp_audio_process_capture()] (re)sync to timestamp:0 seq:26426 ts_offset:0 SSRC:3076146323
[W][13:55:53.427111] mod.rtp-sink | [         audio.c:  553 rtp_audio_process_capture()] timestamp: expected 128 != actual 0
[I][13:55:53.427124] mod.rtp-sink | [         audio.c:  567 rtp_audio_process_capture()] (re)sync to timestamp:0 seq:26428 ts_offset:0 SSRC:3076146323
[W][13:55:53.429854] mod.rtp-sink | [         audio.c:  553 rtp_audio_process_capture()] timestamp: expected 128 != actual 0
[I][13:55:53.429865] mod.rtp-sink | [         audio.c:  567 rtp_audio_process_capture()] (re)sync to timestamp:0 seq:26430 ts_offset:0 SSRC:3076146323
[W][13:55:53.432605] mod.rtp-sink | [         audio.c:  553 rtp_audio_process_capture()] timestamp: expected 128 != actual 0
[I][13:55:53.432615] mod.rtp-sink | [         audio.c:  567 rtp_audio_process_capture()] (re)sync to timestamp:0 seq:26432 ts_offset:0 SSRC:3076146323
[W][13:55:53.435095] mod.rtp-sink | [         audio.c:  553 rtp_audio_process_capture()] timestamp: expected 128 != actual 0
[I][13:55:53.435102] mod.rtp-sink | [         audio.c:  567 rtp_audio_process_capture()] (re)sync to timestamp:0 seq:26434 ts_offset:0 SSRC:3076146323
[W][13:55:53.437840] mod.rtp-sink | [         audio.c:  553 rtp_audio_process_capture()] timestamp: expected 128 != actual 0
[I][13:55:53.437845] mod.rtp-sink | [         audio.c:  567 rtp_audio_process_capture()] (re)sync to timestamp:0 seq:26436 ts_offset:0 SSRC:3076146323
[W][13:55:53.440589] mod.rtp-sink | [         audio.c:  553 rtp_audio_process_capture()] timestamp: expected 128 != actual 0
[I][13:55:53.440593] mod.rtp-sink | [         audio.c:  567 rtp_audio_process_capture()] (re)sync to timestamp:0 seq:26438 ts_offset:0 SSRC:3076146323
[W][13:55:53.443106] mod.rtp-sink | [         audio.c:  553 rtp_audio_process_capture()] timestamp: expected 128 != actual 0
[I][13:55:53.443116] mod.rtp-sink | [         audio.c:  567 rtp_audio_process_capture()] (re)sync to timestamp:0 seq:26440 ts_offset:0 SSRC:3076146323
[W][13:55:53.445845] mod.rtp-sink | [         audio.c:  553 rtp_audio_process_capture()] timestamp: expected 128 != actual 0
[I][13:55:53.445856] mod.rtp-sink | [         audio.c:  567 rtp_audio_process_capture()] (re)sync to timestamp:0 seq:26442 ts_offset:0 SSRC:3076146323
[W][13:55:53.448594] mod.rtp-sink | [         audio.c:  553 rtp_audio_process_capture()] timestamp: expected 128 != actual 0
[I][13:55:53.448603] mod.rtp-sink | [         audio.c:  567 rtp_audio_process_capture()] (re)sync to timestamp:0 seq:26444 ts_offset:0 SSRC:3076146323
[W][13:55:53.451090] mod.rtp-sink | [         audio.c:  553 rtp_audio_process_capture()] timestamp: expected 128 != actual 0
[I][13:55:53.451097] mod.rtp-sink | [         audio.c:  567 rtp_audio_process_capture()] (re)sync to timestamp:0 seq:26446 ts_offset:0 SSRC:3076146323
[W][13:55:53.453841] mod.rtp-sink | [         audio.c:  553 rtp_audio_process_capture()] timestamp: expected 128 != actual 0
[I][13:55:53.453848] mod.rtp-sink | [         audio.c:  567 rtp_audio_process_capture()] (re)sync to timestamp:0 seq:26448 ts_offset:0 SSRC:3076146323
[W][13:55:53.456583] mod.rtp-sink | [         audio.c:  553 rtp_audio_process_capture()] timestamp: expected 128 != actual 0
[I][13:55:53.456588] mod.rtp-sink | [         audio.c:  567 rtp_audio_process_capture()] (re)sync to timestamp:0 seq:26450 ts_offset:0 SSRC:3076146323
[W][13:55:53.459084] mod.rtp-sink | [         audio.c:  553 rtp_audio_process_capture()] timestamp: expected 128 != actual 0
[I][13:55:53.459092] mod.rtp-sink | [         audio.c:  567 rtp_audio_process_capture()] (re)sync to timestamp:0 seq:26452 ts_offset:0 SSRC:3076146323
[W][13:55:53.461838] mod.rtp-sink | [         audio.c:  553 rtp_audio_process_capture()] timestamp: expected 128 != actual 0
[I][13:55:53.461848] mod.rtp-sink | [         audio.c:  567 rtp_audio_process_capture()] (re)sync to timestamp:0 seq:26454 ts_offset:0 SSRC:3076146323
[W][13:55:53.464582] mod.rtp-sink | [         audio.c:  553 rtp_audio_process_capture()] timestamp: expected 128 != actual 0
[I][13:55:53.464592] mod.rtp-sink | [         audio.c:  567 rtp_audio_process_capture()] (re)sync to timestamp:0 seq:26456 ts_offset:0 SSRC:3076146323
[W][13:55:53.467080] mod.rtp-sink | [         audio.c:  553 rtp_audio_process_capture()] timestamp: expected 128 != actual 0
[I][13:55:53.467091] mod.rtp-sink | [         audio.c:  567 rtp_audio_process_capture()] (re)sync to timestamp:0 seq:26458 ts_offset:0 SSRC:3076146323
[W][13:55:53.469825] mod.rtp-sink | [         audio.c:  553 rtp_audio_process_capture()] timestamp: expected 128 != actual 0
[I][13:55:53.469831] mod.rtp-sink | [         audio.c:  567 rtp_audio_process_capture()] (re)sync to timestamp:0 seq:26460 ts_offset:0 SSRC:3076146323
[W][13:55:53.472575] mod.rtp-sink | [         audio.c:  553 rtp_audio_process_capture()] timestamp: expected 128 != actual 0
[I][13:55:53.472581] mod.rtp-sink | [         audio.c:  567 rtp_audio_process_capture()] (re)sync to timestamp:0 seq:26462 ts_offset:0 SSRC:3076146323
[W][13:55:53.475080] mod.rtp-sink | [         audio.c:  553 rtp_audio_process_capture()] timestamp: expected 128 != actual 0
[I][13:55:53.475088] mod.rtp-sink | [         audio.c:  567 rtp_audio_process_capture()] (re)sync to timestamp:0 seq:26464 ts_offset:0 SSRC:3076146323
[W][13:55:53.477828] mod.rtp-sink | [         audio.c:  553 rtp_audio_process_capture()] timestamp: expected 128 != actual 0
[I][13:55:53.477837] mod.rtp-sink | [         audio.c:  567 rtp_audio_process_capture()] (re)sync to timestamp:0 seq:26466 ts_offset:0 SSRC:3076146323
[W][13:55:53.480575] mod.rtp-sink | [         audio.c:  553 rtp_audio_process_capture()] timestamp: expected 128 != actual 0
[I][13:55:53.480582] mod.rtp-sink | [         audio.c:  567 rtp_audio_process_capture()] (re)sync to timestamp:0 seq:26468 ts_offset:0 SSRC:3076146323
[W][13:55:53.483075] mod.rtp-sink | [         audio.c:  553 rtp_audio_process_capture()] timestamp: expected 128 != actual 0
[I][13:55:53.483082] mod.rtp-sink | [         audio.c:  567 rtp_audio_process_capture()] (re)sync to timestamp:0 seq:26470 ts_offset:0 SSRC:3076146323
[W][13:55:53.485821] mod.rtp-sink | [         audio.c:  553 rtp_audio_process_capture()] timestamp: expected 128 != actual 0
[I][13:55:53.485828] mod.rtp-sink | [         audio.c:  567 rtp_audio_process_capture()] (re)sync to timestamp:0 seq:26472 ts_offset:0 SSRC:3076146323
[W][13:55:53.488570] mod.rtp-sink | [         audio.c:  553 rtp_audio_process_capture()] timestamp: expected 128 != actual 0
[I][13:55:53.488577] mod.rtp-sink | [         audio.c:  567 rtp_audio_process_capture()] (re)sync to timestamp:0 seq:26474 ts_offset:0 SSRC:3076146323
[W][13:55:53.491066] mod.rtp-sink | [         audio.c:  553 rtp_audio_process_capture()] timestamp: expected 128 != actual 0
[I][13:55:53.491073] mod.rtp-sink | [         audio.c:  567 rtp_audio_process_capture()] (re)sync to timestamp:0 seq:26476 ts_offset:0 SSRC:3076146323
[W][13:55:53.493825] mod.rtp-sink | [         audio.c:  553 rtp_audio_process_capture()] timestamp: expected 128 != actual 0
[I][13:55:53.493835] mod.rtp-sink | [         audio.c:  567 rtp_audio_process_capture()] (re)sync to timestamp:0 seq:26478 ts_offset:0 SSRC:3076146323
[W][13:55:53.496579] mod.rtp-sink | [         audio.c:  553 rtp_audio_process_capture()] timestamp: expected 128 != actual 0
[I][13:55:53.496591] mod.rtp-sink | [         audio.c:  567 rtp_audio_process_capture()] (re)sync to timestamp:0 seq:26480 ts_offset:0 SSRC:3076146323
[W][13:55:53.499066] mod.rtp-sink | [         audio.c:  553 rtp_audio_process_capture()] timestamp: expected 128 != actual 0
[I][13:55:53.499076] mod.rtp-sink | [         audio.c:  567 rtp_audio_process_capture()] (re)sync to timestamp:0 seq:26482 ts_offset:0 SSRC:3076146323
[W][13:55:53.501812] mod.rtp-sink | [         audio.c:  553 rtp_audio_process_capture()] timestamp: expected 128 != actual 0
[I][13:55:53.501819] mod.rtp-sink | [         audio.c:  567 rtp_audio_process_capture()] (re)sync to timestamp:0 seq:26484 ts_offset:0 SSRC:3076146323
[W][13:55:53.504564] mod.rtp-sink | [         audio.c:  553 rtp_audio_process_capture()] timestamp: expected 128 != actual 0
[I][13:55:53.504570] mod.rtp-sink | [         audio.c:  567 rtp_audio_process_capture()] (re)sync to timestamp:0 seq:26486 ts_offset:0 SSRC:3076146323
[W][13:55:53.507061] mod.rtp-sink | [         audio.c:  553 rtp_audio_process_capture()] timestamp: expected 128 != actual 0
[I][13:55:53.507067] mod.rtp-sink | [         audio.c:  567 rtp_audio_process_capture()] (re)sync to timestamp:0 seq:26488 ts_offset:0 SSRC:3076146323
[W][13:55:53.509819] mod.rtp-sink | [         audio.c:  553 rtp_audio_process_capture()] timestamp: expected 128 != actual 0
[I][13:55:53.509830] mod.rtp-sink | [         audio.c:  567 rtp_audio_process_capture()] (re)sync to timestamp:0 seq:26490 ts_offset:0 SSRC:3076146323
[W][13:55:53.512571] mod.rtp-sink | [         audio.c:  553 rtp_audio_process_capture()] timestamp: expected 128 != actual 0
[I][13:55:53.512584] mod.rtp-sink | [         audio.c:  567 rtp_audio_process_capture()] (re)sync to timestamp:0 seq:26492 ts_offset:0 SSRC:3076146323
[W][13:55:53.515067] mod.rtp-sink | [         audio.c:  553 rtp_audio_process_capture()] timestamp: expected 128 != actual 0
[I][13:55:53.515083] mod.rtp-sink | [         audio.c:  567 rtp_audio_process_capture()] (re)sync to timestamp:0 seq:26494 ts_offset:0 SSRC:3076146323
[W][13:55:53.517808] mod.rtp-sink | [         audio.c:  553 rtp_audio_process_capture()] timestamp: expected 128 != actual 0
[I][13:55:53.517817] mod.rtp-sink | [         audio.c:  567 rtp_audio_process_capture()] (re)sync to timestamp:0 seq:26496 ts_offset:0 SSRC:3076146323
[W][13:55:53.520554] mod.rtp-sink | [         audio.c:  553 rtp_audio_process_capture()] timestamp: expected 128 != actual 0
[I][13:55:53.520560] mod.rtp-sink | [         audio.c:  567 rtp_audio_process_capture()] (re)sync to timestamp:0 seq:26498 ts_offset:0 SSRC:3076146323
[W][13:55:53.523051] mod.rtp-sink | [         audio.c:  553 rtp_audio_process_capture()] timestamp: expected 128 != actual 0
[I][13:55:53.523057] mod.rtp-sink | [         audio.c:  567 rtp_audio_process_capture()] (re)sync to timestamp:0 seq:26500 ts_offset:0 SSRC:3076146323
[W][13:55:53.525801] mod.rtp-sink | [         audio.c:  553 rtp_audio_process_capture()] timestamp: expected 128 != actual 0
[I][13:55:53.525807] mod.rtp-sink | [         audio.c:  567 rtp_audio_process_capture()] (re)sync to timestamp:0 seq:26502 ts_offset:0 SSRC:3076146323
[W][13:55:53.528562] mod.rtp-sink | [         audio.c:  553 rtp_audio_process_capture()] timestamp: expected 128 != actual 0
[I][13:55:53.528572] mod.rtp-sink | [         audio.c:  567 rtp_audio_process_capture()] (re)sync to timestamp:0 seq:26504 ts_offset:0 SSRC:3076146323
[W][13:55:53.531052] mod.rtp-sink | [         audio.c:  553 rtp_audio_process_capture()] timestamp: expected 128 != actual 0
[I][13:55:53.531064] mod.rtp-sink | [         audio.c:  567 rtp_audio_process_capture()] (re)sync to timestamp:0 seq:26506 ts_offset:0 SSRC:3076146323
[W][13:55:53.533798] mod.rtp-sink | [         audio.c:  553 rtp_audio_process_capture()] timestamp: expected 128 != actual 0
[I][13:55:53.533807] mod.rtp-sink | [         audio.c:  567 rtp_audio_process_capture()] (re)sync to timestamp:0 seq:26508 ts_offset:0 SSRC:3076146323
[W][13:55:53.536547] mod.rtp-sink | [         audio.c:  553 rtp_audio_process_capture()] timestamp: expected 128 != actual 0
[I][13:55:53.536554] mod.rtp-sink | [         audio.c:  567 rtp_audio_process_capture()] (re)sync to timestamp:0 seq:26510 ts_offset:0 SSRC:3076146323
[W][13:55:53.539048] mod.rtp-sink | [         audio.c:  553 rtp_audio_process_capture()] timestamp: expected 128 != actual 0
[I][13:55:53.539055] mod.rtp-sink | [         audio.c:  567 rtp_audio_process_capture()] (re)sync to timestamp:0 seq:26512 ts_offset:0 SSRC:3076146323
[W][13:55:53.541793] mod.rtp-sink | [         audio.c:  553 rtp_audio_process_capture()] timestamp: expected 128 != actual 0
[I][13:55:53.541801] mod.rtp-sink | [         audio.c:  567 rtp_audio_process_capture()] (re)sync to timestamp:0 seq:26514 ts_offset:0 SSRC:3076146323
[W][13:55:53.544546] mod.rtp-sink | [         audio.c:  553 rtp_audio_process_capture()] timestamp: expected 128 != actual 0
[I][13:55:53.544553] mod.rtp-sink | [         audio.c:  567 rtp_audio_process_capture()] (re)sync to timestamp:0 seq:26516 ts_offset:0 SSRC:3076146323
[W][13:55:53.547049] mod.rtp-sink | [         audio.c:  553 rtp_audio_process_capture()] timestamp: expected 128 != actual 0
[I][13:55:53.547059] mod.rtp-sink | [         audio.c:  567 rtp_audio_process_capture()] (re)sync to timestamp:0 seq:26518 ts_offset:0 SSRC:3076146323
[W][13:55:53.549793] mod.rtp-sink | [         audio.c:  553 rtp_audio_process_capture()] timestamp: expected 128 != actual 0
[I][13:55:53.549803] mod.rtp-sink | [         audio.c:  567 rtp_audio_process_capture()] (re)sync to timestamp:0 seq:26520 ts_offset:0 SSRC:3076146323
[W][13:55:53.552539] mod.rtp-sink | [         audio.c:  553 rtp_audio_process_capture()] timestamp: expected 128 != actual 0
[I][13:55:53.552545] mod.rtp-sink | [         audio.c:  567 rtp_audio_process_capture()] (re)sync to timestamp:0 seq:26522 ts_offset:0 SSRC:3076146323
[W][13:55:53.555041] mod.rtp-sink | [         audio.c:  553 rtp_audio_process_capture()] timestamp: expected 128 != actual 0
[I][13:55:53.555047] mod.rtp-sink | [         audio.c:  567 rtp_audio_process_capture()] (re)sync to timestamp:0 seq:26524 ts_offset:0 SSRC:3076146323
[W][13:55:53.557784] mod.rtp-sink | [         audio.c:  553 rtp_audio_process_capture()] timestamp: expected 128 != actual 0
[I][13:55:53.557790] mod.rtp-sink | [         audio.c:  567 rtp_audio_process_capture()] (re)sync to timestamp:0 seq:26526 ts_offset:0 SSRC:3076146323
[W][13:55:53.560547] mod.rtp-sink | [         audio.c:  553 rtp_audio_process_capture()] timestamp: expected 128 != actual 0
[I][13:55:53.560559] mod.rtp-sink | [         audio.c:  567 rtp_audio_process_capture()] (re)sync to timestamp:0 seq:26528 ts_offset:0 SSRC:3076146323
[W][13:55:53.563048] mod.rtp-sink | [         audio.c:  553 rtp_audio_process_capture()] timestamp: expected 128 != actual 0
[I][13:55:53.563062] mod.rtp-sink | [         audio.c:  567 rtp_audio_process_capture()] (re)sync to timestamp:0 seq:26530 ts_offset:0 SSRC:3076146323
[W][13:55:53.565789] mod.rtp-sink | [         audio.c:  553 rtp_audio_process_capture()] timestamp: expected 128 != actual 0
[I][13:55:53.565798] mod.rtp-sink | [         audio.c:  567 rtp_audio_process_capture()] (re)sync to timestamp:0 seq:26532 ts_offset:0 SSRC:3076146323
[W][13:55:53.568533] mod.rtp-sink | [         audio.c:  553 rtp_audio_process_capture()] timestamp: expected 128 != actual 0
[I][13:55:53.568539] mod.rtp-sink | [         audio.c:  567 rtp_audio_process_capture()] (re)sync to timestamp:0 seq:26534 ts_offset:0 SSRC:3076146323
[W][13:55:53.571030] mod.rtp-sink | [         audio.c:  553 rtp_audio_process_capture()] timestamp: expected 128 != actual 0
[I][13:55:53.571036] mod.rtp-sink | [         audio.c:  567 rtp_audio_process_capture()] (re)sync to timestamp:0 seq:26536 ts_offset:0 SSRC:3076146323
[W][13:55:53.573776] mod.rtp-sink | [         audio.c:  553 rtp_audio_process_capture()] timestamp: expected 128 != actual 0
[I][13:55:53.573781] mod.rtp-sink | [         audio.c:  567 rtp_audio_process_capture()] (re)sync to timestamp:0 seq:26538 ts_offset:0 SSRC:3076146323
[W][13:55:53.576540] mod.rtp-sink | [         audio.c:  553 rtp_audio_process_capture()] timestamp: expected 128 != actual 0
[I][13:55:53.576550] mod.rtp-sink | [         audio.c:  567 rtp_audio_process_capture()] (re)sync to timestamp:0 seq:26540 ts_offset:0 SSRC:3076146323
[W][13:55:53.579033] mod.rtp-sink | [         audio.c:  553 rtp_audio_process_capture()] timestamp: expected 128 != actual 0
[I][13:55:53.579044] mod.rtp-sink | [         audio.c:  567 rtp_audio_process_capture()] (re)sync to timestamp:0 seq:26542 ts_offset:0 SSRC:3076146323
[W][13:55:53.581787] mod.rtp-sink | [         audio.c:  553 rtp_audio_process_capture()] timestamp: expected 128 != actual 0
[I][13:55:53.581798] mod.rtp-sink | [         audio.c:  567 rtp_audio_process_capture()] (re)sync to timestamp:0 seq:26544 ts_offset:0 SSRC:3076146323
[W][13:55:53.584526] mod.rtp-sink | [         audio.c:  553 rtp_audio_process_capture()] timestamp: expected 128 != actual 0
[I][13:55:53.584534] mod.rtp-sink | [         audio.c:  567 rtp_audio_process_capture()] (re)sync to timestamp:0 seq:26546 ts_offset:0 SSRC:3076146323
[W][13:55:53.587024] mod.rtp-sink | [         audio.c:  553 rtp_audio_process_capture()] timestamp: expected 128 != actual 0
[I][13:55:53.587031] mod.rtp-sink | [         audio.c:  567 rtp_audio_process_capture()] (re)sync to timestamp:0 seq:26548 ts_offset:0 SSRC:3076146323
[W][13:55:53.589769] mod.rtp-sink | [         audio.c:  553 rtp_audio_process_capture()] timestamp: expected 128 != actual 0
[I][13:55:53.589775] mod.rtp-sink | [         audio.c:  567 rtp_audio_process_capture()] (re)sync to timestamp:0 seq:26550 ts_offset:0 SSRC:3076146323
[W][13:55:53.592529] mod.rtp-sink | [         audio.c:  553 rtp_audio_process_capture()] timestamp: expected 128 != actual 0
[I][13:55:53.592536] mod.rtp-sink | [         audio.c:  567 rtp_audio_process_capture()] (re)sync to timestamp:0 seq:26552 ts_offset:0 SSRC:3076146323
[W][13:55:53.595280] mod.rtp-sink | [         audio.c:  553 rtp_audio_process_capture()] timestamp: expected 128 != actual 0
[I][13:55:53.595291] mod.rtp-sink | [         audio.c:  567 rtp_audio_process_capture()] (re)sync to timestamp:0 seq:26554 ts_offset:0 SSRC:3076146323
[W][13:55:53.597775] mod.rtp-sink | [         audio.c:  553 rtp_audio_process_capture()] timestamp: expected 128 != actual 0
[I][13:55:53.597785] mod.rtp-sink | [         audio.c:  567 rtp_audio_process_capture()] (re)sync to timestamp:0 seq:26556 ts_offset:0 SSRC:3076146323
[W][13:55:53.600522] mod.rtp-sink | [         audio.c:  553 rtp_audio_process_capture()] timestamp: expected 128 != actual 0
[I][13:55:53.600531] mod.rtp-sink | [         audio.c:  567 rtp_audio_process_capture()] (re)sync to timestamp:0 seq:26558 ts_offset:0 SSRC:3076146323
[W][13:55:53.603268] mod.rtp-sink | [         audio.c:  553 rtp_audio_process_capture()] timestamp: expected 128 != actual 0
[I][13:55:53.603276] mod.rtp-sink | [         audio.c:  567 rtp_audio_process_capture()] (re)sync to timestamp:0 seq:26560 ts_offset:0 SSRC:3076146323
[W][13:55:53.605765] mod.rtp-sink | [         audio.c:  553 rtp_audio_process_capture()] timestamp: expected 128 != actual 0
[I][13:55:53.605772] mod.rtp-sink | [         audio.c:  567 rtp_audio_process_capture()] (re)sync to timestamp:0 seq:26562 ts_offset:0 SSRC:3076146323
[W][13:55:53.608512] mod.rtp-sink | [         audio.c:  553 rtp_audio_process_capture()] timestamp: expected 128 != actual 0
[I][13:55:53.608519] mod.rtp-sink | [         audio.c:  567 rtp_audio_process_capture()] (re)sync to timestamp:0 seq:26564 ts_offset:0 SSRC:3076146323
[W][13:55:53.611271] mod.rtp-sink | [         audio.c:  553 rtp_audio_process_capture()] timestamp: expected 128 != actual 0
[I][13:55:53.611280] mod.rtp-sink | [         audio.c:  567 rtp_audio_process_capture()] (re)sync to timestamp:0 seq:26566 ts_offset:0 SSRC:3076146323
[W][13:55:53.613765] mod.rtp-sink | [         audio.c:  553 rtp_audio_process_capture()] timestamp: expected 128 != actual 0
[I][13:55:53.613774] mod.rtp-sink | [         audio.c:  567 rtp_audio_process_capture()] (re)sync to timestamp:0 seq:26568 ts_offset:0 SSRC:3076146323
[W][13:55:53.616509] mod.rtp-sink | [         audio.c:  553 rtp_audio_process_capture()] timestamp: expected 128 != actual 0
[I][13:55:53.616516] mod.rtp-sink | [         audio.c:  567 rtp_audio_process_capture()] (re)sync to timestamp:0 seq:26570 ts_offset:0 SSRC:3076146323
[W][13:55:53.619259] mod.rtp-sink | [         audio.c:  553 rtp_audio_process_capture()] timestamp: expected 128 != actual 0
[I][13:55:53.619266] mod.rtp-sink | [         audio.c:  567 rtp_audio_process_capture()] (re)sync to timestamp:0 seq:26572 ts_offset:0 SSRC:3076146323
[W][13:55:53.621756] mod.rtp-sink | [         audio.c:  553 rtp_audio_process_capture()] timestamp: expected 128 != actual 0
[I][13:55:53.621762] mod.rtp-sink | [         audio.c:  567 rtp_audio_process_capture()] (re)sync to timestamp:0 seq:26574 ts_offset:0 SSRC:3076146323
[W][13:55:53.624509] mod.rtp-sink | [         audio.c:  553 rtp_audio_process_capture()] timestamp: expected 128 != actual 0
[I][13:55:53.624516] mod.rtp-sink | [         audio.c:  567 rtp_audio_process_capture()] (re)sync to timestamp:0 seq:26576 ts_offset:0 SSRC:3076146323
[W][13:55:53.627264] mod.rtp-sink | [         audio.c:  553 rtp_audio_process_capture()] timestamp: expected 128 != actual 0
[I][13:55:53.627273] mod.rtp-sink | [         audio.c:  567 rtp_audio_process_capture()] (re)sync to timestamp:0 seq:26578 ts_offset:0 SSRC:3076146323
[W][13:55:53.629769] mod.rtp-sink | [         audio.c:  553 rtp_audio_process_capture()] timestamp: expected 128 != actual 0
[I][13:55:53.629780] mod.rtp-sink | [         audio.c:  567 rtp_audio_process_capture()] (re)sync to timestamp:0 seq:26580 ts_offset:0 SSRC:3076146323
[W][13:55:53.632507] mod.rtp-sink | [         audio.c:  553 rtp_audio_process_capture()] timestamp: expected 128 != actual 0
[I][13:55:53.632515] mod.rtp-sink | [         audio.c:  567 rtp_audio_process_capture()] (re)sync to timestamp:0 seq:26582 ts_offset:0 SSRC:3076146323
[W][13:55:53.635252] mod.rtp-sink | [         audio.c:  553 rtp_audio_process_capture()] timestamp: expected 128 != actual 0
[I][13:55:53.635259] mod.rtp-sink | [         audio.c:  567 rtp_audio_process_capture()] (re)sync to timestamp:0 seq:26584 ts_offset:0 SSRC:3076146323
[W][13:55:53.637755] mod.rtp-sink | [         audio.c:  553 rtp_audio_process_capture()] timestamp: expected 128 != actual 0
[I][13:55:53.637762] mod.rtp-sink | [         audio.c:  567 rtp_audio_process_capture()] (re)sync to timestamp:0 seq:26586 ts_offset:0 SSRC:3076146323
[W][13:55:53.640498] mod.rtp-sink | [         audio.c:  553 rtp_audio_process_capture()] timestamp: expected 128 != actual 0
[I][13:55:53.640504] mod.rtp-sink | [         audio.c:  567 rtp_audio_process_capture()] (re)sync to timestamp:0 seq:26588 ts_offset:0 SSRC:3076146323
[W][13:55:53.643253] mod.rtp-sink | [         audio.c:  553 rtp_audio_process_capture()] timestamp: expected 128 != actual 0
[I][13:55:53.643263] mod.rtp-sink | [         audio.c:  567 rtp_audio_process_capture()] (re)sync to timestamp:0 seq:26590 ts_offset:0 SSRC:3076146323
[W][13:55:53.645761] mod.rtp-sink | [         audio.c:  553 rtp_audio_process_capture()] timestamp: expected 128 != actual 0
[I][13:55:53.645772] mod.rtp-sink | [         audio.c:  567 rtp_audio_process_capture()] (re)sync to timestamp:0 seq:26592 ts_offset:0 SSRC:3076146323
[W][13:55:53.648503] mod.rtp-sink | [         audio.c:  553 rtp_audio_process_capture()] timestamp: expected 128 != actual 0
[I][13:55:53.648512] mod.rtp-sink | [         audio.c:  567 rtp_audio_process_capture()] (re)sync to timestamp:0 seq:26594 ts_offset:0 SSRC:3076146323
[W][13:55:53.651249] mod.rtp-sink | [         audio.c:  553 rtp_audio_process_capture()] timestamp: expected 128 != actual 0
[I][13:55:53.651258] mod.rtp-sink | [         audio.c:  567 rtp_audio_process_capture()] (re)sync to timestamp:0 seq:26596 ts_offset:0 SSRC:3076146323
[W][13:55:53.653744] mod.rtp-sink | [         audio.c:  553 rtp_audio_process_capture()] timestamp: expected 128 != actual 0
[I][13:55:53.653752] mod.rtp-sink | [         audio.c:  567 rtp_audio_process_capture()] (re)sync to timestamp:0 seq:26598 ts_offset:0 SSRC:3076146323
[W][13:55:53.656492] mod.rtp-sink | [         audio.c:  553 rtp_audio_process_capture()] timestamp: expected 128 != actual 0
[I][13:55:53.656498] mod.rtp-sink | [         audio.c:  567 rtp_audio_process_capture()] (re)sync to timestamp:0 seq:26600 ts_offset:0 SSRC:3076146323
[W][13:55:53.659254] mod.rtp-sink | [         audio.c:  553 rtp_audio_process_capture()] timestamp: expected 128 != actual 0
[I][13:55:53.659264] mod.rtp-sink | [         audio.c:  567 rtp_audio_process_capture()] (re)sync to timestamp:0 seq:26602 ts_offset:0 SSRC:3076146323
[W][13:55:53.661748] mod.rtp-sink | [         audio.c:  553 rtp_audio_process_capture()] timestamp: expected 128 != actual 0
[I][13:55:53.661758] mod.rtp-sink | [         audio.c:  567 rtp_audio_process_capture()] (re)sync to timestamp:0 seq:26604 ts_offset:0 SSRC:3076146323
[W][13:55:53.664498] mod.rtp-sink | [         audio.c:  553 rtp_audio_process_capture()] timestamp: expected 128 != actual 0
[I][13:55:53.664510] mod.rtp-sink | [         audio.c:  567 rtp_audio_process_capture()] (re)sync to timestamp:0 seq:26606 ts_offset:0 SSRC:3076146323
[W][13:55:53.667243] mod.rtp-sink | [         audio.c:  553 rtp_audio_process_capture()] timestamp: expected 128 != actual 0
[I][13:55:53.667253] mod.rtp-sink | [         audio.c:  567 rtp_audio_process_capture()] (re)sync to timestamp:0 seq:26608 ts_offset:0 SSRC:3076146323
[W][13:55:53.669735] mod.rtp-sink | [         audio.c:  553 rtp_audio_process_capture()] timestamp: expected 128 != actual 0
[I][13:55:53.669742] mod.rtp-sink | [         audio.c:  567 rtp_audio_process_capture()] (re)sync to timestamp:0 seq:26610 ts_offset:0 SSRC:3076146323
[W][13:55:53.672483] mod.rtp-sink | [         audio.c:  553 rtp_audio_process_capture()] timestamp: expected 128 != actual 0
[I][13:55:53.672488] mod.rtp-sink | [         audio.c:  567 rtp_audio_process_capture()] (re)sync to timestamp:0 seq:26612 ts_offset:0 SSRC:3076146323
[W][13:55:53.675234] mod.rtp-sink | [         audio.c:  553 rtp_audio_process_capture()] timestamp: expected 128 != actual 0
[I][13:55:53.675241] mod.rtp-sink | [         audio.c:  567 rtp_audio_process_capture()] (re)sync to timestamp:0 seq:26614 ts_offset:0 SSRC:3076146323
[W][13:55:53.677744] mod.rtp-sink | [         audio.c:  553 rtp_audio_process_capture()] timestamp: expected 128 != actual 0
[I][13:55:53.677754] mod.rtp-sink | [         audio.c:  567 rtp_audio_process_capture()] (re)sync to timestamp:0 seq:26616 ts_offset:0 SSRC:3076146323
[W][13:55:53.680484] mod.rtp-sink | [         audio.c:  553 rtp_audio_process_capture()] timestamp: expected 128 != actual 0
[I][13:55:53.680495] mod.rtp-sink | [         audio.c:  567 rtp_audio_process_capture()] (re)sync to timestamp:0 seq:26618 ts_offset:0 SSRC:3076146323
[W][13:55:53.683235] mod.rtp-sink | [         audio.c:  553 rtp_audio_process_capture()] timestamp: expected 128 != actual 0
[I][13:55:53.683243] mod.rtp-sink | [         audio.c:  567 rtp_audio_process_capture()] (re)sync to timestamp:0 seq:26620 ts_offset:0 SSRC:3076146323
[W][13:55:53.685726] mod.rtp-sink | [         audio.c:  553 rtp_audio_process_capture()] timestamp: expected 128 != actual 0
[I][13:55:53.685731] mod.rtp-sink | [         audio.c:  567 rtp_audio_process_capture()] (re)sync to timestamp:0 seq:26622 ts_offset:0 SSRC:3076146323
[W][13:55:53.688483] mod.rtp-sink | [         audio.c:  553 rtp_audio_process_capture()] timestamp: expected 128 != actual 0
[I][13:55:53.688489] mod.rtp-sink | [         audio.c:  567 rtp_audio_process_capture()] (re)sync to timestamp:0 seq:26624 ts_offset:0 SSRC:3076146323
[W][13:55:53.691227] mod.rtp-sink | [         audio.c:  553 rtp_audio_process_capture()] timestamp: expected 128 != actual 0
[I][13:55:53.691233] mod.rtp-sink | [         audio.c:  567 rtp_audio_process_capture()] (re)sync to timestamp:0 seq:26626 ts_offset:0 SSRC:3076146323
[W][13:55:53.693746] mod.rtp-sink | [         audio.c:  553 rtp_audio_process_capture()] timestamp: expected 128 != actual 0
[I][13:55:53.693762] mod.rtp-sink | [         audio.c:  567 rtp_audio_process_capture()] (re)sync to timestamp:0 seq:26628 ts_offset:0 SSRC:3076146323
[W][13:55:53.696488] mod.rtp-sink | [         audio.c:  553 rtp_audio_process_capture()] timestamp: expected 128 != actual 0
[I][13:55:53.696500] mod.rtp-sink | [         audio.c:  567 rtp_audio_process_capture()] (re)sync to timestamp:0 seq:26630 ts_offset:0 SSRC:3076146323
[W][13:55:53.699228] mod.rtp-sink | [         audio.c:  553 rtp_audio_process_capture()] timestamp: expected 128 != actual 0
[I][13:55:53.699238] mod.rtp-sink | [         audio.c:  567 rtp_audio_process_capture()] (re)sync to timestamp:0 seq:26632 ts_offset:0 SSRC:3076146323
[W][13:55:53.701723] mod.rtp-sink | [         audio.c:  553 rtp_audio_process_capture()] timestamp: expected 128 != actual 0
[I][13:55:53.701732] mod.rtp-sink | [         audio.c:  567 rtp_audio_process_capture()] (re)sync to timestamp:0 seq:26634 ts_offset:0 SSRC:3076146323
[W][13:55:53.704470] mod.rtp-sink | [         audio.c:  553 rtp_audio_process_capture()] timestamp: expected 128 != actual 0
[I][13:55:53.704477] mod.rtp-sink | [         audio.c:  567 rtp_audio_process_capture()] (re)sync to timestamp:0 seq:26636 ts_offset:0 SSRC:3076146323
[W][13:55:53.707219] mod.rtp-sink | [         audio.c:  553 rtp_audio_process_capture()] timestamp: expected 128 != actual 0
[I][13:55:53.707226] mod.rtp-sink | [         audio.c:  567 rtp_audio_process_capture()] (re)sync to timestamp:0 seq:26638 ts_offset:0 SSRC:3076146323
[W][13:55:53.709731] mod.rtp-sink | [         audio.c:  553 rtp_audio_process_capture()] timestamp: expected 128 != actual 0
[I][13:55:53.709741] mod.rtp-sink | [         audio.c:  567 rtp_audio_process_capture()] (re)sync to timestamp:0 seq:26640 ts_offset:0 SSRC:3076146323
[W][13:55:53.712477] mod.rtp-sink | [         audio.c:  553 rtp_audio_process_capture()] timestamp: expected 128 != actual 0
[I][13:55:53.712490] mod.rtp-sink | [         audio.c:  567 rtp_audio_process_capture()] (re)sync to timestamp:0 seq:26642 ts_offset:0 SSRC:3076146323
[W][13:55:53.715224] mod.rtp-sink | [         audio.c:  553 rtp_audio_process_capture()] timestamp: expected 128 != actual 0
[I][13:55:53.715236] mod.rtp-sink | [         audio.c:  567 rtp_audio_process_capture()] (re)sync to timestamp:0 seq:26644 ts_offset:0 SSRC:3076146323
[W][13:55:53.717715] mod.rtp-sink | [         audio.c:  553 rtp_audio_process_capture()] timestamp: expected 128 != actual 0
[I][13:55:53.717722] mod.rtp-sink | [         audio.c:  567 rtp_audio_process_capture()] (re)sync to timestamp:0 seq:26646 ts_offset:0 SSRC:3076146323
[W][13:55:53.720460] mod.rtp-sink | [         audio.c:  553 rtp_audio_process_capture()] timestamp: expected 128 != actual 0
[I][13:55:53.720465] mod.rtp-sink | [         audio.c:  567 rtp_audio_process_capture()] (re)sync to timestamp:0 seq:26648 ts_offset:0 SSRC:3076146323
[W][13:55:53.723212] mod.rtp-sink | [         audio.c:  553 rtp_audio_process_capture()] timestamp: expected 128 != actual 0
[I][13:55:53.723217] mod.rtp-sink | [         audio.c:  567 rtp_audio_process_capture()] (re)sync to timestamp:0 seq:26650 ts_offset:0 SSRC:3076146323
[W][13:55:53.725720] mod.rtp-sink | [         audio.c:  553 rtp_audio_process_capture()] timestamp: expected 128 != actual 0
[I][13:55:53.725728] mod.rtp-sink | [         audio.c:  567 rtp_audio_process_capture()] (re)sync to timestamp:0 seq:26652 ts_offset:0 SSRC:3076146323
[W][13:55:53.728469] mod.rtp-sink | [         audio.c:  553 rtp_audio_process_capture()] timestamp: expected 128 != actual 0
[I][13:55:53.728481] mod.rtp-sink | [         audio.c:  567 rtp_audio_process_capture()] (re)sync to timestamp:0 seq:26654 ts_offset:0 SSRC:3076146323
[W][13:55:53.731220] mod.rtp-sink | [         audio.c:  553 rtp_audio_process_capture()] timestamp: expected 128 != actual 0
[I][13:55:53.731233] mod.rtp-sink | [         audio.c:  567 rtp_audio_process_capture()] (re)sync to timestamp:0 seq:26656 ts_offset:0 SSRC:3076146323
[W][13:55:53.733712] mod.rtp-sink | [         audio.c:  553 rtp_audio_process_capture()] timestamp: expected 128 != actual 0
[I][13:55:53.733724] mod.rtp-sink | [         audio.c:  567 rtp_audio_process_capture()] (re)sync to timestamp:0 seq:26658 ts_offset:0 SSRC:3076146323
[W][13:55:53.736458] mod.rtp-sink | [         audio.c:  553 rtp_audio_process_capture()] timestamp: expected 128 != actual 0
[I][13:55:53.736469] mod.rtp-sink | [         audio.c:  567 rtp_audio_process_capture()] (re)sync to timestamp:0 seq:26660 ts_offset:0 SSRC:3076146323
[W][13:55:53.739206] mod.rtp-sink | [         audio.c:  553 rtp_audio_process_capture()] timestamp: expected 128 != actual 0
[I][13:55:53.739215] mod.rtp-sink | [         audio.c:  567 rtp_audio_process_capture()] (re)sync to timestamp:0 seq:26662 ts_offset:0 SSRC:3076146323
[W][13:55:53.741705] mod.rtp-sink | [         audio.c:  553 rtp_audio_process_capture()] timestamp: expected 128 != actual 0
[I][13:55:53.741712] mod.rtp-sink | [         audio.c:  567 rtp_audio_process_capture()] (re)sync to timestamp:0 seq:26664 ts_offset:0 SSRC:3076146323
[W][13:55:53.744454] mod.rtp-sink | [         audio.c:  553 rtp_audio_process_capture()] timestamp: expected 128 != actual 0
[I][13:55:53.744461] mod.rtp-sink | [         audio.c:  567 rtp_audio_process_capture()] (re)sync to timestamp:0 seq:26666 ts_offset:0 SSRC:3076146323
[W][13:55:53.747204] mod.rtp-sink | [         audio.c:  553 rtp_audio_process_capture()] timestamp: expected 128 != actual 0
[I][13:55:53.747214] mod.rtp-sink | [         audio.c:  567 rtp_audio_process_capture()] (re)sync to timestamp:0 seq:26668 ts_offset:0 SSRC:3076146323
[W][13:55:53.749701] mod.rtp-sink | [         audio.c:  553 rtp_audio_process_capture()] timestamp: expected 128 != actual 0
[I][13:55:53.749709] mod.rtp-sink | [         audio.c:  567 rtp_audio_process_capture()] (re)sync to timestamp:0 seq:26670 ts_offset:0 SSRC:3076146323
[W][13:55:53.752454] mod.rtp-sink | [         audio.c:  553 rtp_audio_process_capture()] timestamp: expected 128 != actual 0
[I][13:55:53.752461] mod.rtp-sink | [         audio.c:  567 rtp_audio_process_capture()] (re)sync to timestamp:0 seq:26672 ts_offset:0 SSRC:3076146323
[W][13:55:53.755201] mod.rtp-sink | [         audio.c:  553 rtp_audio_process_capture()] timestamp: expected 128 != actual 0
[I][13:55:53.755208] mod.rtp-sink | [         audio.c:  567 rtp_audio_process_capture()] (re)sync to timestamp:0 seq:26674 ts_offset:0 SSRC:3076146323
[W][13:55:53.757695] mod.rtp-sink | [         audio.c:  553 rtp_audio_process_capture()] timestamp: expected 128 != actual 0
[I][13:55:53.757700] mod.rtp-sink | [         audio.c:  567 rtp_audio_process_capture()] (re)sync to timestamp:0 seq:26676 ts_offset:0 SSRC:3076146323
[W][13:55:53.760449] mod.rtp-sink | [         audio.c:  553 rtp_audio_process_capture()] timestamp: expected 128 != actual 0
[I][13:55:53.760459] mod.rtp-sink | [         audio.c:  567 rtp_audio_process_capture()] (re)sync to timestamp:0 seq:26678 ts_offset:0 SSRC:3076146323
[W][13:55:53.763198] mod.rtp-sink | [         audio.c:  553 rtp_audio_process_capture()] timestamp: expected 128 != actual 0
[I][13:55:53.763210] mod.rtp-sink | [         audio.c:  567 rtp_audio_process_capture()] (re)sync to timestamp:0 seq:26680 ts_offset:0 SSRC:3076146323
[W][13:55:53.765946] mod.rtp-sink | [         audio.c:  553 rtp_audio_process_capture()] timestamp: expected 128 != actual 0
[I][13:55:53.765954] mod.rtp-sink | [         audio.c:  567 rtp_audio_process_capture()] (re)sync to timestamp:0 seq:26682 ts_offset:0 SSRC:3076146323
[W][13:55:53.768441] mod.rtp-sink | [         audio.c:  553 rtp_audio_process_capture()] timestamp: expected 128 != actual 0
[I][13:55:53.768447] mod.rtp-sink | [         audio.c:  567 rtp_audio_process_capture()] (re)sync to timestamp:0 seq:26684 ts_offset:0 SSRC:3076146323
[W][13:55:53.771190] mod.rtp-sink | [         audio.c:  553 rtp_audio_process_capture()] timestamp: expected 128 != actual 0
[I][13:55:53.771197] mod.rtp-sink | [         audio.c:  567 rtp_audio_process_capture()] (re)sync to timestamp:0 seq:26686 ts_offset:0 SSRC:3076146323
[W][13:55:53.773698] mod.rtp-sink | [         audio.c:  553 rtp_audio_process_capture()] timestamp: expected 128 != actual 0
[I][13:55:53.773705] mod.rtp-sink | [         audio.c:  567 rtp_audio_process_capture()] (re)sync to timestamp:0 seq:26688 ts_offset:0 SSRC:3076146323
[W][13:55:53.776442] mod.rtp-sink | [         audio.c:  553 rtp_audio_process_capture()] timestamp: expected 128 != actual 0
[I][13:55:53.776455] mod.rtp-sink | [         audio.c:  567 rtp_audio_process_capture()] (re)sync to timestamp:0 seq:26690 ts_offset:0 SSRC:3076146323
[W][13:55:53.779196] mod.rtp-sink | [         audio.c:  553 rtp_audio_process_capture()] timestamp: expected 128 != actual 0
[I][13:55:53.779208] mod.rtp-sink | [         audio.c:  567 rtp_audio_process_capture()] (re)sync to timestamp:0 seq:26692 ts_offset:0 SSRC:3076146323
[W][13:55:53.781938] mod.rtp-sink | [         audio.c:  553 rtp_audio_process_capture()] timestamp: expected 128 != actual 0
[I][13:55:53.781946] mod.rtp-sink | [         audio.c:  567 rtp_audio_process_capture()] (re)sync to timestamp:0 seq:26694 ts_offset:0 SSRC:3076146323
[W][13:55:53.784433] mod.rtp-sink | [         audio.c:  553 rtp_audio_process_capture()] timestamp: expected 128 != actual 0
[I][13:55:53.784441] mod.rtp-sink | [         audio.c:  567 rtp_audio_process_capture()] (re)sync to timestamp:0 seq:26696 ts_offset:0 SSRC:3076146323
[W][13:55:53.787200] mod.rtp-sink | [         audio.c:  553 rtp_audio_process_capture()] timestamp: expected 128 != actual 0
[I][13:55:53.787211] mod.rtp-sink | [         audio.c:  567 rtp_audio_process_capture()] (re)sync to timestamp:0 seq:26698 ts_offset:0 SSRC:3076146323
[W][13:55:53.789945] mod.rtp-sink | [         audio.c:  553 rtp_audio_process_capture()] timestamp: expected 128 != actual 0
[I][13:55:53.789955] mod.rtp-sink | [         audio.c:  567 rtp_audio_process_capture()] (re)sync to timestamp:0 seq:26700 ts_offset:0 SSRC:3076146323
[W][13:55:53.792453] mod.rtp-sink | [         audio.c:  553 rtp_audio_process_capture()] timestamp: expected 128 != actual 0
[I][13:55:53.792467] mod.rtp-sink | [         audio.c:  567 rtp_audio_process_capture()] (re)sync to timestamp:0 seq:26702 ts_offset:0 SSRC:3076146323
[W][13:55:53.795189] mod.rtp-sink | [         audio.c:  553 rtp_audio_process_capture()] timestamp: expected 128 != actual 0
[I][13:55:53.795201] mod.rtp-sink | [         audio.c:  567 rtp_audio_process_capture()] (re)sync to timestamp:0 seq:26704 ts_offset:0 SSRC:3076146323
[W][13:55:53.797943] mod.rtp-sink | [         audio.c:  553 rtp_audio_process_capture()] timestamp: expected 128 != actual 0
[I][13:55:53.797959] mod.rtp-sink | [         audio.c:  567 rtp_audio_process_capture()] (re)sync to timestamp:0 seq:26706 ts_offset:0 SSRC:3076146323
[W][13:55:53.800437] mod.rtp-sink | [         audio.c:  553 rtp_audio_process_capture()] timestamp: expected 128 != actual 0
[I][13:55:53.800451] mod.rtp-sink | [         audio.c:  567 rtp_audio_process_capture()] (re)sync to timestamp:0 seq:26708 ts_offset:0 SSRC:3076146323
[W][13:55:53.803201] mod.rtp-sink | [         audio.c:  553 rtp_audio_process_capture()] timestamp: expected 128 != actual 0
[I][13:55:53.803213] mod.rtp-sink | [         audio.c:  567 rtp_audio_process_capture()] (re)sync to timestamp:0 seq:26710 ts_offset:0 SSRC:3076146323
[W][13:55:53.805929] mod.rtp-sink | [         audio.c:  553 rtp_audio_process_capture()] timestamp: expected 128 != actual 0
[I][13:55:53.805940] mod.rtp-sink | [         audio.c:  567 rtp_audio_process_capture()] (re)sync to timestamp:0 seq:26712 ts_offset:0 SSRC:3076146323
[W][13:55:53.808427] mod.rtp-sink | [         audio.c:  553 rtp_audio_process_capture()] timestamp: expected 128 != actual 0
[I][13:55:53.808436] mod.rtp-sink | [         audio.c:  567 rtp_audio_process_capture()] (re)sync to timestamp:0 seq:26714 ts_offset:0 SSRC:3076146323
[W][13:55:53.811183] mod.rtp-sink | [         audio.c:  553 rtp_audio_process_capture()] timestamp: expected 128 != actual 0
[I][13:55:53.811193] mod.rtp-sink | [         audio.c:  567 rtp_audio_process_capture()] (re)sync to timestamp:0 seq:26716 ts_offset:0 SSRC:3076146323
[W][13:55:53.813927] mod.rtp-sink | [         audio.c:  553 rtp_audio_process_capture()] timestamp: expected 128 != actual 0
[I][13:55:53.813938] mod.rtp-sink | [         audio.c:  567 rtp_audio_process_capture()] (re)sync to timestamp:0 seq:26718 ts_offset:0 SSRC:3076146323
[W][13:55:53.816422] mod.rtp-sink | [         audio.c:  553 rtp_audio_process_capture()] timestamp: expected 128 != actual 0
[I][13:55:53.816431] mod.rtp-sink | [         audio.c:  567 rtp_audio_process_capture()] (re)sync to timestamp:0 seq:26720 ts_offset:0 SSRC:3076146323
[W][13:55:53.819168] mod.rtp-sink | [         audio.c:  553 rtp_audio_process_capture()] timestamp: expected 128 != actual 0
[I][13:55:53.819175] mod.rtp-sink | [         audio.c:  567 rtp_audio_process_capture()] (re)sync to timestamp:0 seq:26722 ts_offset:0 SSRC:3076146323
[W][13:55:53.821917] mod.rtp-sink | [         audio.c:  553 rtp_audio_process_capture()] timestamp: expected 128 != actual 0
[I][13:55:53.821923] mod.rtp-sink | [         audio.c:  567 rtp_audio_process_capture()] (re)sync to timestamp:0 seq:26724 ts_offset:0 SSRC:3076146323
[W][13:55:53.824417] mod.rtp-sink | [         audio.c:  553 rtp_audio_process_capture()] timestamp: expected 128 != actual 0
[I][13:55:53.824423] mod.rtp-sink | [         audio.c:  567 rtp_audio_process_capture()] (re)sync to timestamp:0 seq:26726 ts_offset:0 SSRC:3076146323
[W][13:55:53.827177] mod.rtp-sink | [         audio.c:  553 rtp_audio_process_capture()] timestamp: expected 128 != actual 0
[I][13:55:53.827190] mod.rtp-sink | [         audio.c:  567 rtp_audio_process_capture()] (re)sync to timestamp:0 seq:26728 ts_offset:0 SSRC:3076146323
[W][13:55:53.829926] mod.rtp-sink | [         audio.c:  553 rtp_audio_process_capture()] timestamp: expected 128 != actual 0
[I][13:55:53.829940] mod.rtp-sink | [         audio.c:  567 rtp_audio_process_capture()] (re)sync to timestamp:0 seq:26730 ts_offset:0 SSRC:3076146323
[W][13:55:53.832416] mod.rtp-sink | [         audio.c:  553 rtp_audio_process_capture()] timestamp: expected 128 != actual 0
[I][13:55:53.832426] mod.rtp-sink | [         audio.c:  567 rtp_audio_process_capture()] (re)sync to timestamp:0 seq:26732 ts_offset:0 SSRC:3076146323
[W][13:55:53.835163] mod.rtp-sink | [         audio.c:  553 rtp_audio_process_capture()] timestamp: expected 128 != actual 0
[I][13:55:53.835169] mod.rtp-sink | [         audio.c:  567 rtp_audio_process_capture()] (re)sync to timestamp:0 seq:26734 ts_offset:0 SSRC:3076146323
[W][13:55:53.837914] mod.rtp-sink | [         audio.c:  553 rtp_audio_process_capture()] timestamp: expected 128 != actual 0
[I][13:55:53.837920] mod.rtp-sink | [         audio.c:  567 rtp_audio_process_capture()] (re)sync to timestamp:0 seq:26736 ts_offset:0 SSRC:3076146323
[W][13:55:53.840409] mod.rtp-sink | [         audio.c:  553 rtp_audio_process_capture()] timestamp: expected 128 != actual 0
[I][13:55:53.840416] mod.rtp-sink | [         audio.c:  567 rtp_audio_process_capture()] (re)sync to timestamp:0 seq:26738 ts_offset:0 SSRC:3076146323
[W][13:55:53.843174] mod.rtp-sink | [         audio.c:  553 rtp_audio_process_capture()] timestamp: expected 128 != actual 0
[I][13:55:53.843186] mod.rtp-sink | [         audio.c:  567 rtp_audio_process_capture()] (re)sync to timestamp:0 seq:26740 ts_offset:0 SSRC:3076146323
[W][13:55:53.845917] mod.rtp-sink | [         audio.c:  553 rtp_audio_process_capture()] timestamp: expected 128 != actual 0
[I][13:55:53.845929] mod.rtp-sink | [         audio.c:  567 rtp_audio_process_capture()] (re)sync to timestamp:0 seq:26742 ts_offset:0 SSRC:3076146323
[W][13:55:53.848407] mod.rtp-sink | [         audio.c:  553 rtp_audio_process_capture()] timestamp: expected 128 != actual 0
[I][13:55:53.848414] mod.rtp-sink | [         audio.c:  567 rtp_audio_process_capture()] (re)sync to timestamp:0 seq:26744 ts_offset:0 SSRC:3076146323
[W][13:55:53.851158] mod.rtp-sink | [         audio.c:  553 rtp_audio_process_capture()] timestamp: expected 128 != actual 0
[I][13:55:53.851167] mod.rtp-sink | [         audio.c:  567 rtp_audio_process_capture()] (re)sync to timestamp:0 seq:26746 ts_offset:0 SSRC:3076146323
[W][13:55:53.853905] mod.rtp-sink | [         audio.c:  553 rtp_audio_process_capture()] timestamp: expected 128 != actual 0
[I][13:55:53.853913] mod.rtp-sink | [         audio.c:  567 rtp_audio_process_capture()] (re)sync to timestamp:0 seq:26748 ts_offset:0 SSRC:3076146323
[W][13:55:53.856402] mod.rtp-sink | [         audio.c:  553 rtp_audio_process_capture()] timestamp: expected 128 != actual 0
[I][13:55:53.856408] mod.rtp-sink | [         audio.c:  567 rtp_audio_process_capture()] (re)sync to timestamp:0 seq:26750 ts_offset:0 SSRC:3076146323
[W][13:55:53.859168] mod.rtp-sink | [         audio.c:  553 rtp_audio_process_capture()] timestamp: expected 128 != actual 0
[I][13:55:53.859178] mod.rtp-sink | [         audio.c:  567 rtp_audio_process_capture()] (re)sync to timestamp:0 seq:26752 ts_offset:0 SSRC:3076146323
[W][13:55:53.861909] mod.rtp-sink | [         audio.c:  553 rtp_audio_process_capture()] timestamp: expected 128 != actual 0
[I][13:55:53.861921] mod.rtp-sink | [         audio.c:  567 rtp_audio_process_capture()] (re)sync to timestamp:0 seq:26754 ts_offset:0 SSRC:3076146323
[W][13:55:53.864403] mod.rtp-sink | [         audio.c:  553 rtp_audio_process_capture()] timestamp: expected 128 != actual 0
[I][13:55:53.864415] mod.rtp-sink | [         audio.c:  567 rtp_audio_process_capture()] (re)sync to timestamp:0 seq:26756 ts_offset:0 SSRC:3076146323
[W][13:55:53.867154] mod.rtp-sink | [         audio.c:  553 rtp_audio_process_capture()] timestamp: expected 128 != actual 0
[I][13:55:53.867163] mod.rtp-sink | [         audio.c:  567 rtp_audio_process_capture()] (re)sync to timestamp:0 seq:26758 ts_offset:0 SSRC:3076146323
[W][13:55:53.869894] mod.rtp-sink | [         audio.c:  553 rtp_audio_process_capture()] timestamp: expected 128 != actual 0
[I][13:55:53.869900] mod.rtp-sink | [         audio.c:  567 rtp_audio_process_capture()] (re)sync to timestamp:0 seq:26760 ts_offset:0 SSRC:3076146323
[W][13:55:53.872397] mod.rtp-sink | [         audio.c:  553 rtp_audio_process_capture()] timestamp: expected 128 != actual 0
[I][13:55:53.872403] mod.rtp-sink | [         audio.c:  567 rtp_audio_process_capture()] (re)sync to timestamp:0 seq:26762 ts_offset:0 SSRC:3076146323
[W][13:55:53.875148] mod.rtp-sink | [         audio.c:  553 rtp_audio_process_capture()] timestamp: expected 128 != actual 0
[I][13:55:53.875154] mod.rtp-sink | [         audio.c:  567 rtp_audio_process_capture()] (re)sync to timestamp:0 seq:26764 ts_offset:0 SSRC:3076146323
[W][13:55:53.877910] mod.rtp-sink | [         audio.c:  553 rtp_audio_process_capture()] timestamp: expected 128 != actual 0
[I][13:55:53.877923] mod.rtp-sink | [         audio.c:  567 rtp_audio_process_capture()] (re)sync to timestamp:0 seq:26766 ts_offset:0 SSRC:3076146323
[W][13:55:53.880405] mod.rtp-sink | [         audio.c:  553 rtp_audio_process_capture()] timestamp: expected 128 != actual 0
[I][13:55:53.880416] mod.rtp-sink | [         audio.c:  567 rtp_audio_process_capture()] (re)sync to timestamp:0 seq:26768 ts_offset:0 SSRC:3076146323
[W][13:55:53.883155] mod.rtp-sink | [         audio.c:  553 rtp_audio_process_capture()] timestamp: expected 128 != actual 0
[I][13:55:53.883166] mod.rtp-sink | [         audio.c:  567 rtp_audio_process_capture()] (re)sync to timestamp:0 seq:26770 ts_offset:0 SSRC:3076146323
[W][13:55:53.885888] mod.rtp-sink | [         audio.c:  553 rtp_audio_process_capture()] timestamp: expected 128 != actual 0
[I][13:55:53.885896] mod.rtp-sink | [         audio.c:  567 rtp_audio_process_capture()] (re)sync to timestamp:0 seq:26772 ts_offset:0 SSRC:3076146323
[W][13:55:53.888389] mod.rtp-sink | [         audio.c:  553 rtp_audio_process_capture()] timestamp: expected 128 != actual 0
[I][13:55:53.888396] mod.rtp-sink | [         audio.c:  567 rtp_audio_process_capture()] (re)sync to timestamp:0 seq:26774 ts_offset:0 SSRC:3076146323
[W][13:55:53.891133] mod.rtp-sink | [         audio.c:  553 rtp_audio_process_capture()] timestamp: expected 128 != actual 0
[I][13:55:53.891152] mod.rtp-sink | [         audio.c:  567 rtp_audio_process_capture()] (re)sync to timestamp:0 seq:26776 ts_offset:0 SSRC:3076146323
[W][13:55:53.893898] mod.rtp-sink | [         audio.c:  553 rtp_audio_process_capture()] timestamp: expected 128 != actual 0
[I][13:55:53.893908] mod.rtp-sink | [         audio.c:  567 rtp_audio_process_capture()] (re)sync to timestamp:0 seq:26778 ts_offset:0 SSRC:3076146323
[W][13:55:53.896387] mod.rtp-sink | [         audio.c:  553 rtp_audio_process_capture()] timestamp: expected 128 != actual 0
[I][13:55:53.896396] mod.rtp-sink | [         audio.c:  567 rtp_audio_process_capture()] (re)sync to timestamp:0 seq:26780 ts_offset:0 SSRC:3076146323
[W][13:55:53.899148] mod.rtp-sink | [         audio.c:  553 rtp_audio_process_capture()] timestamp: expected 128 != actual 0
[I][13:55:53.899159] mod.rtp-sink | [         audio.c:  567 rtp_audio_process_capture()] (re)sync to timestamp:0 seq:26782 ts_offset:0 SSRC:3076146323
[W][13:55:53.901883] mod.rtp-sink | [         audio.c:  553 rtp_audio_process_capture()] timestamp: expected 128 != actual 0
[I][13:55:53.901891] mod.rtp-sink | [         audio.c:  567 rtp_audio_process_capture()] (re)sync to timestamp:0 seq:26784 ts_offset:0 SSRC:3076146323
[W][13:55:53.904381] mod.rtp-sink | [         audio.c:  553 rtp_audio_process_capture()] timestamp: expected 128 != actual 0
[I][13:55:53.904388] mod.rtp-sink | [         audio.c:  567 rtp_audio_process_capture()] (re)sync to timestamp:0 seq:26786 ts_offset:0 SSRC:3076146323
[W][13:55:53.907124] mod.rtp-sink | [         audio.c:  553 rtp_audio_process_capture()] timestamp: expected 128 != actual 0
[I][13:55:53.907131] mod.rtp-sink | [         audio.c:  567 rtp_audio_process_capture()] (re)sync to timestamp:0 seq:26788 ts_offset:0 SSRC:3076146323
[W][13:55:53.909887] mod.rtp-sink | [         audio.c:  553 rtp_audio_process_capture()] timestamp: expected 128 != actual 0
[I][13:55:53.909898] mod.rtp-sink | [         audio.c:  567 rtp_audio_process_capture()] (re)sync to timestamp:0 seq:26790 ts_offset:0 SSRC:3076146323
[W][13:55:53.912382] mod.rtp-sink | [         audio.c:  553 rtp_audio_process_capture()] timestamp: expected 128 != actual 0
[I][13:55:53.912394] mod.rtp-sink | [         audio.c:  567 rtp_audio_process_capture()] (re)sync to timestamp:0 seq:26792 ts_offset:0 SSRC:3076146323
[W][13:55:53.915129] mod.rtp-sink | [         audio.c:  553 rtp_audio_process_capture()] timestamp: expected 128 != actual 0
[I][13:55:53.915150] mod.rtp-sink | [         audio.c:  567 rtp_audio_process_capture()] (re)sync to timestamp:0 seq:26794 ts_offset:0 SSRC:3076146323
[W][13:55:53.917873] mod.rtp-sink | [         audio.c:  553 rtp_audio_process_capture()] timestamp: expected 128 != actual 0
[I][13:55:53.917881] mod.rtp-sink | [         audio.c:  567 rtp_audio_process_capture()] (re)sync to timestamp:0 seq:26796 ts_offset:0 SSRC:3076146323
[W][13:55:53.920374] mod.rtp-sink | [         audio.c:  553 rtp_audio_process_capture()] timestamp: expected 128 != actual 0
[I][13:55:53.920381] mod.rtp-sink | [         audio.c:  567 rtp_audio_process_capture()] (re)sync to timestamp:0 seq:26798 ts_offset:0 SSRC:3076146323
[W][13:55:53.923121] mod.rtp-sink | [         audio.c:  553 rtp_audio_process_capture()] timestamp: expected 128 != actual 0
[I][13:55:53.923129] mod.rtp-sink | [         audio.c:  567 rtp_audio_process_capture()] (re)sync to timestamp:0 seq:26800 ts_offset:0 SSRC:3076146323
[W][13:55:53.925874] mod.rtp-sink | [         audio.c:  553 rtp_audio_process_capture()] timestamp: expected 128 != actual 0
[I][13:55:53.925883] mod.rtp-sink | [         audio.c:  567 rtp_audio_process_capture()] (re)sync to timestamp:0 seq:26802 ts_offset:0 SSRC:3076146323
[W][13:55:53.928377] mod.rtp-sink | [         audio.c:  553 rtp_audio_process_capture()] timestamp: expected 128 != actual 0
[I][13:55:53.928389] mod.rtp-sink | [         audio.c:  567 rtp_audio_process_capture()] (re)sync to timestamp:0 seq:26804 ts_offset:0 SSRC:3076146323
[W][13:55:53.931122] mod.rtp-sink | [         audio.c:  553 rtp_audio_process_capture()] timestamp: expected 128 != actual 0
[I][13:55:53.931144] mod.rtp-sink | [         audio.c:  567 rtp_audio_process_capture()] (re)sync to timestamp:0 seq:26806 ts_offset:0 SSRC:3076146323
[W][13:55:53.933867] mod.rtp-sink | [         audio.c:  553 rtp_audio_process_capture()] timestamp: expected 128 != actual 0
[I][13:55:53.933873] mod.rtp-sink | [         audio.c:  567 rtp_audio_process_capture()] (re)sync to timestamp:0 seq:26808 ts_offset:0 SSRC:3076146323
[W][13:55:53.936365] mod.rtp-sink | [         audio.c:  553 rtp_audio_process_capture()] timestamp: expected 128 != actual 0
[I][13:55:53.936369] mod.rtp-sink | [         audio.c:  567 rtp_audio_process_capture()] (re)sync to timestamp:0 seq:26810 ts_offset:0 SSRC:3076146323
[W][13:55:53.939113] mod.rtp-sink | [         audio.c:  553 rtp_audio_process_capture()] timestamp: expected 128 != actual 0
[I][13:55:53.939118] mod.rtp-sink | [         audio.c:  567 rtp_audio_process_capture()] (re)sync to timestamp:0 seq:26812 ts_offset:0 SSRC:3076146323
[W][13:55:53.941862] mod.rtp-sink | [         audio.c:  553 rtp_audio_process_capture()] timestamp: expected 128 != actual 0
[I][13:55:53.941869] mod.rtp-sink | [         audio.c:  567 rtp_audio_process_capture()] (re)sync to timestamp:0 seq:26814 ts_offset:0 SSRC:3076146323
[W][13:55:53.944370] mod.rtp-sink | [         audio.c:  553 rtp_audio_process_capture()] timestamp: expected 128 != actual 0
[I][13:55:53.944381] mod.rtp-sink | [         audio.c:  567 rtp_audio_process_capture()] (re)sync to timestamp:0 seq:26816 ts_offset:0 SSRC:3076146323
[W][13:55:53.947116] mod.rtp-sink | [         audio.c:  553 rtp_audio_process_capture()] timestamp: expected 128 != actual 0
[I][13:55:53.947127] mod.rtp-sink | [         audio.c:  567 rtp_audio_process_capture()] (re)sync to timestamp:0 seq:26818 ts_offset:0 SSRC:3076146323
[W][13:55:53.949866] mod.rtp-sink | [         audio.c:  553 rtp_audio_process_capture()] timestamp: expected 128 != actual 0
[I][13:55:53.949876] mod.rtp-sink | [         audio.c:  567 rtp_audio_process_capture()] (re)sync to timestamp:0 seq:26820 ts_offset:0 SSRC:3076146323
[W][13:55:53.952358] mod.rtp-sink | [         audio.c:  553 rtp_audio_process_capture()] timestamp: expected 128 != actual 0
[I][13:55:53.952365] mod.rtp-sink | [         audio.c:  567 rtp_audio_process_capture()] (re)sync to timestamp:0 seq:26822 ts_offset:0 SSRC:3076146323
[W][13:55:53.955102] mod.rtp-sink | [         audio.c:  553 rtp_audio_process_capture()] timestamp: expected 128 != actual 0
[I][13:55:53.955108] mod.rtp-sink | [         audio.c:  567 rtp_audio_process_capture()] (re)sync to timestamp:0 seq:26824 ts_offset:0 SSRC:3076146323
[W][13:55:53.957853] mod.rtp-sink | [         audio.c:  553 rtp_audio_process_capture()] timestamp: expected 128 != actual 0
[I][13:55:53.957860] mod.rtp-sink | [         audio.c:  567 rtp_audio_process_capture()] (re)sync to timestamp:0 seq:26826 ts_offset:0 SSRC:3076146323
[W][13:55:53.960620] mod.rtp-sink | [         audio.c:  553 rtp_audio_process_capture()] timestamp: expected 128 != actual 0
[I][13:55:53.960631] mod.rtp-sink | [         audio.c:  567 rtp_audio_process_capture()] (re)sync to timestamp:0 seq:26828 ts_offset:0 SSRC:3076146323
[W][13:55:53.963125] mod.rtp-sink | [         audio.c:  553 rtp_audio_process_capture()] timestamp: expected 128 != actual 0
[I][13:55:53.963162] mod.rtp-sink | [         audio.c:  567 rtp_audio_process_capture()] (re)sync to timestamp:0 seq:26830 ts_offset:0 SSRC:3076146323
[W][13:55:53.965861] mod.rtp-sink | [         audio.c:  553 rtp_audio_process_capture()] timestamp: expected 128 != actual 0
[I][13:55:53.965872] mod.rtp-sink | [         audio.c:  567 rtp_audio_process_capture()] (re)sync to timestamp:0 seq:26832 ts_offset:0 SSRC:3076146323
[W][13:55:53.968354] mod.rtp-sink | [         audio.c:  553 rtp_audio_process_capture()] timestamp: expected 128 != actual 0
[I][13:55:53.968360] mod.rtp-sink | [         audio.c:  567 rtp_audio_process_capture()] (re)sync to timestamp:0 seq:26834 ts_offset:0 SSRC:3076146323
[W][13:55:53.971100] mod.rtp-sink | [         audio.c:  553 rtp_audio_process_capture()] timestamp: expected 128 != actual 0
[I][13:55:53.971105] mod.rtp-sink | [         audio.c:  567 rtp_audio_process_capture()] (re)sync to timestamp:0 seq:26836 ts_offset:0 SSRC:3076146323
[W][13:55:53.973846] mod.rtp-sink | [         audio.c:  553 rtp_audio_process_capture()] timestamp: expected 128 != actual 0
[I][13:55:53.973851] mod.rtp-sink | [         audio.c:  567 rtp_audio_process_capture()] (re)sync to timestamp:0 seq:26838 ts_offset:0 SSRC:3076146323
[W][13:55:53.976616] mod.rtp-sink | [         audio.c:  553 rtp_audio_process_capture()] timestamp: expected 128 != actual 0
[I][13:55:53.976628] mod.rtp-sink | [         audio.c:  567 rtp_audio_process_capture()] (re)sync to timestamp:0 seq:26840 ts_offset:0 SSRC:3076146323
[W][13:55:53.979108] mod.rtp-sink | [         audio.c:  553 rtp_audio_process_capture()] timestamp: expected 128 != actual 0
[I][13:55:53.979118] mod.rtp-sink | [         audio.c:  567 rtp_audio_process_capture()] (re)sync to timestamp:0 seq:26842 ts_offset:0 SSRC:3076146323
[W][13:55:53.981854] mod.rtp-sink | [         audio.c:  553 rtp_audio_process_capture()] timestamp: expected 128 != actual 0
[I][13:55:53.981864] mod.rtp-sink | [         audio.c:  567 rtp_audio_process_capture()] (re)sync to timestamp:0 seq:26844 ts_offset:0 SSRC:3076146323
[W][13:55:53.984596] mod.rtp-sink | [         audio.c:  553 rtp_audio_process_capture()] timestamp: expected 128 != actual 0
[I][13:55:53.984605] mod.rtp-sink | [         audio.c:  567 rtp_audio_process_capture()] (re)sync to timestamp:0 seq:26846 ts_offset:0 SSRC:3076146323
[W][13:55:53.987096] mod.rtp-sink | [         audio.c:  553 rtp_audio_process_capture()] timestamp: expected 128 != actual 0
[I][13:55:53.987104] mod.rtp-sink | [         audio.c:  567 rtp_audio_process_capture()] (re)sync to timestamp:0 seq:26848 ts_offset:0 SSRC:3076146323
[W][13:55:53.989841] mod.rtp-sink | [         audio.c:  553 rtp_audio_process_capture()] timestamp: expected 128 != actual 0
[I][13:55:53.989847] mod.rtp-sink | [         audio.c:  567 rtp_audio_process_capture()] (re)sync to timestamp:0 seq:26850 ts_offset:0 SSRC:3076146323
[W][13:55:53.992602] mod.rtp-sink | [         audio.c:  553 rtp_audio_process_capture()] timestamp: expected 128 != actual 0
[I][13:55:53.992612] mod.rtp-sink | [         audio.c:  567 rtp_audio_process_capture()] (re)sync to timestamp:0 seq:26852 ts_offset:0 SSRC:3076146323
[W][13:55:53.995098] mod.rtp-sink | [         audio.c:  553 rtp_audio_process_capture()] timestamp: expected 128 != actual 0
[I][13:55:53.995111] mod.rtp-sink | [         audio.c:  567 rtp_audio_process_capture()] (re)sync to timestamp:0 seq:26854 ts_offset:0 SSRC:3076146323
[W][13:55:53.997840] mod.rtp-sink | [         audio.c:  553 rtp_audio_process_capture()] timestamp: expected 128 != actual 0
[I][13:55:53.997850] mod.rtp-sink | [         audio.c:  567 rtp_audio_process_capture()] (re)sync to timestamp:0 seq:26856 ts_offset:0 SSRC:3076146323
[W][13:55:54.000588] mod.rtp-sink | [         audio.c:  553 rtp_audio_process_capture()] timestamp: expected 128 != actual 0
[I][13:55:54.000596] mod.rtp-sink | [         audio.c:  567 rtp_audio_process_capture()] (re)sync to timestamp:0 seq:26858 ts_offset:0 SSRC:3076146323
[W][13:55:54.003084] mod.rtp-sink | [         audio.c:  553 rtp_audio_process_capture()] timestamp: expected 128 != actual 0
[I][13:55:54.003090] mod.rtp-sink | [         audio.c:  567 rtp_audio_process_capture()] (re)sync to timestamp:0 seq:26860 ts_offset:0 SSRC:3076146323
[W][13:55:54.005831] mod.rtp-sink | [         audio.c:  553 rtp_audio_process_capture()] timestamp: expected 128 != actual 0
[I][13:55:54.005836] mod.rtp-sink | [         audio.c:  567 rtp_audio_process_capture()] (re)sync to timestamp:0 seq:26862 ts_offset:0 SSRC:3076146323
[W][13:55:54.008587] mod.rtp-sink | [         audio.c:  553 rtp_audio_process_capture()] timestamp: expected 128 != actual 0
[I][13:55:54.008593] mod.rtp-sink | [         audio.c:  567 rtp_audio_process_capture()] (re)sync to timestamp:0 seq:26864 ts_offset:0 SSRC:3076146323
[W][13:55:54.011086] mod.rtp-sink | [         audio.c:  553 rtp_audio_process_capture()] timestamp: expected 128 != actual 0
[I][13:55:54.011096] mod.rtp-sink | [         audio.c:  567 rtp_audio_process_capture()] (re)sync to timestamp:0 seq:26866 ts_offset:0 SSRC:3076146323
[W][13:55:54.013838] mod.rtp-sink | [         audio.c:  553 rtp_audio_process_capture()] timestamp: expected 128 != actual 0
[I][13:55:54.013851] mod.rtp-sink | [         audio.c:  567 rtp_audio_process_capture()] (re)sync to timestamp:0 seq:26868 ts_offset:0 SSRC:3076146323
[W][13:55:54.016581] mod.rtp-sink | [         audio.c:  553 rtp_audio_process_capture()] timestamp: expected 128 != actual 0
[I][13:55:54.016589] mod.rtp-sink | [         audio.c:  567 rtp_audio_process_capture()] (re)sync to timestamp:0 seq:26870 ts_offset:0 SSRC:3076146323
[W][13:55:54.019078] mod.rtp-sink | [         audio.c:  553 rtp_audio_process_capture()] timestamp: expected 128 != actual 0
[I][13:55:54.019086] mod.rtp-sink | [         audio.c:  567 rtp_audio_process_capture()] (re)sync to timestamp:0 seq:26872 ts_offset:0 SSRC:3076146323
[W][13:55:54.021829] mod.rtp-sink | [         audio.c:  553 rtp_audio_process_capture()] timestamp: expected 128 != actual 0
[I][13:55:54.021837] mod.rtp-sink | [         audio.c:  567 rtp_audio_process_capture()] (re)sync to timestamp:0 seq:26874 ts_offset:0 SSRC:3076146323
[W][13:55:54.024576] mod.rtp-sink | [         audio.c:  553 rtp_audio_process_capture()] timestamp: expected 128 != actual 0
[I][13:55:54.024583] mod.rtp-sink | [         audio.c:  567 rtp_audio_process_capture()] (re)sync to timestamp:0 seq:26876 ts_offset:0 SSRC:3076146323
[W][13:55:54.027086] mod.rtp-sink | [         audio.c:  553 rtp_audio_process_capture()] timestamp: expected 128 != actual 0
[I][13:55:54.027096] mod.rtp-sink | [         audio.c:  567 rtp_audio_process_capture()] (re)sync to timestamp:0 seq:26878 ts_offset:0 SSRC:3076146323
[W][13:55:54.029837] mod.rtp-sink | [         audio.c:  553 rtp_audio_process_capture()] timestamp: expected 128 != actual 0
[I][13:55:54.029847] mod.rtp-sink | [         audio.c:  567 rtp_audio_process_capture()] (re)sync to timestamp:0 seq:26880 ts_offset:0 SSRC:3076146323
[W][13:55:54.032583] mod.rtp-sink | [         audio.c:  553 rtp_audio_process_capture()] timestamp: expected 128 != actual 0
[I][13:55:54.032592] mod.rtp-sink | [         audio.c:  567 rtp_audio_process_capture()] (re)sync to timestamp:0 seq:26882 ts_offset:0 SSRC:3076146323
[W][13:55:54.035071] mod.rtp-sink | [         audio.c:  553 rtp_audio_process_capture()] timestamp: expected 128 != actual 0
[I][13:55:54.035079] mod.rtp-sink | [         audio.c:  567 rtp_audio_process_capture()] (re)sync to timestamp:0 seq:26884 ts_offset:0 SSRC:3076146323
[W][13:55:54.037818] mod.rtp-sink | [         audio.c:  553 rtp_audio_process_capture()] timestamp: expected 128 != actual 0
[I][13:55:54.037826] mod.rtp-sink | [         audio.c:  567 rtp_audio_process_capture()] (re)sync to timestamp:0 seq:26886 ts_offset:0 SSRC:3076146323
[W][13:55:54.040569] mod.rtp-sink | [         audio.c:  553 rtp_audio_process_capture()] timestamp: expected 128 != actual 0
[I][13:55:54.040575] mod.rtp-sink | [         audio.c:  567 rtp_audio_process_capture()] (re)sync to timestamp:0 seq:26888 ts_offset:0 SSRC:3076146323
[W][13:55:54.043077] mod.rtp-sink | [         audio.c:  553 rtp_audio_process_capture()] timestamp: expected 128 != actual 0
[I][13:55:54.043088] mod.rtp-sink | [         audio.c:  567 rtp_audio_process_capture()] (re)sync to timestamp:0 seq:26890 ts_offset:0 SSRC:3076146323
[W][13:55:54.045823] mod.rtp-sink | [         audio.c:  553 rtp_audio_process_capture()] timestamp: expected 128 != actual 0
[I][13:55:54.045834] mod.rtp-sink | [         audio.c:  567 rtp_audio_process_capture()] (re)sync to timestamp:0 seq:26892 ts_offset:0 SSRC:3076146323
[W][13:55:54.048572] mod.rtp-sink | [         audio.c:  553 rtp_audio_process_capture()] timestamp: expected 128 != actual 0
[I][13:55:54.048582] mod.rtp-sink | [         audio.c:  567 rtp_audio_process_capture()] (re)sync to timestamp:0 seq:26894 ts_offset:0 SSRC:3076146323
[W][13:55:54.051064] mod.rtp-sink | [         audio.c:  553 rtp_audio_process_capture()] timestamp: expected 128 != actual 0
[I][13:55:54.051072] mod.rtp-sink | [         audio.c:  567 rtp_audio_process_capture()] (re)sync to timestamp:0 seq:26896 ts_offset:0 SSRC:3076146323
[W][13:55:54.053810] mod.rtp-sink | [         audio.c:  553 rtp_audio_process_capture()] timestamp: expected 128 != actual 0
[I][13:55:54.053815] mod.rtp-sink | [         audio.c:  567 rtp_audio_process_capture()] (re)sync to timestamp:0 seq:26898 ts_offset:0 SSRC:3076146323
[W][13:55:54.056560] mod.rtp-sink | [         audio.c:  553 rtp_audio_process_capture()] timestamp: expected 128 != actual 0
[I][13:55:54.056566] mod.rtp-sink | [         audio.c:  567 rtp_audio_process_capture()] (re)sync to timestamp:0 seq:26900 ts_offset:0 SSRC:3076146323
[W][13:55:54.059065] mod.rtp-sink | [         audio.c:  553 rtp_audio_process_capture()] timestamp: expected 128 != actual 0
[I][13:55:54.059075] mod.rtp-sink | [         audio.c:  567 rtp_audio_process_capture()] (re)sync to timestamp:0 seq:26902 ts_offset:0 SSRC:3076146323
[W][13:55:54.061811] mod.rtp-sink | [         audio.c:  553 rtp_audio_process_capture()] timestamp: expected 128 != actual 0
[I][13:55:54.061821] mod.rtp-sink | [         audio.c:  567 rtp_audio_process_capture()] (re)sync to timestamp:0 seq:26904 ts_offset:0 SSRC:3076146323
[W][13:55:54.064561] mod.rtp-sink | [         audio.c:  553 rtp_audio_process_capture()] timestamp: expected 128 != actual 0
[I][13:55:54.064572] mod.rtp-sink | [         audio.c:  567 rtp_audio_process_capture()] (re)sync to timestamp:0 seq:26906 ts_offset:0 SSRC:3076146323
[W][13:55:54.067055] mod.rtp-sink | [         audio.c:  553 rtp_audio_process_capture()] timestamp: expected 128 != actual 0
[I][13:55:54.067062] mod.rtp-sink | [         audio.c:  567 rtp_audio_process_capture()] (re)sync to timestamp:0 seq:26908 ts_offset:0 SSRC:3076146323
[W][13:55:54.069803] mod.rtp-sink | [         audio.c:  553 rtp_audio_process_capture()] timestamp: expected 128 != actual 0
[I][13:55:54.069809] mod.rtp-sink | [         audio.c:  567 rtp_audio_process_capture()] (re)sync to timestamp:0 seq:26910 ts_offset:0 SSRC:3076146323
[W][13:55:54.072557] mod.rtp-sink | [         audio.c:  553 rtp_audio_process_capture()] timestamp: expected 128 != actual 0
[I][13:55:54.072563] mod.rtp-sink | [         audio.c:  567 rtp_audio_process_capture()] (re)sync to timestamp:0 seq:26912 ts_offset:0 SSRC:3076146323
[W][13:55:54.075054] mod.rtp-sink | [         audio.c:  553 rtp_audio_process_capture()] timestamp: expected 128 != actual 0
[I][13:55:54.075060] mod.rtp-sink | [         audio.c:  567 rtp_audio_process_capture()] (re)sync to timestamp:0 seq:26914 ts_offset:0 SSRC:3076146323
[W][13:55:54.077802] mod.rtp-sink | [         audio.c:  553 rtp_audio_process_capture()] timestamp: expected 128 != actual 0
[I][13:55:54.077809] mod.rtp-sink | [         audio.c:  567 rtp_audio_process_capture()] (re)sync to timestamp:0 seq:26916 ts_offset:0 SSRC:3076146323
[W][13:55:54.080556] mod.rtp-sink | [         audio.c:  553 rtp_audio_process_capture()] timestamp: expected 128 != actual 0
[I][13:55:54.080566] mod.rtp-sink | [         audio.c:  567 rtp_audio_process_capture()] (re)sync to timestamp:0 seq:26918 ts_offset:0 SSRC:3076146323
[W][13:55:54.083056] mod.rtp-sink | [         audio.c:  553 rtp_audio_process_capture()] timestamp: expected 128 != actual 0
[I][13:55:54.083065] mod.rtp-sink | [         audio.c:  567 rtp_audio_process_capture()] (re)sync to timestamp:0 seq:26920 ts_offset:0 SSRC:3076146323
[W][13:55:54.085798] mod.rtp-sink | [         audio.c:  553 rtp_audio_process_capture()] timestamp: expected 128 != actual 0
[I][13:55:54.085806] mod.rtp-sink | [         audio.c:  567 rtp_audio_process_capture()] (re)sync to timestamp:0 seq:26922 ts_offset:0 SSRC:3076146323
[W][13:55:54.088550] mod.rtp-sink | [         audio.c:  553 rtp_audio_process_capture()] timestamp: expected 128 != actual 0
[I][13:55:54.088557] mod.rtp-sink | [         audio.c:  567 rtp_audio_process_capture()] (re)sync to timestamp:0 seq:26924 ts_offset:0 SSRC:3076146323
[W][13:55:54.091044] mod.rtp-sink | [         audio.c:  553 rtp_audio_process_capture()] timestamp: expected 128 != actual 0
[I][13:55:54.091050] mod.rtp-sink | [         audio.c:  567 rtp_audio_process_capture()] (re)sync to timestamp:0 seq:26926 ts_offset:0 SSRC:3076146323
[W][13:55:54.093812] mod.rtp-sink | [         audio.c:  553 rtp_audio_process_capture()] timestamp: expected 128 != actual 0
[I][13:55:54.093824] mod.rtp-sink | [         audio.c:  567 rtp_audio_process_capture()] (re)sync to timestamp:0 seq:26928 ts_offset:0 SSRC:3076146323
[W][13:55:54.096559] mod.rtp-sink | [         audio.c:  553 rtp_audio_process_capture()] timestamp: expected 128 != actual 0
[I][13:55:54.096570] mod.rtp-sink | [         audio.c:  567 rtp_audio_process_capture()] (re)sync to timestamp:0 seq:26930 ts_offset:0 SSRC:3076146323
[W][13:55:54.099050] mod.rtp-sink | [         audio.c:  553 rtp_audio_process_capture()] timestamp: expected 128 != actual 0
[I][13:55:54.099061] mod.rtp-sink | [         audio.c:  567 rtp_audio_process_capture()] (re)sync to timestamp:0 seq:26932 ts_offset:0 SSRC:3076146323
[W][13:55:54.101791] mod.rtp-sink | [         audio.c:  553 rtp_audio_process_capture()] timestamp: expected 128 != actual 0
[I][13:55:54.101799] mod.rtp-sink | [         audio.c:  567 rtp_audio_process_capture()] (re)sync to timestamp:0 seq:26934 ts_offset:0 SSRC:3076146323
[W][13:55:54.104542] mod.rtp-sink | [         audio.c:  553 rtp_audio_process_capture()] timestamp: expected 128 != actual 0
[I][13:55:54.104548] mod.rtp-sink | [         audio.c:  567 rtp_audio_process_capture()] (re)sync to timestamp:0 seq:26936 ts_offset:0 SSRC:3076146323
[W][13:55:54.107038] mod.rtp-sink | [         audio.c:  553 rtp_audio_process_capture()] timestamp: expected 128 != actual 0
[I][13:55:54.107044] mod.rtp-sink | [         audio.c:  567 rtp_audio_process_capture()] (re)sync to timestamp:0 seq:26938 ts_offset:0 SSRC:3076146323
[W][13:55:54.109796] mod.rtp-sink | [         audio.c:  553 rtp_audio_process_capture()] timestamp: expected 128 != actual 0
[I][13:55:54.109806] mod.rtp-sink | [         audio.c:  567 rtp_audio_process_capture()] (re)sync to timestamp:0 seq:26940 ts_offset:0 SSRC:3076146323
[W][13:55:54.112548] mod.rtp-sink | [         audio.c:  553 rtp_audio_process_capture()] timestamp: expected 128 != actual 0
[I][13:55:54.112560] mod.rtp-sink | [         audio.c:  567 rtp_audio_process_capture()] (re)sync to timestamp:0 seq:26942 ts_offset:0 SSRC:3076146323
[W][13:55:54.115050] mod.rtp-sink | [         audio.c:  553 rtp_audio_process_capture()] timestamp: expected 128 != actual 0
[I][13:55:54.115061] mod.rtp-sink | [         audio.c:  567 rtp_audio_process_capture()] (re)sync to timestamp:0 seq:26944 ts_offset:0 SSRC:3076146323
[W][13:55:54.117782] mod.rtp-sink | [         audio.c:  553 rtp_audio_process_capture()] timestamp: expected 128 != actual 0
[I][13:55:54.117791] mod.rtp-sink | [         audio.c:  567 rtp_audio_process_capture()] (re)sync to timestamp:0 seq:26946 ts_offset:0 SSRC:3076146323
[W][13:55:54.120533] mod.rtp-sink | [         audio.c:  553 rtp_audio_process_capture()] timestamp: expected 128 != actual 0
[I][13:55:54.120540] mod.rtp-sink | [         audio.c:  567 rtp_audio_process_capture()] (re)sync to timestamp:0 seq:26948 ts_offset:0 SSRC:3076146323
[W][13:55:54.123029] mod.rtp-sink | [         audio.c:  553 rtp_audio_process_capture()] timestamp: expected 128 != actual 0
[I][13:55:54.123036] mod.rtp-sink | [         audio.c:  567 rtp_audio_process_capture()] (re)sync to timestamp:0 seq:26950 ts_offset:0 SSRC:3076146323
[W][13:55:54.125782] mod.rtp-sink | [         audio.c:  553 rtp_audio_process_capture()] timestamp: expected 128 != actual 0
[I][13:55:54.125788] mod.rtp-sink | [         audio.c:  567 rtp_audio_process_capture()] (re)sync to timestamp:0 seq:26952 ts_offset:0 SSRC:3076146323
[W][13:55:54.128535] mod.rtp-sink | [         audio.c:  553 rtp_audio_process_capture()] timestamp: expected 128 != actual 0
[I][13:55:54.128545] mod.rtp-sink | [         audio.c:  567 rtp_audio_process_capture()] (re)sync to timestamp:0 seq:26954 ts_offset:0 SSRC:3076146323
[W][13:55:54.131034] mod.rtp-sink | [         audio.c:  553 rtp_audio_process_capture()] timestamp: expected 128 != actual 0
[I][13:55:54.131046] mod.rtp-sink | [         audio.c:  567 rtp_audio_process_capture()] (re)sync to timestamp:0 seq:26956 ts_offset:0 SSRC:3076146323
[W][13:55:54.133778] mod.rtp-sink | [         audio.c:  553 rtp_audio_process_capture()] timestamp: expected 128 != actual 0
[I][13:55:54.133788] mod.rtp-sink | [         audio.c:  567 rtp_audio_process_capture()] (re)sync to timestamp:0 seq:26958 ts_offset:0 SSRC:3076146323
[W][13:55:54.136530] mod.rtp-sink | [         audio.c:  553 rtp_audio_process_capture()] timestamp: expected 128 != actual 0
[I][13:55:54.136537] mod.rtp-sink | [         audio.c:  567 rtp_audio_process_capture()] (re)sync to timestamp:0 seq:26960 ts_offset:0 SSRC:3076146323
[W][13:55:54.139022] mod.rtp-sink | [         audio.c:  553 rtp_audio_process_capture()] timestamp: expected 128 != actual 0
[I][13:55:54.139027] mod.rtp-sink | [         audio.c:  567 rtp_audio_process_capture()] (re)sync to timestamp:0 seq:26962 ts_offset:0 SSRC:3076146323
[W][13:55:54.141773] mod.rtp-sink | [         audio.c:  553 rtp_audio_process_capture()] timestamp: expected 128 != actual 0
[I][13:55:54.141779] mod.rtp-sink | [         audio.c:  567 rtp_audio_process_capture()] (re)sync to timestamp:0 seq:26964 ts_offset:0 SSRC:3076146323
[W][13:55:54.144523] mod.rtp-sink | [         audio.c:  553 rtp_audio_process_capture()] timestamp: expected 128 != actual 0
[I][13:55:54.144532] mod.rtp-sink | [         audio.c:  567 rtp_audio_process_capture()] (re)sync to timestamp:0 seq:26966 ts_offset:0 SSRC:3076146323
[W][13:55:54.147278] mod.rtp-sink | [         audio.c:  553 rtp_audio_process_capture()] timestamp: expected 128 != actual 0
[I][13:55:54.147289] mod.rtp-sink | [         audio.c:  567 rtp_audio_process_capture()] (re)sync to timestamp:0 seq:26968 ts_offset:0 SSRC:3076146323
[W][13:55:54.149771] mod.rtp-sink | [         audio.c:  553 rtp_audio_process_capture()] timestamp: expected 128 != actual 0
[I][13:55:54.149779] mod.rtp-sink | [         audio.c:  567 rtp_audio_process_capture()] (re)sync to timestamp:0 seq:26970 ts_offset:0 SSRC:3076146323
[W][13:55:54.152520] mod.rtp-sink | [         audio.c:  553 rtp_audio_process_capture()] timestamp: expected 128 != actual 0
[I][13:55:54.152528] mod.rtp-sink | [         audio.c:  567 rtp_audio_process_capture()] (re)sync to timestamp:0 seq:26972 ts_offset:0 SSRC:3076146323
[W][13:55:54.155266] mod.rtp-sink | [         audio.c:  553 rtp_audio_process_capture()] timestamp: expected 128 != actual 0
[I][13:55:54.155272] mod.rtp-sink | [         audio.c:  567 rtp_audio_process_capture()] (re)sync to timestamp:0 seq:26974 ts_offset:0 SSRC:3076146323
[W][13:55:54.157769] mod.rtp-sink | [         audio.c:  553 rtp_audio_process_capture()] timestamp: expected 128 != actual 0
[I][13:55:54.157776] mod.rtp-sink | [         audio.c:  567 rtp_audio_process_capture()] (re)sync to timestamp:0 seq:26976 ts_offset:0 SSRC:3076146323
[W][13:55:54.160519] mod.rtp-sink | [         audio.c:  553 rtp_audio_process_capture()] timestamp: expected 128 != actual 0
[I][13:55:54.160530] mod.rtp-sink | [         audio.c:  567 rtp_audio_process_capture()] (re)sync to timestamp:0 seq:26978 ts_offset:0 SSRC:3076146323
[W][13:55:54.163275] mod.rtp-sink | [         audio.c:  553 rtp_audio_process_capture()] timestamp: expected 128 != actual 0
[I][13:55:54.163288] mod.rtp-sink | [         audio.c:  567 rtp_audio_process_capture()] (re)sync to timestamp:0 seq:26980 ts_offset:0 SSRC:3076146323
[W][13:55:54.165766] mod.rtp-sink | [         audio.c:  553 rtp_audio_process_capture()] timestamp: expected 128 != actual 0
[I][13:55:54.165775] mod.rtp-sink | [         audio.c:  567 rtp_audio_process_capture()] (re)sync to timestamp:0 seq:26982 ts_offset:0 SSRC:3076146323
[W][13:55:54.168509] mod.rtp-sink | [         audio.c:  553 rtp_audio_process_capture()] timestamp: expected 128 != actual 0
[I][13:55:54.168514] mod.rtp-sink | [         audio.c:  567 rtp_audio_process_capture()] (re)sync to timestamp:0 seq:26984 ts_offset:0 SSRC:3076146323
[W][13:55:54.171258] mod.rtp-sink | [         audio.c:  553 rtp_audio_process_capture()] timestamp: expected 128 != actual 0
[I][13:55:54.171263] mod.rtp-sink | [         audio.c:  567 rtp_audio_process_capture()] (re)sync to timestamp:0 seq:26986 ts_offset:0 SSRC:3076146323
[W][13:55:54.173759] mod.rtp-sink | [         audio.c:  553 rtp_audio_process_capture()] timestamp: expected 128 != actual 0
[I][13:55:54.173764] mod.rtp-sink | [         audio.c:  567 rtp_audio_process_capture()] (re)sync to timestamp:0 seq:26988 ts_offset:0 SSRC:3076146323
[W][13:55:54.176514] mod.rtp-sink | [         audio.c:  553 rtp_audio_process_capture()] timestamp: expected 128 != actual 0
[I][13:55:54.176526] mod.rtp-sink | [         audio.c:  567 rtp_audio_process_capture()] (re)sync to timestamp:0 seq:26990 ts_offset:0 SSRC:3076146323
[W][13:55:54.179264] mod.rtp-sink | [         audio.c:  553 rtp_audio_process_capture()] timestamp: expected 128 != actual 0
[I][13:55:54.179276] mod.rtp-sink | [         audio.c:  567 rtp_audio_process_capture()] (re)sync to timestamp:0 seq:26992 ts_offset:0 SSRC:3076146323
[W][13:55:54.181753] mod.rtp-sink | [         audio.c:  553 rtp_audio_process_capture()] timestamp: expected 128 != actual 0
[I][13:55:54.181762] mod.rtp-sink | [         audio.c:  567 rtp_audio_process_capture()] (re)sync to timestamp:0 seq:26994 ts_offset:0 SSRC:3076146323
[W][13:55:54.184503] mod.rtp-sink | [         audio.c:  553 rtp_audio_process_capture()] timestamp: expected 128 != actual 0
[I][13:55:54.184510] mod.rtp-sink | [         audio.c:  567 rtp_audio_process_capture()] (re)sync to timestamp:0 seq:26996 ts_offset:0 SSRC:3076146323
[W][13:55:54.187254] mod.rtp-sink | [         audio.c:  553 rtp_audio_process_capture()] timestamp: expected 128 != actual 0
[I][13:55:54.187260] mod.rtp-sink | [         audio.c:  567 rtp_audio_process_capture()] (re)sync to timestamp:0 seq:26998 ts_offset:0 SSRC:3076146323
[W][13:55:54.189752] mod.rtp-sink | [         audio.c:  553 rtp_audio_process_capture()] timestamp: expected 128 != actual 0
[I][13:55:54.189759] mod.rtp-sink | [         audio.c:  567 rtp_audio_process_capture()] (re)sync to timestamp:0 seq:27000 ts_offset:0 SSRC:3076146323
[W][13:55:54.192510] mod.rtp-sink | [         audio.c:  553 rtp_audio_process_capture()] timestamp: expected 128 != actual 0
[I][13:55:54.192521] mod.rtp-sink | [         audio.c:  567 rtp_audio_process_capture()] (re)sync to timestamp:0 seq:27002 ts_offset:0 SSRC:3076146323
[W][13:55:54.195255] mod.rtp-sink | [         audio.c:  553 rtp_audio_process_capture()] timestamp: expected 128 != actual 0
[I][13:55:54.195263] mod.rtp-sink | [         audio.c:  567 rtp_audio_process_capture()] (re)sync to timestamp:0 seq:27004 ts_offset:0 SSRC:3076146323
[W][13:55:54.197752] mod.rtp-sink | [         audio.c:  553 rtp_audio_process_capture()] timestamp: expected 128 != actual 0
[I][13:55:54.197761] mod.rtp-sink | [         audio.c:  567 rtp_audio_process_capture()] (re)sync to timestamp:0 seq:27006 ts_offset:0 SSRC:3076146323
[W][13:55:54.200496] mod.rtp-sink | [         audio.c:  553 rtp_audio_process_capture()] timestamp: expected 128 != actual 0
[I][13:55:54.200504] mod.rtp-sink | [         audio.c:  567 rtp_audio_process_capture()] (re)sync to timestamp:0 seq:27008 ts_offset:0 SSRC:3076146323
[W][13:55:54.203246] mod.rtp-sink | [         audio.c:  553 rtp_audio_process_capture()] timestamp: expected 128 != actual 0
[I][13:55:54.203253] mod.rtp-sink | [         audio.c:  567 rtp_audio_process_capture()] (re)sync to timestamp:0 seq:27010 ts_offset:0 SSRC:3076146323
[W][13:55:54.205742] mod.rtp-sink | [         audio.c:  553 rtp_audio_process_capture()] timestamp: expected 128 != actual 0
[I][13:55:54.205747] mod.rtp-sink | [         audio.c:  567 rtp_audio_process_capture()] (re)sync to timestamp:0 seq:27012 ts_offset:0 SSRC:3076146323
[W][13:55:54.208490] mod.rtp-sink | [         audio.c:  553 rtp_audio_process_capture()] timestamp: expected 128 != actual 0
[I][13:55:54.208495] mod.rtp-sink | [         audio.c:  567 rtp_audio_process_capture()] (re)sync to timestamp:0 seq:27014 ts_offset:0 SSRC:3076146323
[W][13:55:54.211247] mod.rtp-sink | [         audio.c:  553 rtp_audio_process_capture()] timestamp: expected 128 != actual 0
[I][13:55:54.211255] mod.rtp-sink | [         audio.c:  567 rtp_audio_process_capture()] (re)sync to timestamp:0 seq:27016 ts_offset:0 SSRC:3076146323
[W][13:55:54.213750] mod.rtp-sink | [         audio.c:  553 rtp_audio_process_capture()] timestamp: expected 128 != actual 0
[I][13:55:54.213759] mod.rtp-sink | [         audio.c:  567 rtp_audio_process_capture()] (re)sync to timestamp:0 seq:27018 ts_offset:0 SSRC:3076146323
[W][13:55:54.216494] mod.rtp-sink | [         audio.c:  553 rtp_audio_process_capture()] timestamp: expected 128 != actual 0
[I][13:55:54.216503] mod.rtp-sink | [         audio.c:  567 rtp_audio_process_capture()] (re)sync to timestamp:0 seq:27020 ts_offset:0 SSRC:3076146323
[W][13:55:54.219238] mod.rtp-sink | [         audio.c:  553 rtp_audio_process_capture()] timestamp: expected 128 != actual 0
[I][13:55:54.219246] mod.rtp-sink | [         audio.c:  567 rtp_audio_process_capture()] (re)sync to timestamp:0 seq:27022 ts_offset:0 SSRC:3076146323
[W][13:55:54.221738] mod.rtp-sink | [         audio.c:  553 rtp_audio_process_capture()] timestamp: expected 128 != actual 0
[I][13:55:54.221745] mod.rtp-sink | [         audio.c:  567 rtp_audio_process_capture()] (re)sync to timestamp:0 seq:27024 ts_offset:0 SSRC:3076146323
[W][13:55:54.224482] mod.rtp-sink | [         audio.c:  553 rtp_audio_process_capture()] timestamp: expected 128 != actual 0
[I][13:55:54.224488] mod.rtp-sink | [         audio.c:  567 rtp_audio_process_capture()] (re)sync to timestamp:0 seq:27026 ts_offset:0 SSRC:3076146323
[W][13:55:54.227236] mod.rtp-sink | [         audio.c:  553 rtp_audio_process_capture()] timestamp: expected 128 != actual 0
[I][13:55:54.227245] mod.rtp-sink | [         audio.c:  567 rtp_audio_process_capture()] (re)sync to timestamp:0 seq:27028 ts_offset:0 SSRC:3076146323
[W][13:55:54.229745] mod.rtp-sink | [         audio.c:  553 rtp_audio_process_capture()] timestamp: expected 128 != actual 0
[I][13:55:54.229756] mod.rtp-sink | [         audio.c:  567 rtp_audio_process_capture()] (re)sync to timestamp:0 seq:27030 ts_offset:0 SSRC:3076146323
[W][13:55:54.232488] mod.rtp-sink | [         audio.c:  553 rtp_audio_process_capture()] timestamp: expected 128 != actual 0
[I][13:55:54.232497] mod.rtp-sink | [         audio.c:  567 rtp_audio_process_capture()] (re)sync to timestamp:0 seq:27032 ts_offset:0 SSRC:3076146323
[W][13:55:54.235231] mod.rtp-sink | [         audio.c:  553 rtp_audio_process_capture()] timestamp: expected 128 != actual 0
[I][13:55:54.235238] mod.rtp-sink | [         audio.c:  567 rtp_audio_process_capture()] (re)sync to timestamp:0 seq:27034 ts_offset:0 SSRC:3076146323
[W][13:55:54.237728] mod.rtp-sink | [         audio.c:  553 rtp_audio_process_capture()] timestamp: expected 128 != actual 0
[I][13:55:54.237734] mod.rtp-sink | [         audio.c:  567 rtp_audio_process_capture()] (re)sync to timestamp:0 seq:27036 ts_offset:0 SSRC:3076146323
[W][13:55:54.240474] mod.rtp-sink | [         audio.c:  553 rtp_audio_process_capture()] timestamp: expected 128 != actual 0
[I][13:55:54.240480] mod.rtp-sink | [         audio.c:  567 rtp_audio_process_capture()] (re)sync to timestamp:0 seq:27038 ts_offset:0 SSRC:3076146323
[W][13:55:54.243234] mod.rtp-sink | [         audio.c:  553 rtp_audio_process_capture()] timestamp: expected 128 != actual 0
[I][13:55:54.243240] mod.rtp-sink | [         audio.c:  567 rtp_audio_process_capture()] (re)sync to timestamp:0 seq:27040 ts_offset:0 SSRC:3076146323
[W][13:55:54.245745] mod.rtp-sink | [         audio.c:  553 rtp_audio_process_capture()] timestamp: expected 128 != actual 0
[I][13:55:54.245759] mod.rtp-sink | [         audio.c:  567 rtp_audio_process_capture()] (re)sync to timestamp:0 seq:27042 ts_offset:0 SSRC:3076146323
[W][13:55:54.248477] mod.rtp-sink | [         audio.c:  553 rtp_audio_process_capture()] timestamp: expected 128 != actual 0
[I][13:55:54.248487] mod.rtp-sink | [         audio.c:  567 rtp_audio_process_capture()] (re)sync to timestamp:0 seq:27044 ts_offset:0 SSRC:3076146323
[W][13:55:54.251226] mod.rtp-sink | [         audio.c:  553 rtp_audio_process_capture()] timestamp: expected 128 != actual 0
[I][13:55:54.251235] mod.rtp-sink | [         audio.c:  567 rtp_audio_process_capture()] (re)sync to timestamp:0 seq:27046 ts_offset:0 SSRC:3076146323
[W][13:55:54.253723] mod.rtp-sink | [         audio.c:  553 rtp_audio_process_capture()] timestamp: expected 128 != actual 0
[I][13:55:54.253730] mod.rtp-sink | [         audio.c:  567 rtp_audio_process_capture()] (re)sync to timestamp:0 seq:27048 ts_offset:0 SSRC:3076146323
[W][13:55:54.256470] mod.rtp-sink | [         audio.c:  553 rtp_audio_process_capture()] timestamp: expected 128 != actual 0
[I][13:55:54.256475] mod.rtp-sink | [         audio.c:  567 rtp_audio_process_capture()] (re)sync to timestamp:0 seq:27050 ts_offset:0 SSRC:3076146323
[W][13:55:54.259227] mod.rtp-sink | [         audio.c:  553 rtp_audio_process_capture()] timestamp: expected 128 != actual 0
[I][13:55:54.259234] mod.rtp-sink | [         audio.c:  567 rtp_audio_process_capture()] (re)sync to timestamp:0 seq:27052 ts_offset:0 SSRC:3076146323
[W][13:55:54.261733] mod.rtp-sink | [         audio.c:  553 rtp_audio_process_capture()] timestamp: expected 128 != actual 0
[I][13:55:54.261747] mod.rtp-sink | [         audio.c:  567 rtp_audio_process_capture()] (re)sync to timestamp:0 seq:27054 ts_offset:0 SSRC:3076146323
[W][13:55:54.264472] mod.rtp-sink | [         audio.c:  553 rtp_audio_process_capture()] timestamp: expected 128 != actual 0
[I][13:55:54.264482] mod.rtp-sink | [         audio.c:  567 rtp_audio_process_capture()] (re)sync to timestamp:0 seq:27056 ts_offset:0 SSRC:3076146323
[W][13:55:54.267218] mod.rtp-sink | [         audio.c:  553 rtp_audio_process_capture()] timestamp: expected 128 != actual 0
[I][13:55:54.267226] mod.rtp-sink | [         audio.c:  567 rtp_audio_process_capture()] (re)sync to timestamp:0 seq:27058 ts_offset:0 SSRC:3076146323
[W][13:55:54.269715] mod.rtp-sink | [         audio.c:  553 rtp_audio_process_capture()] timestamp: expected 128 != actual 0
[I][13:55:54.269722] mod.rtp-sink | [         audio.c:  567 rtp_audio_process_capture()] (re)sync to timestamp:0 seq:27060 ts_offset:0 SSRC:3076146323
[W][13:55:54.272462] mod.rtp-sink | [         audio.c:  553 rtp_audio_process_capture()] timestamp: expected 128 != actual 0
[I][13:55:54.272469] mod.rtp-sink | [         audio.c:  567 rtp_audio_process_capture()] (re)sync to timestamp:0 seq:27062 ts_offset:0 SSRC:3076146323
[W][13:55:54.275215] mod.rtp-sink | [         audio.c:  553 rtp_audio_process_capture()] timestamp: expected 128 != actual 0
[I][13:55:54.275222] mod.rtp-sink | [         audio.c:  567 rtp_audio_process_capture()] (re)sync to timestamp:0 seq:27064 ts_offset:0 SSRC:3076146323
[W][13:55:54.277725] mod.rtp-sink | [         audio.c:  553 rtp_audio_process_capture()] timestamp: expected 128 != actual 0
[I][13:55:54.277735] mod.rtp-sink | [         audio.c:  567 rtp_audio_process_capture()] (re)sync to timestamp:0 seq:27066 ts_offset:0 SSRC:3076146323
[W][13:55:54.280468] mod.rtp-sink | [         audio.c:  553 rtp_audio_process_capture()] timestamp: expected 128 != actual 0
[I][13:55:54.280478] mod.rtp-sink | [         audio.c:  567 rtp_audio_process_capture()] (re)sync to timestamp:0 seq:27068 ts_offset:0 SSRC:3076146323
[W][13:55:54.283214] mod.rtp-sink | [         audio.c:  553 rtp_audio_process_capture()] timestamp: expected 128 != actual 0
[I][13:55:54.283222] mod.rtp-sink | [         audio.c:  567 rtp_audio_process_capture()] (re)sync to timestamp:0 seq:27070 ts_offset:0 SSRC:3076146323
[W][13:55:54.285713] mod.rtp-sink | [         audio.c:  553 rtp_audio_process_capture()] timestamp: expected 128 != actual 0
[I][13:55:54.285721] mod.rtp-sink | [         audio.c:  567 rtp_audio_process_capture()] (re)sync to timestamp:0 seq:27072 ts_offset:0 SSRC:3076146323
[W][13:55:54.288456] mod.rtp-sink | [         audio.c:  553 rtp_audio_process_capture()] timestamp: expected 128 != actual 0
[I][13:55:54.288464] mod.rtp-sink | [         audio.c:  567 rtp_audio_process_capture()] (re)sync to timestamp:0 seq:27074 ts_offset:0 SSRC:3076146323
[W][13:55:54.291208] mod.rtp-sink | [         audio.c:  553 rtp_audio_process_capture()] timestamp: expected 128 != actual 0
[I][13:55:54.291216] mod.rtp-sink | [         audio.c:  567 rtp_audio_process_capture()] (re)sync to timestamp:0 seq:27076 ts_offset:0 SSRC:3076146323
[W][13:55:54.293965] mod.rtp-sink | [         audio.c:  553 rtp_audio_process_capture()] timestamp: expected 128 != actual 0
[I][13:55:54.293977] mod.rtp-sink | [         audio.c:  567 rtp_audio_process_capture()] (re)sync to timestamp:0 seq:27078 ts_offset:0 SSRC:3076146323
[W][13:55:54.296469] mod.rtp-sink | [         audio.c:  553 rtp_audio_process_capture()] timestamp: expected 128 != actual 0
[I][13:55:54.296484] mod.rtp-sink | [         audio.c:  567 rtp_audio_process_capture()] (re)sync to timestamp:0 seq:27080 ts_offset:0 SSRC:3076146323
[W][13:55:54.299211] mod.rtp-sink | [         audio.c:  553 rtp_audio_process_capture()] timestamp: expected 128 != actual 0
[I][13:55:54.299225] mod.rtp-sink | [         audio.c:  567 rtp_audio_process_capture()] (re)sync to timestamp:0 seq:27082 ts_offset:0 SSRC:3076146323
[W][13:55:54.301701] mod.rtp-sink | [         audio.c:  553 rtp_audio_process_capture()] timestamp: expected 128 != actual 0
[I][13:55:54.301709] mod.rtp-sink | [         audio.c:  567 rtp_audio_process_capture()] (re)sync to timestamp:0 seq:27084 ts_offset:0 SSRC:3076146323
[W][13:55:54.304449] mod.rtp-sink | [         audio.c:  553 rtp_audio_process_capture()] timestamp: expected 128 != actual 0
[I][13:55:54.304456] mod.rtp-sink | [         audio.c:  567 rtp_audio_process_capture()] (re)sync to timestamp:0 seq:27086 ts_offset:0 SSRC:3076146323
[W][13:55:54.307202] mod.rtp-sink | [         audio.c:  553 rtp_audio_process_capture()] timestamp: expected 128 != actual 0
[I][13:55:54.307209] mod.rtp-sink | [         audio.c:  567 rtp_audio_process_capture()] (re)sync to timestamp:0 seq:27088 ts_offset:0 SSRC:3076146323
[W][13:55:54.309705] mod.rtp-sink | [         audio.c:  553 rtp_audio_process_capture()] timestamp: expected 128 != actual 0
[I][13:55:54.309716] mod.rtp-sink | [         audio.c:  567 rtp_audio_process_capture()] (re)sync to timestamp:0 seq:27090 ts_offset:0 SSRC:3076146323
[W][13:55:54.312451] mod.rtp-sink | [         audio.c:  553 rtp_audio_process_capture()] timestamp: expected 128 != actual 0
[I][13:55:54.312462] mod.rtp-sink | [         audio.c:  567 rtp_audio_process_capture()] (re)sync to timestamp:0 seq:27092 ts_offset:0 SSRC:3076146323
[W][13:55:54.315205] mod.rtp-sink | [         audio.c:  553 rtp_audio_process_capture()] timestamp: expected 128 != actual 0
[I][13:55:54.315216] mod.rtp-sink | [         audio.c:  567 rtp_audio_process_capture()] (re)sync to timestamp:0 seq:27094 ts_offset:0 SSRC:3076146323
[W][13:55:54.317694] mod.rtp-sink | [         audio.c:  553 rtp_audio_process_capture()] timestamp: expected 128 != actual 0
[I][13:55:54.317702] mod.rtp-sink | [         audio.c:  567 rtp_audio_process_capture()] (re)sync to timestamp:0 seq:27096 ts_offset:0 SSRC:3076146323
[W][13:55:54.320439] mod.rtp-sink | [         audio.c:  553 rtp_audio_process_capture()] timestamp: expected 128 != actual 0
[I][13:55:54.320443] mod.rtp-sink | [         audio.c:  567 rtp_audio_process_capture()] (re)sync to timestamp:0 seq:27098 ts_offset:0 SSRC:3076146323
[W][13:55:54.323191] mod.rtp-sink | [         audio.c:  553 rtp_audio_process_capture()] timestamp: expected 128 != actual 0
[I][13:55:54.323195] mod.rtp-sink | [         audio.c:  567 rtp_audio_process_capture()] (re)sync to timestamp:0 seq:27100 ts_offset:0 SSRC:3076146323
[W][13:55:54.325950] mod.rtp-sink | [         audio.c:  553 rtp_audio_process_capture()] timestamp: expected 128 != actual 0
[I][13:55:54.325958] mod.rtp-sink | [         audio.c:  567 rtp_audio_process_capture()] (re)sync to timestamp:0 seq:27102 ts_offset:0 SSRC:3076146323
[W][13:55:54.328448] mod.rtp-sink | [         audio.c:  553 rtp_audio_process_capture()] timestamp: expected 128 != actual 0
[I][13:55:54.328459] mod.rtp-sink | [         audio.c:  567 rtp_audio_process_capture()] (re)sync to timestamp:0 seq:27104 ts_offset:0 SSRC:3076146323
[W][13:55:54.331196] mod.rtp-sink | [         audio.c:  553 rtp_audio_process_capture()] timestamp: expected 128 != actual 0
[I][13:55:54.331209] mod.rtp-sink | [         audio.c:  567 rtp_audio_process_capture()] (re)sync to timestamp:0 seq:27106 ts_offset:0 SSRC:3076146323
[W][13:55:54.333936] mod.rtp-sink | [         audio.c:  553 rtp_audio_process_capture()] timestamp: expected 128 != actual 0
[I][13:55:54.333944] mod.rtp-sink | [         audio.c:  567 rtp_audio_process_capture()] (re)sync to timestamp:0 seq:27108 ts_offset:0 SSRC:3076146323
[W][13:55:54.336436] mod.rtp-sink | [         audio.c:  553 rtp_audio_process_capture()] timestamp: expected 128 != actual 0
[I][13:55:54.336444] mod.rtp-sink | [         audio.c:  567 rtp_audio_process_capture()] (re)sync to timestamp:0 seq:27110 ts_offset:0 SSRC:3076146323
[W][13:55:54.339181] mod.rtp-sink | [         audio.c:  553 rtp_audio_process_capture()] timestamp: expected 128 != actual 0
[I][13:55:54.339186] mod.rtp-sink | [         audio.c:  567 rtp_audio_process_capture()] (re)sync to timestamp:0 seq:27112 ts_offset:0 SSRC:3076146323
[W][13:55:54.341932] mod.rtp-sink | [         audio.c:  553 rtp_audio_process_capture()] timestamp: expected 128 != actual 0
[I][13:55:54.341938] mod.rtp-sink | [         audio.c:  567 rtp_audio_process_capture()] (re)sync to timestamp:0 seq:27114 ts_offset:0 SSRC:3076146323
[W][13:55:54.344440] mod.rtp-sink | [         audio.c:  553 rtp_audio_process_capture()] timestamp: expected 128 != actual 0
[I][13:55:54.344450] mod.rtp-sink | [         audio.c:  567 rtp_audio_process_capture()] (re)sync to timestamp:0 seq:27116 ts_offset:0 SSRC:3076146323
[W][13:55:54.347192] mod.rtp-sink | [         audio.c:  553 rtp_audio_process_capture()] timestamp: expected 128 != actual 0
[I][13:55:54.347206] mod.rtp-sink | [         audio.c:  567 rtp_audio_process_capture()] (re)sync to timestamp:0 seq:27118 ts_offset:0 SSRC:3076146323
[W][13:55:54.349936] mod.rtp-sink | [         audio.c:  553 rtp_audio_process_capture()] timestamp: expected 128 != actual 0
[I][13:55:54.349945] mod.rtp-sink | [         audio.c:  567 rtp_audio_process_capture()] (re)sync to timestamp:0 seq:27120 ts_offset:0 SSRC:3076146323
[W][13:55:54.352430] mod.rtp-sink | [         audio.c:  553 rtp_audio_process_capture()] timestamp: expected 128 != actual 0
[I][13:55:54.352438] mod.rtp-sink | [         audio.c:  567 rtp_audio_process_capture()] (re)sync to timestamp:0 seq:27122 ts_offset:0 SSRC:3076146323
[W][13:55:54.355177] mod.rtp-sink | [         audio.c:  553 rtp_audio_process_capture()] timestamp: expected 128 != actual 0
[I][13:55:54.355183] mod.rtp-sink | [         audio.c:  567 rtp_audio_process_capture()] (re)sync to timestamp:0 seq:27124 ts_offset:0 SSRC:3076146323
[W][13:55:54.357926] mod.rtp-sink | [         audio.c:  553 rtp_audio_process_capture()] timestamp: expected 128 != actual 0
[I][13:55:54.357933] mod.rtp-sink | [         audio.c:  567 rtp_audio_process_capture()] (re)sync to timestamp:0 seq:27126 ts_offset:0 SSRC:3076146323
[W][13:55:54.360444] mod.rtp-sink | [         audio.c:  553 rtp_audio_process_capture()] timestamp: expected 128 != actual 0
[I][13:55:54.360454] mod.rtp-sink | [         audio.c:  567 rtp_audio_process_capture()] (re)sync to timestamp:0 seq:27128 ts_offset:0 SSRC:3076146323
[W][13:55:54.363184] mod.rtp-sink | [         audio.c:  553 rtp_audio_process_capture()] timestamp: expected 128 != actual 0
[I][13:55:54.363198] mod.rtp-sink | [         audio.c:  567 rtp_audio_process_capture()] (re)sync to timestamp:0 seq:27130 ts_offset:0 SSRC:3076146323
[W][13:55:54.365929] mod.rtp-sink | [         audio.c:  553 rtp_audio_process_capture()] timestamp: expected 128 != actual 0
[I][13:55:54.365939] mod.rtp-sink | [         audio.c:  567 rtp_audio_process_capture()] (re)sync to timestamp:0 seq:27132 ts_offset:0 SSRC:3076146323
[W][13:55:54.368422] mod.rtp-sink | [         audio.c:  553 rtp_audio_process_capture()] timestamp: expected 128 != actual 0
[I][13:55:54.368431] mod.rtp-sink | [         audio.c:  567 rtp_audio_process_capture()] (re)sync to timestamp:0 seq:27134 ts_offset:0 SSRC:3076146323
[W][13:55:54.371174] mod.rtp-sink | [         audio.c:  553 rtp_audio_process_capture()] timestamp: expected 128 != actual 0
[I][13:55:54.371181] mod.rtp-sink | [         audio.c:  567 rtp_audio_process_capture()] (re)sync to timestamp:0 seq:27136 ts_offset:0 SSRC:3076146323
[W][13:55:54.373919] mod.rtp-sink | [         audio.c:  553 rtp_audio_process_capture()] timestamp: expected 128 != actual 0
[I][13:55:54.373928] mod.rtp-sink | [         audio.c:  567 rtp_audio_process_capture()] (re)sync to timestamp:0 seq:27138 ts_offset:0 SSRC:3076146323
[W][13:55:54.376425] mod.rtp-sink | [         audio.c:  553 rtp_audio_process_capture()] timestamp: expected 128 != actual 0
[I][13:55:54.376434] mod.rtp-sink | [         audio.c:  567 rtp_audio_process_capture()] (re)sync to timestamp:0 seq:27140 ts_offset:0 SSRC:3076146323
[W][13:55:54.379180] mod.rtp-sink | [         audio.c:  553 rtp_audio_process_capture()] timestamp: expected 128 != actual 0
[I][13:55:54.379190] mod.rtp-sink | [         audio.c:  567 rtp_audio_process_capture()] (re)sync to timestamp:0 seq:27142 ts_offset:0 SSRC:3076146323
[W][13:55:54.381919] mod.rtp-sink | [         audio.c:  553 rtp_audio_process_capture()] timestamp: expected 128 != actual 0
[I][13:55:54.381928] mod.rtp-sink | [         audio.c:  567 rtp_audio_process_capture()] (re)sync to timestamp:0 seq:27144 ts_offset:0 SSRC:3076146323
[W][13:55:54.384417] mod.rtp-sink | [         audio.c:  553 rtp_audio_process_capture()] timestamp: expected 128 != actual 0
[I][13:55:54.384426] mod.rtp-sink | [         audio.c:  567 rtp_audio_process_capture()] (re)sync to timestamp:0 seq:27146 ts_offset:0 SSRC:3076146323
[W][13:55:54.387167] mod.rtp-sink | [         audio.c:  553 rtp_audio_process_capture()] timestamp: expected 128 != actual 0
[I][13:55:54.387174] mod.rtp-sink | [         audio.c:  567 rtp_audio_process_capture()] (re)sync to timestamp:0 seq:27148 ts_offset:0 SSRC:3076146323
[W][13:55:54.389909] mod.rtp-sink | [         audio.c:  553 rtp_audio_process_capture()] timestamp: expected 128 != actual 0
[I][13:55:54.389916] mod.rtp-sink | [         audio.c:  567 rtp_audio_process_capture()] (re)sync to timestamp:0 seq:27150 ts_offset:0 SSRC:3076146323
[W][13:55:54.392419] mod.rtp-sink | [         audio.c:  553 rtp_audio_process_capture()] timestamp: expected 128 != actual 0
[I][13:55:54.392430] mod.rtp-sink | [         audio.c:  567 rtp_audio_process_capture()] (re)sync to timestamp:0 seq:27152 ts_offset:0 SSRC:3076146323
[W][13:55:54.395175] mod.rtp-sink | [         audio.c:  553 rtp_audio_process_capture()] timestamp: expected 128 != actual 0
[I][13:55:54.395186] mod.rtp-sink | [         audio.c:  567 rtp_audio_process_capture()] (re)sync to timestamp:0 seq:27154 ts_offset:0 SSRC:3076146323
[W][13:55:54.397909] mod.rtp-sink | [         audio.c:  553 rtp_audio_process_capture()] timestamp: expected 128 != actual 0
[I][13:55:54.397918] mod.rtp-sink | [         audio.c:  567 rtp_audio_process_capture()] (re)sync to timestamp:0 seq:27156 ts_offset:0 SSRC:3076146323
[W][13:55:54.400406] mod.rtp-sink | [         audio.c:  553 rtp_audio_process_capture()] timestamp: expected 128 != actual 0
[I][13:55:54.400413] mod.rtp-sink | [         audio.c:  567 rtp_audio_process_capture()] (re)sync to timestamp:0 seq:27158 ts_offset:0 SSRC:3076146323
[W][13:55:54.403157] mod.rtp-sink | [         audio.c:  553 rtp_audio_process_capture()] timestamp: expected 128 != actual 0
[I][13:55:54.403163] mod.rtp-sink | [         audio.c:  567 rtp_audio_process_capture()] (re)sync to timestamp:0 seq:27160 ts_offset:0 SSRC:3076146323
[W][13:55:54.405904] mod.rtp-sink | [         audio.c:  553 rtp_audio_process_capture()] timestamp: expected 128 != actual 0
[I][13:55:54.405910] mod.rtp-sink | [         audio.c:  567 rtp_audio_process_capture()] (re)sync to timestamp:0 seq:27162 ts_offset:0 SSRC:3076146323
[W][13:55:54.408405] mod.rtp-sink | [         audio.c:  553 rtp_audio_process_capture()] timestamp: expected 128 != actual 0
[I][13:55:54.408411] mod.rtp-sink | [         audio.c:  567 rtp_audio_process_capture()] (re)sync to timestamp:0 seq:27164 ts_offset:0 SSRC:3076146323
[W][13:55:54.411171] mod.rtp-sink | [         audio.c:  553 rtp_audio_process_capture()] timestamp: expected 128 != actual 0
[I][13:55:54.411180] mod.rtp-sink | [         audio.c:  567 rtp_audio_process_capture()] (re)sync to timestamp:0 seq:27166 ts_offset:0 SSRC:3076146323
[W][13:55:54.413911] mod.rtp-sink | [         audio.c:  553 rtp_audio_process_capture()] timestamp: expected 128 != actual 0
[I][13:55:54.413922] mod.rtp-sink | [         audio.c:  567 rtp_audio_process_capture()] (re)sync to timestamp:0 seq:27168 ts_offset:0 SSRC:3076146323
[W][13:55:54.416401] mod.rtp-sink | [         audio.c:  553 rtp_audio_process_capture()] timestamp: expected 128 != actual 0
[I][13:55:54.416411] mod.rtp-sink | [         audio.c:  567 rtp_audio_process_capture()] (re)sync to timestamp:0 seq:27170 ts_offset:0 SSRC:3076146323
[W][13:55:54.419152] mod.rtp-sink | [         audio.c:  553 rtp_audio_process_capture()] timestamp: expected 128 != actual 0
[I][13:55:54.419159] mod.rtp-sink | [         audio.c:  567 rtp_audio_process_capture()] (re)sync to timestamp:0 seq:27172 ts_offset:0 SSRC:3076146323
[W][13:55:54.421897] mod.rtp-sink | [         audio.c:  553 rtp_audio_process_capture()] timestamp: expected 128 != actual 0
[I][13:55:54.421904] mod.rtp-sink | [         audio.c:  567 rtp_audio_process_capture()] (re)sync to timestamp:0 seq:27174 ts_offset:0 SSRC:3076146323
[W][13:55:54.424394] mod.rtp-sink | [         audio.c:  553 rtp_audio_process_capture()] timestamp: expected 128 != actual 0
[I][13:55:54.424399] mod.rtp-sink | [         audio.c:  567 rtp_audio_process_capture()] (re)sync to timestamp:0 seq:27176 ts_offset:0 SSRC:3076146323
[W][13:55:54.427168] mod.rtp-sink | [         audio.c:  553 rtp_audio_process_capture()] timestamp: expected 128 != actual 0
[I][13:55:54.427180] mod.rtp-sink | [         audio.c:  567 rtp_audio_process_capture()] (re)sync to timestamp:0 seq:27178 ts_offset:0 SSRC:3076146323
[W][13:55:54.429906] mod.rtp-sink | [         audio.c:  553 rtp_audio_process_capture()] timestamp: expected 128 != actual 0
[I][13:55:54.429919] mod.rtp-sink | [         audio.c:  567 rtp_audio_process_capture()] (re)sync to timestamp:0 seq:27180 ts_offset:0 SSRC:3076146323
[W][13:55:54.432403] mod.rtp-sink | [         audio.c:  553 rtp_audio_process_capture()] timestamp: expected 128 != actual 0
[I][13:55:54.432414] mod.rtp-sink | [         audio.c:  567 rtp_audio_process_capture()] (re)sync to timestamp:0 seq:27182 ts_offset:0 SSRC:3076146323
[W][13:55:54.435156] mod.rtp-sink | [         audio.c:  553 rtp_audio_process_capture()] timestamp: expected 128 != actual 0
[I][13:55:54.435165] mod.rtp-sink | [         audio.c:  567 rtp_audio_process_capture()] (re)sync to timestamp:0 seq:27184 ts_offset:0 SSRC:3076146323
[W][13:55:54.437888] mod.rtp-sink | [         audio.c:  553 rtp_audio_process_capture()] timestamp: expected 128 != actual 0
[I][13:55:54.437895] mod.rtp-sink | [         audio.c:  567 rtp_audio_process_capture()] (re)sync to timestamp:0 seq:27186 ts_offset:0 SSRC:3076146323
[W][13:55:54.440386] mod.rtp-sink | [         audio.c:  553 rtp_audio_process_capture()] timestamp: expected 128 != actual 0
[I][13:55:54.440391] mod.rtp-sink | [         audio.c:  567 rtp_audio_process_capture()] (re)sync to timestamp:0 seq:27188 ts_offset:0 SSRC:3076146323
[W][13:55:54.443158] mod.rtp-sink | [         audio.c:  553 rtp_audio_process_capture()] timestamp: expected 128 != actual 0
[I][13:55:54.443171] mod.rtp-sink | [         audio.c:  567 rtp_audio_process_capture()] (re)sync to timestamp:0 seq:27190 ts_offset:0 SSRC:3076146323
[W][13:55:54.445895] mod.rtp-sink | [         audio.c:  553 rtp_audio_process_capture()] timestamp: expected 128 != actual 0
[I][13:55:54.445908] mod.rtp-sink | [         audio.c:  567 rtp_audio_process_capture()] (re)sync to timestamp:0 seq:27192 ts_offset:0 SSRC:3076146323
[W][13:55:54.448389] mod.rtp-sink | [         audio.c:  553 rtp_audio_process_capture()] timestamp: expected 128 != actual 0
[I][13:55:54.448399] mod.rtp-sink | [         audio.c:  567 rtp_audio_process_capture()] (re)sync to timestamp:0 seq:27194 ts_offset:0 SSRC:3076146323
[W][13:55:54.451148] mod.rtp-sink | [         audio.c:  553 rtp_audio_process_capture()] timestamp: expected 128 != actual 0
[I][13:55:54.451157] mod.rtp-sink | [         audio.c:  567 rtp_audio_process_capture()] (re)sync to timestamp:0 seq:27196 ts_offset:0 SSRC:3076146323
[W][13:55:54.453882] mod.rtp-sink | [         audio.c:  553 rtp_audio_process_capture()] timestamp: expected 128 != actual 0
[I][13:55:54.453889] mod.rtp-sink | [         audio.c:  567 rtp_audio_process_capture()] (re)sync to timestamp:0 seq:27198 ts_offset:0 SSRC:3076146323
[W][13:55:54.456386] mod.rtp-sink | [         audio.c:  553 rtp_audio_process_capture()] timestamp: expected 128 != actual 0
[I][13:55:54.456393] mod.rtp-sink | [         audio.c:  567 rtp_audio_process_capture()] (re)sync to timestamp:0 seq:27200 ts_offset:0 SSRC:3076146323
[W][13:55:54.459150] mod.rtp-sink | [         audio.c:  553 rtp_audio_process_capture()] timestamp: expected 128 != actual 0
[I][13:55:54.459160] mod.rtp-sink | [         audio.c:  567 rtp_audio_process_capture()] (re)sync to timestamp:0 seq:27202 ts_offset:0 SSRC:3076146323
[W][13:55:54.461887] mod.rtp-sink | [         audio.c:  553 rtp_audio_process_capture()] timestamp: expected 128 != actual 0
[I][13:55:54.461897] mod.rtp-sink | [         audio.c:  567 rtp_audio_process_capture()] (re)sync to timestamp:0 seq:27204 ts_offset:0 SSRC:3076146323
[W][13:55:54.464384] mod.rtp-sink | [         audio.c:  553 rtp_audio_process_capture()] timestamp: expected 128 != actual 0
[I][13:55:54.464394] mod.rtp-sink | [         audio.c:  567 rtp_audio_process_capture()] (re)sync to timestamp:0 seq:27206 ts_offset:0 SSRC:3076146323
[W][13:55:54.467129] mod.rtp-sink | [         audio.c:  553 rtp_audio_process_capture()] timestamp: expected 128 != actual 0
[I][13:55:54.467146] mod.rtp-sink | [         audio.c:  567 rtp_audio_process_capture()] (re)sync to timestamp:0 seq:27208 ts_offset:0 SSRC:3076146323
[W][13:55:54.469875] mod.rtp-sink | [         audio.c:  553 rtp_audio_process_capture()] timestamp: expected 128 != actual 0
[I][13:55:54.469882] mod.rtp-sink | [         audio.c:  567 rtp_audio_process_capture()] (re)sync to timestamp:0 seq:27210 ts_offset:0 SSRC:3076146323
[W][13:55:54.472375] mod.rtp-sink | [         audio.c:  553 rtp_audio_process_capture()] timestamp: expected 128 != actual 0
[I][13:55:54.472382] mod.rtp-sink | [         audio.c:  567 rtp_audio_process_capture()] (re)sync to timestamp:0 seq:27212 ts_offset:0 SSRC:3076146323
[W][13:55:54.475122] mod.rtp-sink | [         audio.c:  553 rtp_audio_process_capture()] timestamp: expected 128 != actual 0
[I][13:55:54.475130] mod.rtp-sink | [         audio.c:  567 rtp_audio_process_capture()] (re)sync to timestamp:0 seq:27214 ts_offset:0 SSRC:3076146323
[W][13:55:54.477877] mod.rtp-sink | [         audio.c:  553 rtp_audio_process_capture()] timestamp: expected 128 != actual 0
[I][13:55:54.477887] mod.rtp-sink | [         audio.c:  567 rtp_audio_process_capture()] (re)sync to timestamp:0 seq:27216 ts_offset:0 SSRC:3076146323
[W][13:55:54.480377] mod.rtp-sink | [         audio.c:  553 rtp_audio_process_capture()] timestamp: expected 128 != actual 0
[I][13:55:54.480388] mod.rtp-sink | [         audio.c:  567 rtp_audio_process_capture()] (re)sync to timestamp:0 seq:27218 ts_offset:0 SSRC:3076146323
[W][13:55:54.483127] mod.rtp-sink | [         audio.c:  553 rtp_audio_process_capture()] timestamp: expected 128 != actual 0
[I][13:55:54.483143] mod.rtp-sink | [         audio.c:  567 rtp_audio_process_capture()] (re)sync to timestamp:0 seq:27220 ts_offset:0 SSRC:3076146323
[W][13:55:54.485867] mod.rtp-sink | [         audio.c:  553 rtp_audio_process_capture()] timestamp: expected 128 != actual 0
[I][13:55:54.485874] mod.rtp-sink | [         audio.c:  567 rtp_audio_process_capture()] (re)sync to timestamp:0 seq:27222 ts_offset:0 SSRC:3076146323
[W][13:55:54.488367] mod.rtp-sink | [         audio.c:  553 rtp_audio_process_capture()] timestamp: expected 128 != actual 0
[I][13:55:54.488375] mod.rtp-sink | [         audio.c:  567 rtp_audio_process_capture()] (re)sync to timestamp:0 seq:27224 ts_offset:0 SSRC:3076146323
[W][13:55:54.491113] mod.rtp-sink | [         audio.c:  553 rtp_audio_process_capture()] timestamp: expected 128 != actual 0
[I][13:55:54.491120] mod.rtp-sink | [         audio.c:  567 rtp_audio_process_capture()] (re)sync to timestamp:0 seq:27226 ts_offset:0 SSRC:3076146323
[W][13:55:54.493874] mod.rtp-sink | [         audio.c:  553 rtp_audio_process_capture()] timestamp: expected 128 != actual 0
[I][13:55:54.493884] mod.rtp-sink | [         audio.c:  567 rtp_audio_process_capture()] (re)sync to timestamp:0 seq:27228 ts_offset:0 SSRC:3076146323
[W][13:55:54.496369] mod.rtp-sink | [         audio.c:  553 rtp_audio_process_capture()] timestamp: expected 128 != actual 0
[I][13:55:54.496381] mod.rtp-sink | [         audio.c:  567 rtp_audio_process_capture()] (re)sync to timestamp:0 seq:27230 ts_offset:0 SSRC:3076146323
[W][13:55:54.499122] mod.rtp-sink | [         audio.c:  553 rtp_audio_process_capture()] timestamp: expected 128 != actual 0
[I][13:55:54.499130] mod.rtp-sink | [         audio.c:  567 rtp_audio_process_capture()] (re)sync to timestamp:0 seq:27232 ts_offset:0 SSRC:3076146323
[W][13:55:54.501862] mod.rtp-sink | [         audio.c:  553 rtp_audio_process_capture()] timestamp: expected 128 != actual 0
[I][13:55:54.501870] mod.rtp-sink | [         audio.c:  567 rtp_audio_process_capture()] (re)sync to timestamp:0 seq:27234 ts_offset:0 SSRC:3076146323
[W][13:55:54.504360] mod.rtp-sink | [         audio.c:  553 rtp_audio_process_capture()] timestamp: expected 128 != actual 0
[I][13:55:54.504366] mod.rtp-sink | [         audio.c:  567 rtp_audio_process_capture()] (re)sync to timestamp:0 seq:27236 ts_offset:0 SSRC:3076146323
[W][13:55:54.507105] mod.rtp-sink | [         audio.c:  553 rtp_audio_process_capture()] timestamp: expected 128 != actual 0
[I][13:55:54.507112] mod.rtp-sink | [         audio.c:  567 rtp_audio_process_capture()] (re)sync to timestamp:0 seq:27238 ts_offset:0 SSRC:3076146323
[W][13:55:54.509864] mod.rtp-sink | [         audio.c:  553 rtp_audio_process_capture()] timestamp: expected 128 != actual 0
[I][13:55:54.509871] mod.rtp-sink | [         audio.c:  567 rtp_audio_process_capture()] (re)sync to timestamp:0 seq:27240 ts_offset:0 SSRC:3076146323
[W][13:55:54.512625] mod.rtp-sink | [         audio.c:  553 rtp_audio_process_capture()] timestamp: expected 128 != actual 0
[I][13:55:54.512637] mod.rtp-sink | [         audio.c:  567 rtp_audio_process_capture()] (re)sync to timestamp:0 seq:27242 ts_offset:0 SSRC:3076146323
[W][13:55:54.515110] mod.rtp-sink | [         audio.c:  553 rtp_audio_process_capture()] timestamp: expected 128 != actual 0
[I][13:55:54.515121] mod.rtp-sink | [         audio.c:  567 rtp_audio_process_capture()] (re)sync to timestamp:0 seq:27244 ts_offset:0 SSRC:3076146323
[W][13:55:54.517853] mod.rtp-sink | [         audio.c:  553 rtp_audio_process_capture()] timestamp: expected 128 != actual 0
[I][13:55:54.517862] mod.rtp-sink | [         audio.c:  567 rtp_audio_process_capture()] (re)sync to timestamp:0 seq:27246 ts_offset:0 SSRC:3076146323
[W][13:55:54.520604] mod.rtp-sink | [         audio.c:  553 rtp_audio_process_capture()] timestamp: expected 128 != actual 0
[I][13:55:54.520612] mod.rtp-sink | [         audio.c:  567 rtp_audio_process_capture()] (re)sync to timestamp:0 seq:27248 ts_offset:0 SSRC:3076146323
[W][13:55:54.523101] mod.rtp-sink | [         audio.c:  553 rtp_audio_process_capture()] timestamp: expected 128 != actual 0
[I][13:55:54.523109] mod.rtp-sink | [         audio.c:  567 rtp_audio_process_capture()] (re)sync to timestamp:0 seq:27250 ts_offset:0 SSRC:3076146323
[W][13:55:54.525850] mod.rtp-sink | [         audio.c:  553 rtp_audio_process_capture()] timestamp: expected 128 != actual 0
[I][13:55:54.525858] mod.rtp-sink | [         audio.c:  567 rtp_audio_process_capture()] (re)sync to timestamp:0 seq:27252 ts_offset:0 SSRC:3076146323
[W][13:55:54.528606] mod.rtp-sink | [         audio.c:  553 rtp_audio_process_capture()] timestamp: expected 128 != actual 0
[I][13:55:54.528617] mod.rtp-sink | [         audio.c:  567 rtp_audio_process_capture()] (re)sync to timestamp:0 seq:27254 ts_offset:0 SSRC:3076146323
[W][13:55:54.531105] mod.rtp-sink | [         audio.c:  553 rtp_audio_process_capture()] timestamp: expected 128 != actual 0
[I][13:55:54.531116] mod.rtp-sink | [         audio.c:  567 rtp_audio_process_capture()] (re)sync to timestamp:0 seq:27256 ts_offset:0 SSRC:3076146323
[W][13:55:54.533850] mod.rtp-sink | [         audio.c:  553 rtp_audio_process_capture()] timestamp: expected 128 != actual 0
[I][13:55:54.533859] mod.rtp-sink | [         audio.c:  567 rtp_audio_process_capture()] (re)sync to timestamp:0 seq:27258 ts_offset:0 SSRC:3076146323
[W][13:55:54.536596] mod.rtp-sink | [         audio.c:  553 rtp_audio_process_capture()] timestamp: expected 128 != actual 0
[I][13:55:54.536602] mod.rtp-sink | [         audio.c:  567 rtp_audio_process_capture()] (re)sync to timestamp:0 seq:27260 ts_offset:0 SSRC:3076146323
[W][13:55:54.539094] mod.rtp-sink | [         audio.c:  553 rtp_audio_process_capture()] timestamp: expected 128 != actual 0
[I][13:55:54.539100] mod.rtp-sink | [         audio.c:  567 rtp_audio_process_capture()] (re)sync to timestamp:0 seq:27262 ts_offset:0 SSRC:3076146323
[W][13:55:54.541844] mod.rtp-sink | [         audio.c:  553 rtp_audio_process_capture()] timestamp: expected 128 != actual 0
[I][13:55:54.541850] mod.rtp-sink | [         audio.c:  567 rtp_audio_process_capture()] (re)sync to timestamp:0 seq:27264 ts_offset:0 SSRC:3076146323
[W][13:55:54.544602] mod.rtp-sink | [         audio.c:  553 rtp_audio_process_capture()] timestamp: expected 128 != actual 0
[I][13:55:54.544612] mod.rtp-sink | [         audio.c:  567 rtp_audio_process_capture()] (re)sync to timestamp:0 seq:27266 ts_offset:0 SSRC:3076146323
[W][13:55:54.547098] mod.rtp-sink | [         audio.c:  553 rtp_audio_process_capture()] timestamp: expected 128 != actual 0
[I][13:55:54.547108] mod.rtp-sink | [         audio.c:  567 rtp_audio_process_capture()] (re)sync to timestamp:0 seq:27268 ts_offset:0 SSRC:3076146323
[W][13:55:54.549842] mod.rtp-sink | [         audio.c:  553 rtp_audio_process_capture()] timestamp: expected 128 != actual 0
[I][13:55:54.549851] mod.rtp-sink | [         audio.c:  567 rtp_audio_process_capture()] (re)sync to timestamp:0 seq:27270 ts_offset:0 SSRC:3076146323
[W][13:55:54.552598] mod.rtp-sink | [         audio.c:  553 rtp_audio_process_capture()] timestamp: expected 128 != actual 0
[I][13:55:54.552607] mod.rtp-sink | [         audio.c:  567 rtp_audio_process_capture()] (re)sync to timestamp:0 seq:27272 ts_offset:0 SSRC:3076146323
[W][13:55:54.555089] mod.rtp-sink | [         audio.c:  553 rtp_audio_process_capture()] timestamp: expected 128 != actual 0
[I][13:55:54.555095] mod.rtp-sink | [         audio.c:  567 rtp_audio_process_capture()] (re)sync to timestamp:0 seq:27274 ts_offset:0 SSRC:3076146323
[W][13:55:54.557837] mod.rtp-sink | [         audio.c:  553 rtp_audio_process_capture()] timestamp: expected 128 != actual 0
[I][13:55:54.557843] mod.rtp-sink | [         audio.c:  567 rtp_audio_process_capture()] (re)sync to timestamp:0 seq:27276 ts_offset:0 SSRC:3076146323
[W][13:55:54.560604] mod.rtp-sink | [         audio.c:  553 rtp_audio_process_capture()] timestamp: expected 128 != actual 0
[I][13:55:54.560615] mod.rtp-sink | [         audio.c:  567 rtp_audio_process_capture()] (re)sync to timestamp:0 seq:27278 ts_offset:0 SSRC:3076146323
[W][13:55:54.563096] mod.rtp-sink | [         audio.c:  553 rtp_audio_process_capture()] timestamp: expected 128 != actual 0
[I][13:55:54.563110] mod.rtp-sink | [         audio.c:  567 rtp_audio_process_capture()] (re)sync to timestamp:0 seq:27280 ts_offset:0 SSRC:3076146323
[W][13:55:54.565836] mod.rtp-sink | [         audio.c:  553 rtp_audio_process_capture()] timestamp: expected 128 != actual 0
[I][13:55:54.565847] mod.rtp-sink | [         audio.c:  567 rtp_audio_process_capture()] (re)sync to timestamp:0 seq:27282 ts_offset:0 SSRC:3076146323
[W][13:55:54.568580] mod.rtp-sink | [         audio.c:  553 rtp_audio_process_capture()] timestamp: expected 128 != actual 0
[I][13:55:54.568589] mod.rtp-sink | [         audio.c:  567 rtp_audio_process_capture()] (re)sync to timestamp:0 seq:27284 ts_offset:0 SSRC:3076146323
[W][13:55:54.571078] mod.rtp-sink | [         audio.c:  553 rtp_audio_process_capture()] timestamp: expected 128 != actual 0
[I][13:55:54.571086] mod.rtp-sink | [         audio.c:  567 rtp_audio_process_capture()] (re)sync to timestamp:0 seq:27286 ts_offset:0 SSRC:3076146323
[W][13:55:54.573828] mod.rtp-sink | [         audio.c:  553 rtp_audio_process_capture()] timestamp: expected 128 != actual 0
[I][13:55:54.573835] mod.rtp-sink | [         audio.c:  567 rtp_audio_process_capture()] (re)sync to timestamp:0 seq:27288 ts_offset:0 SSRC:3076146323
[W][13:55:54.576587] mod.rtp-sink | [         audio.c:  553 rtp_audio_process_capture()] timestamp: expected 128 != actual 0
[I][13:55:54.576596] mod.rtp-sink | [         audio.c:  567 rtp_audio_process_capture()] (re)sync to timestamp:0 seq:27290 ts_offset:0 SSRC:3076146323
[W][13:55:54.579090] mod.rtp-sink | [         audio.c:  553 rtp_audio_process_capture()] timestamp: expected 128 != actual 0
[I][13:55:54.579102] mod.rtp-sink | [         audio.c:  567 rtp_audio_process_capture()] (re)sync to timestamp:0 seq:27292 ts_offset:0 SSRC:3076146323
[W][13:55:54.581828] mod.rtp-sink | [         audio.c:  553 rtp_audio_process_capture()] timestamp: expected 128 != actual 0
[I][13:55:54.581837] mod.rtp-sink | [         audio.c:  567 rtp_audio_process_capture()] (re)sync to timestamp:0 seq:27294 ts_offset:0 SSRC:3076146323
[W][13:55:54.584576] mod.rtp-sink | [         audio.c:  553 rtp_audio_process_capture()] timestamp: expected 128 != actual 0
[I][13:55:54.584586] mod.rtp-sink | [         audio.c:  567 rtp_audio_process_capture()] (re)sync to timestamp:0 seq:27296 ts_offset:0 SSRC:3076146323
[W][13:55:54.587073] mod.rtp-sink | [         audio.c:  553 rtp_audio_process_capture()] timestamp: expected 128 != actual 0
[I][13:55:54.587080] mod.rtp-sink | [         audio.c:  567 rtp_audio_process_capture()] (re)sync to timestamp:0 seq:27298 ts_offset:0 SSRC:3076146323
[W][13:55:54.589821] mod.rtp-sink | [         audio.c:  553 rtp_audio_process_capture()] timestamp: expected 128 != actual 0
[I][13:55:54.589828] mod.rtp-sink | [         audio.c:  567 rtp_audio_process_capture()] (re)sync to timestamp:0 seq:27300 ts_offset:0 SSRC:3076146323
[W][13:55:54.592582] mod.rtp-sink | [         audio.c:  553 rtp_audio_process_capture()] timestamp: expected 128 != actual 0
[I][13:55:54.592592] mod.rtp-sink | [         audio.c:  567 rtp_audio_process_capture()] (re)sync to timestamp:0 seq:27302 ts_offset:0 SSRC:3076146323
[W][13:55:54.595085] mod.rtp-sink | [         audio.c:  553 rtp_audio_process_capture()] timestamp: expected 128 != actual 0
[I][13:55:54.595101] mod.rtp-sink | [         audio.c:  567 rtp_audio_process_capture()] (re)sync to timestamp:0 seq:27304 ts_offset:0 SSRC:3076146323
[W][13:55:54.597821] mod.rtp-sink | [         audio.c:  553 rtp_audio_process_capture()] timestamp: expected 128 != actual 0
[I][13:55:54.597831] mod.rtp-sink | [         audio.c:  567 rtp_audio_process_capture()] (re)sync to timestamp:0 seq:27306 ts_offset:0 SSRC:3076146323
[W][13:55:54.600570] mod.rtp-sink | [         audio.c:  553 rtp_audio_process_capture()] timestamp: expected 128 != actual 0
[I][13:55:54.600579] mod.rtp-sink | [         audio.c:  567 rtp_audio_process_capture()] (re)sync to timestamp:0 seq:27308 ts_offset:0 SSRC:3076146323
[W][13:55:54.603065] mod.rtp-sink | [         audio.c:  553 rtp_audio_process_capture()] timestamp: expected 128 != actual 0
[I][13:55:54.603073] mod.rtp-sink | [         audio.c:  567 rtp_audio_process_capture()] (re)sync to timestamp:0 seq:27310 ts_offset:0 SSRC:3076146323
[W][13:55:54.605815] mod.rtp-sink | [         audio.c:  553 rtp_audio_process_capture()] timestamp: expected 128 != actual 0
[I][13:55:54.605823] mod.rtp-sink | [         audio.c:  567 rtp_audio_process_capture()] (re)sync to timestamp:0 seq:27312 ts_offset:0 SSRC:3076146323
[W][13:55:54.608566] mod.rtp-sink | [         audio.c:  553 rtp_audio_process_capture()] timestamp: expected 128 != actual 0
[I][13:55:54.608573] mod.rtp-sink | [         audio.c:  567 rtp_audio_process_capture()] (re)sync to timestamp:0 seq:27314 ts_offset:0 SSRC:3076146323
[W][13:55:54.611071] mod.rtp-sink | [         audio.c:  553 rtp_audio_process_capture()] timestamp: expected 128 != actual 0
[I][13:55:54.611079] mod.rtp-sink | [         audio.c:  567 rtp_audio_process_capture()] (re)sync to timestamp:0 seq:27316 ts_offset:0 SSRC:3076146323
[W][13:55:54.613812] mod.rtp-sink | [         audio.c:  553 rtp_audio_process_capture()] timestamp: expected 128 != actual 0
[I][13:55:54.613824] mod.rtp-sink | [         audio.c:  567 rtp_audio_process_capture()] (re)sync to timestamp:0 seq:27318 ts_offset:0 SSRC:3076146323
[W][13:55:54.616561] mod.rtp-sink | [         audio.c:  553 rtp_audio_process_capture()] timestamp: expected 128 != actual 0
[I][13:55:54.616571] mod.rtp-sink | [         audio.c:  567 rtp_audio_process_capture()] (re)sync to timestamp:0 seq:27320 ts_offset:0 SSRC:3076146323
[W][13:55:54.619057] mod.rtp-sink | [         audio.c:  553 rtp_audio_process_capture()] timestamp: expected 128 != actual 0
[I][13:55:54.619063] mod.rtp-sink | [         audio.c:  567 rtp_audio_process_capture()] (re)sync to timestamp:0 seq:27322 ts_offset:0 SSRC:3076146323
[W][13:55:54.621808] mod.rtp-sink | [         audio.c:  553 rtp_audio_process_capture()] timestamp: expected 128 != actual 0
[I][13:55:54.621815] mod.rtp-sink | [         audio.c:  567 rtp_audio_process_capture()] (re)sync to timestamp:0 seq:27324 ts_offset:0 SSRC:3076146323
[W][13:55:54.624555] mod.rtp-sink | [         audio.c:  553 rtp_audio_process_capture()] timestamp: expected 128 != actual 0
[I][13:55:54.624562] mod.rtp-sink | [         audio.c:  567 rtp_audio_process_capture()] (re)sync to timestamp:0 seq:27326 ts_offset:0 SSRC:3076146323
[W][13:55:54.627067] mod.rtp-sink | [         audio.c:  553 rtp_audio_process_capture()] timestamp: expected 128 != actual 0
[I][13:55:54.627078] mod.rtp-sink | [         audio.c:  567 rtp_audio_process_capture()] (re)sync to timestamp:0 seq:27328 ts_offset:0 SSRC:3076146323
[W][13:55:54.629812] mod.rtp-sink | [         audio.c:  553 rtp_audio_process_capture()] timestamp: expected 128 != actual 0
[I][13:55:54.629824] mod.rtp-sink | [         audio.c:  567 rtp_audio_process_capture()] (re)sync to timestamp:0 seq:27330 ts_offset:0 SSRC:3076146323
[W][13:55:54.632558] mod.rtp-sink | [         audio.c:  553 rtp_audio_process_capture()] timestamp: expected 128 != actual 0
[I][13:55:54.632568] mod.rtp-sink | [         audio.c:  567 rtp_audio_process_capture()] (re)sync to timestamp:0 seq:27332 ts_offset:0 SSRC:3076146323
[W][13:55:54.635054] mod.rtp-sink | [         audio.c:  553 rtp_audio_process_capture()] timestamp: expected 128 != actual 0
[I][13:55:54.635065] mod.rtp-sink | [         audio.c:  567 rtp_audio_process_capture()] (re)sync to timestamp:0 seq:27334 ts_offset:0 SSRC:3076146323
[W][13:55:54.637798] mod.rtp-sink | [         audio.c:  553 rtp_audio_process_capture()] timestamp: expected 128 != actual 0
[I][13:55:54.637805] mod.rtp-sink | [         audio.c:  567 rtp_audio_process_capture()] (re)sync to timestamp:0 seq:27336 ts_offset:0 SSRC:3076146323
[W][13:55:54.640548] mod.rtp-sink | [         audio.c:  553 rtp_audio_process_capture()] timestamp: expected 128 != actual 0
[I][13:55:54.640555] mod.rtp-sink | [         audio.c:  567 rtp_audio_process_capture()] (re)sync to timestamp:0 seq:27338 ts_offset:0 SSRC:3076146323
[W][13:55:54.643048] mod.rtp-sink | [         audio.c:  553 rtp_audio_process_capture()] timestamp: expected 128 != actual 0
[I][13:55:54.643058] mod.rtp-sink | [         audio.c:  567 rtp_audio_process_capture()] (re)sync to timestamp:0 seq:27340 ts_offset:0 SSRC:3076146323
[W][13:55:54.645804] mod.rtp-sink | [         audio.c:  553 rtp_audio_process_capture()] timestamp: expected 128 != actual 0
[I][13:55:54.645814] mod.rtp-sink | [         audio.c:  567 rtp_audio_process_capture()] (re)sync to timestamp:0 seq:27342 ts_offset:0 SSRC:3076146323
[W][13:55:54.648548] mod.rtp-sink | [         audio.c:  553 rtp_audio_process_capture()] timestamp: expected 128 != actual 0
[I][13:55:54.648557] mod.rtp-sink | [         audio.c:  567 rtp_audio_process_capture()] (re)sync to timestamp:0 seq:27344 ts_offset:0 SSRC:3076146323
[W][13:55:54.651044] mod.rtp-sink | [         audio.c:  553 rtp_audio_process_capture()] timestamp: expected 128 != actual 0
[I][13:55:54.651052] mod.rtp-sink | [         audio.c:  567 rtp_audio_process_capture()] (re)sync to timestamp:0 seq:27346 ts_offset:0 SSRC:3076146323
[W][13:55:54.653800] mod.rtp-sink | [         audio.c:  553 rtp_audio_process_capture()] timestamp: expected 128 != actual 0
[I][13:55:54.653809] mod.rtp-sink | [         audio.c:  567 rtp_audio_process_capture()] (re)sync to timestamp:0 seq:27348 ts_offset:0 SSRC:3076146323
[W][13:55:54.656541] mod.rtp-sink | [         audio.c:  553 rtp_audio_process_capture()] timestamp: expected 128 != actual 0
[I][13:55:54.656548] mod.rtp-sink | [         audio.c:  567 rtp_audio_process_capture()] (re)sync to timestamp:0 seq:27350 ts_offset:0 SSRC:3076146323
[W][13:55:54.659054] mod.rtp-sink | [         audio.c:  553 rtp_audio_process_capture()] timestamp: expected 128 != actual 0
[I][13:55:54.659065] mod.rtp-sink | [         audio.c:  567 rtp_audio_process_capture()] (re)sync to timestamp:0 seq:27352 ts_offset:0 SSRC:3076146323
[W][13:55:54.661793] mod.rtp-sink | [         audio.c:  553 rtp_audio_process_capture()] timestamp: expected 128 != actual 0
[I][13:55:54.661804] mod.rtp-sink | [         audio.c:  567 rtp_audio_process_capture()] (re)sync to timestamp:0 seq:27354 ts_offset:0 SSRC:3076146323
[W][13:55:54.664535] mod.rtp-sink | [         audio.c:  553 rtp_audio_process_capture()] timestamp: expected 128 != actual 0
[I][13:55:54.664542] mod.rtp-sink | [         audio.c:  567 rtp_audio_process_capture()] (re)sync to timestamp:0 seq:27356 ts_offset:0 SSRC:3076146323
[W][13:55:54.667038] mod.rtp-sink | [         audio.c:  553 rtp_audio_process_capture()] timestamp: expected 128 != actual 0
[I][13:55:54.667045] mod.rtp-sink | [         audio.c:  567 rtp_audio_process_capture()] (re)sync to timestamp:0 seq:27358 ts_offset:0 SSRC:3076146323
[W][13:55:54.669786] mod.rtp-sink | [         audio.c:  553 rtp_audio_process_capture()] timestamp: expected 128 != actual 0
[I][13:55:54.669794] mod.rtp-sink | [         audio.c:  567 rtp_audio_process_capture()] (re)sync to timestamp:0 seq:27360 ts_offset:0 SSRC:3076146323
[W][13:55:54.672535] mod.rtp-sink | [         audio.c:  553 rtp_audio_process_capture()] timestamp: expected 128 != actual 0
[I][13:55:54.672541] mod.rtp-sink | [         audio.c:  567 rtp_audio_process_capture()] (re)sync to timestamp:0 seq:27362 ts_offset:0 SSRC:3076146323
[W][13:55:54.675034] mod.rtp-sink | [         audio.c:  553 rtp_audio_process_capture()] timestamp: expected 128 != actual 0
[I][13:55:54.675041] mod.rtp-sink | [         audio.c:  567 rtp_audio_process_capture()] (re)sync to timestamp:0 seq:27364 ts_offset:0 SSRC:3076146323
[W][13:55:54.677785] mod.rtp-sink | [         audio.c:  553 rtp_audio_process_capture()] timestamp: expected 128 != actual 0
[I][13:55:54.677793] mod.rtp-sink | [         audio.c:  567 rtp_audio_process_capture()] (re)sync to timestamp:0 seq:27366 ts_offset:0 SSRC:3076146323
[W][13:55:54.680537] mod.rtp-sink | [         audio.c:  553 rtp_audio_process_capture()] timestamp: expected 128 != actual 0
[I][13:55:54.680547] mod.rtp-sink | [         audio.c:  567 rtp_audio_process_capture()] (re)sync to timestamp:0 seq:27368 ts_offset:0 SSRC:3076146323
[W][13:55:54.683033] mod.rtp-sink | [         audio.c:  553 rtp_audio_process_capture()] timestamp: expected 128 != actual 0
[I][13:55:54.683043] mod.rtp-sink | [         audio.c:  567 rtp_audio_process_capture()] (re)sync to timestamp:0 seq:27370 ts_offset:0 SSRC:3076146323
[W][13:55:54.685777] mod.rtp-sink | [         audio.c:  553 rtp_audio_process_capture()] timestamp: expected 128 != actual 0
[I][13:55:54.685785] mod.rtp-sink | [         audio.c:  567 rtp_audio_process_capture()] (re)sync to timestamp:0 seq:27372 ts_offset:0 SSRC:3076146323
[W][13:55:54.688526] mod.rtp-sink | [         audio.c:  553 rtp_audio_process_capture()] timestamp: expected 128 != actual 0
[I][13:55:54.688532] mod.rtp-sink | [         audio.c:  567 rtp_audio_process_capture()] (re)sync to timestamp:0 seq:27374 ts_offset:0 SSRC:3076146323
[W][13:55:54.691028] mod.rtp-sink | [         audio.c:  553 rtp_audio_process_capture()] timestamp: expected 128 != actual 0
[I][13:55:54.691035] mod.rtp-sink | [         audio.c:  567 rtp_audio_process_capture()] (re)sync to timestamp:0 seq:27376 ts_offset:0 SSRC:3076146323
[W][13:55:54.693787] mod.rtp-sink | [         audio.c:  553 rtp_audio_process_capture()] timestamp: expected 128 != actual 0
[I][13:55:54.693798] mod.rtp-sink | [         audio.c:  567 rtp_audio_process_capture()] (re)sync to timestamp:0 seq:27378 ts_offset:0 SSRC:3076146323
[W][13:55:54.696540] mod.rtp-sink | [         audio.c:  553 rtp_audio_process_capture()] timestamp: expected 128 != actual 0
[I][13:55:54.696554] mod.rtp-sink | [         audio.c:  567 rtp_audio_process_capture()] (re)sync to timestamp:0 seq:27380 ts_offset:0 SSRC:3076146323
[W][13:55:54.699029] mod.rtp-sink | [         audio.c:  553 rtp_audio_process_capture()] timestamp: expected 128 != actual 0
[I][13:55:54.699043] mod.rtp-sink | [         audio.c:  567 rtp_audio_process_capture()] (re)sync to timestamp:0 seq:27382 ts_offset:0 SSRC:3076146323
[W][13:55:54.701771] mod.rtp-sink | [         audio.c:  553 rtp_audio_process_capture()] timestamp: expected 128 != actual 0
[I][13:55:54.701780] mod.rtp-sink | [         audio.c:  567 rtp_audio_process_capture()] (re)sync to timestamp:0 seq:27384 ts_offset:0 SSRC:3076146323
[W][13:55:54.704518] mod.rtp-sink | [         audio.c:  553 rtp_audio_process_capture()] timestamp: expected 128 != actual 0
[I][13:55:54.704524] mod.rtp-sink | [         audio.c:  567 rtp_audio_process_capture()] (re)sync to timestamp:0 seq:27386 ts_offset:0 SSRC:3076146323
[W][13:55:54.707269] mod.rtp-sink | [         audio.c:  553 rtp_audio_process_capture()] timestamp: expected 128 != actual 0
[I][13:55:54.707275] mod.rtp-sink | [         audio.c:  567 rtp_audio_process_capture()] (re)sync to timestamp:0 seq:27388 ts_offset:0 SSRC:3076146323
[W][13:55:54.709766] mod.rtp-sink | [         audio.c:  553 rtp_audio_process_capture()] timestamp: expected 128 != actual 0
[I][13:55:54.709775] mod.rtp-sink | [         audio.c:  567 rtp_audio_process_capture()] (re)sync to timestamp:0 seq:27390 ts_offset:0 SSRC:3076146323
[W][13:55:54.712521] mod.rtp-sink | [         audio.c:  553 rtp_audio_process_capture()] timestamp: expected 128 != actual 0
[I][13:55:54.712530] mod.rtp-sink | [         audio.c:  567 rtp_audio_process_capture()] (re)sync to timestamp:0 seq:27392 ts_offset:0 SSRC:3076146323
[W][13:55:54.715271] mod.rtp-sink | [         audio.c:  553 rtp_audio_process_capture()] timestamp: expected 128 != actual 0
[I][13:55:54.715281] mod.rtp-sink | [         audio.c:  567 rtp_audio_process_capture()] (re)sync to timestamp:0 seq:27394 ts_offset:0 SSRC:3076146323
[W][13:55:54.717763] mod.rtp-sink | [         audio.c:  553 rtp_audio_process_capture()] timestamp: expected 128 != actual 0
[I][13:55:54.717771] mod.rtp-sink | [         audio.c:  567 rtp_audio_process_capture()] (re)sync to timestamp:0 seq:27396 ts_offset:0 SSRC:3076146323
[W][13:55:54.720510] mod.rtp-sink | [         audio.c:  553 rtp_audio_process_capture()] timestamp: expected 128 != actual 0
[I][13:55:54.720516] mod.rtp-sink | [         audio.c:  567 rtp_audio_process_capture()] (re)sync to timestamp:0 seq:27398 ts_offset:0 SSRC:3076146323
[W][13:55:54.723263] mod.rtp-sink | [         audio.c:  553 rtp_audio_process_capture()] timestamp: expected 128 != actual 0
[I][13:55:54.723270] mod.rtp-sink | [         audio.c:  567 rtp_audio_process_capture()] (re)sync to timestamp:0 seq:27400 ts_offset:0 SSRC:3076146323
[W][13:55:54.725765] mod.rtp-sink | [         audio.c:  553 rtp_audio_process_capture()] timestamp: expected 128 != actual 0
[I][13:55:54.725774] mod.rtp-sink | [         audio.c:  567 rtp_audio_process_capture()] (re)sync to timestamp:0 seq:27402 ts_offset:0 SSRC:3076146323
[W][13:55:54.728521] mod.rtp-sink | [         audio.c:  553 rtp_audio_process_capture()] timestamp: expected 128 != actual 0
[I][13:55:54.728534] mod.rtp-sink | [         audio.c:  567 rtp_audio_process_capture()] (re)sync to timestamp:0 seq:27404 ts_offset:0 SSRC:3076146323
[W][13:55:54.731261] mod.rtp-sink | [         audio.c:  553 rtp_audio_process_capture()] timestamp: expected 128 != actual 0
[I][13:55:54.731272] mod.rtp-sink | [         audio.c:  567 rtp_audio_process_capture()] (re)sync to timestamp:0 seq:27406 ts_offset:0 SSRC:3076146323
[W][13:55:54.733762] mod.rtp-sink | [         audio.c:  553 rtp_audio_process_capture()] timestamp: expected 128 != actual 0
[I][13:55:54.733774] mod.rtp-sink | [         audio.c:  567 rtp_audio_process_capture()] (re)sync to timestamp:0 seq:27408 ts_offset:0 SSRC:3076146323
[W][13:55:54.736504] mod.rtp-sink | [         audio.c:  553 rtp_audio_process_capture()] timestamp: expected 128 != actual 0
[I][13:55:54.736510] mod.rtp-sink | [         audio.c:  567 rtp_audio_process_capture()] (re)sync to timestamp:0 seq:27410 ts_offset:0 SSRC:3076146323
[W][13:55:54.739253] mod.rtp-sink | [         audio.c:  553 rtp_audio_process_capture()] timestamp: expected 128 != actual 0
[I][13:55:54.739258] mod.rtp-sink | [         audio.c:  567 rtp_audio_process_capture()] (re)sync to timestamp:0 seq:27412 ts_offset:0 SSRC:3076146323
[W][13:55:54.741758] mod.rtp-sink | [         audio.c:  553 rtp_audio_process_capture()] timestamp: expected 128 != actual 0
[I][13:55:54.741765] mod.rtp-sink | [         audio.c:  567 rtp_audio_process_capture()] (re)sync to timestamp:0 seq:27414 ts_offset:0 SSRC:3076146323
[W][13:55:54.744502] mod.rtp-sink | [         audio.c:  553 rtp_audio_process_capture()] timestamp: expected 128 != actual 0
[I][13:55:54.744511] mod.rtp-sink | [         audio.c:  567 rtp_audio_process_capture()] (re)sync to timestamp:0 seq:27416 ts_offset:0 SSRC:3076146323
[W][13:55:54.747253] mod.rtp-sink | [         audio.c:  553 rtp_audio_process_capture()] timestamp: expected 128 != actual 0
[I][13:55:54.747263] mod.rtp-sink | [         audio.c:  567 rtp_audio_process_capture()] (re)sync to timestamp:0 seq:27418 ts_offset:0 SSRC:3076146323
[W][13:55:54.749752] mod.rtp-sink | [         audio.c:  553 rtp_audio_process_capture()] timestamp: expected 128 != actual 0
[I][13:55:54.749759] mod.rtp-sink | [         audio.c:  567 rtp_audio_process_capture()] (re)sync to timestamp:0 seq:27420 ts_offset:0 SSRC:3076146323
[W][13:55:54.752497] mod.rtp-sink | [         audio.c:  553 rtp_audio_process_capture()] timestamp: expected 128 != actual 0
[I][13:55:54.752504] mod.rtp-sink | [         audio.c:  567 rtp_audio_process_capture()] (re)sync to timestamp:0 seq:27422 ts_offset:0 SSRC:3076146323
[W][13:55:54.755249] mod.rtp-sink | [         audio.c:  553 rtp_audio_process_capture()] timestamp: expected 128 != actual 0
[I][13:55:54.755256] mod.rtp-sink | [         audio.c:  567 rtp_audio_process_capture()] (re)sync to timestamp:0 seq:27424 ts_offset:0 SSRC:3076146323
[W][13:55:54.757744] mod.rtp-sink | [         audio.c:  553 rtp_audio_process_capture()] timestamp: expected 128 != actual 0
[I][13:55:54.757750] mod.rtp-sink | [         audio.c:  567 rtp_audio_process_capture()] (re)sync to timestamp:0 seq:27426 ts_offset:0 SSRC:3076146323
[W][13:55:54.760505] mod.rtp-sink | [         audio.c:  553 rtp_audio_process_capture()] timestamp: expected 128 != actual 0
[I][13:55:54.760511] mod.rtp-sink | [         audio.c:  567 rtp_audio_process_capture()] (re)sync to timestamp:0 seq:27428 ts_offset:0 SSRC:3076146323
[W][13:55:54.763258] mod.rtp-sink | [         audio.c:  553 rtp_audio_process_capture()] timestamp: expected 128 != actual 0
[I][13:55:54.763269] mod.rtp-sink | [         audio.c:  567 rtp_audio_process_capture()] (re)sync to timestamp:0 seq:27430 ts_offset:0 SSRC:3076146323
[I][13:55:54.765709] spa.loop     | [          loop.c:  264 loop_create_queue()] 0x5ffd079a6978 created queue 0x5ffd07afbc40 idx:0 0x7a2185ca7740
[I][13:55:54.765722] default      | [      pipewire.c:  131 main()] leave main loop
[W][13:55:54.765748] mod.rtp-sink | [         audio.c:  553 rtp_audio_process_capture()] timestamp: expected 128 != actual 0
[I][13:55:54.765750] mod.rtp-sink | [         audio.c:  567 rtp_audio_process_capture()] (re)sync to timestamp:0 seq:27432 ts_offset:0 SSRC:3076146323
[W][13:55:54.766170] pw.core      | [          core.c:  199 destroy_proxy()] 0x5ffd079bf920: leaked proxy 0x5ffd079d3c10 id:2
[I][13:55:54.766220] mod.rtp-sink | [        stream.c:  430 stream_stop()] closing connection as part of stopping the stream
[I][13:55:54.766227] mod.rtp-sink | [        stream.c:  458 stream_stop()] stream stopped
[I][13:55:54.766270] pw.node      | [     impl-node.c:  503 node_update_state()] (rtp-sink-95) running -> suspended
[I][13:55:54.766304] mod.rtp-sink | [        stream.c:  471 on_stream_state_changed()] stream disconnected
[I][13:55:54.766310] pw.node      | [     impl-node.c: 2411 pw_impl_node_destroy()] (rtp-sink-95) destroy
[I][13:55:54.766456] pw.context   | [       context.c:  828 pw_context_release_loop()] release name:'data-loop.0' class:'data.rt' last_used:583203028838
[I][13:55:54.767243] pw.node      | [     impl-node.c: 1395 debug_xrun_graph()] (PTP0-Driver-97) graph xrun inactive (0 suppressed)
[I][13:55:54.767249] pw.node      | [     impl-node.c: 1405 debug_xrun_graph()] (-97) xrun state:0x7a2185c4a008 pending:0/0 s:589979607799 a:589979984019 f:589979984689 waiting:376220 process:670 status:triggered
[I][13:55:54.767274] pw.node      | [     impl-node.c:  503 node_update_state()] (PTP0-Driver-97) running -> suspended
[I][13:55:54.767298] pw.node      | [     impl-node.c: 2411 pw_impl_node_destroy()] (PTP0-Driver-97) destroy
[I][13:55:54.767330] pw.context   | [       context.c: 1448 pw_context_recalc_graph()] 0x5ffd079a70b0: busy:0 reason:active node destroy
[I][13:55:54.767363] pw.context   | [       context.c:  828 pw_context_release_loop()] release name:'data-loop.0' class:'data.rt' last_used:583203028838
